glacier_id,glacier_name,year,annual_balance,begin_date,end_date,pdd,solid_precip_mm,summer_temp_c,solid_precip_v2,rain_mm,total_precip_mm,n_days_in_window,window_estimated,role,lat,lon,rgi_id,rgi_region,elevation_med_m,area_km2,slope_deg,aspect_deg,annual_balance_unc
0,WHITE,1960,-0.404,1959-07-02,1960-08-20,49.09058583577536,148.69313467316658,-0.938728203793099,,,,,False,training_population,79.5146,-90.877,RGI60-03.04539,3,1169.0,40.51,13.5,141.0,0.1
0,WHITE,1961,0.017,1960-08-20,1961-08-03,10.523731994629031,209.75987151190623,-4.088417342671154,,,,,False,training_population,79.5146,-90.877,RGI60-03.04539,3,1169.0,40.51,13.5,141.0,0.1
0,WHITE,1962,-0.781,1961-08-03,1962-08-22,67.2203655242929,169.9659430292293,-2.801391636757601,,,,,False,training_population,79.5146,-90.877,RGI60-03.04539,3,1169.0,40.51,13.5,141.0,0.1
0,WHITE,1963,-0.155,1962-08-22,1963-08-25,17.421374003092808,219.23035255857928,-4.298966126971753,,,,,False,training_population,79.5146,-90.877,RGI60-03.04539,3,1169.0,40.51,13.5,141.0,0.1
0,WHITE,1964,0.35,1963-08-25,1964-08-22,5.083721160888786,291.9386256298395,-5.140855775056039,,,,,False,training_population,79.5146,-90.877,RGI60-03.04539,3,1169.0,40.51,13.5,141.0,0.1
0,WHITE,1965,-0.012,1964-08-22,1965-08-25,3.4633165995281274,165.20994167896674,-4.942083813084473,,,,,False,training_population,79.5146,-90.877,RGI60-03.04539,3,1169.0,40.51,13.5,141.0,0.1
0,WHITE,1966,-0.025,1965-08-25,1966-08-26,5.388664245605639,216.73494575850327,-4.704936179032538,,,,,False,training_population,79.5146,-90.877,RGI60-03.04539,3,1169.0,40.51,13.5,141.0,0.1
0,WHITE,1967,0.118,1966-08-26,1967-08-23,5.135730234781988,255.22376959597185,-4.954369318926756,,,,,False,training_population,79.5146,-90.877,RGI60-03.04539,3,1169.0,40.51,13.5,141.0,0.1
0,WHITE,1968,-0.408,1967-08-23,1968-08-25,13.17206687927262,141.28237208474914,-3.830064097621961,,,,,False,training_population,79.5146,-90.877,RGI60-03.04539,3,1169.0,40.51,13.5,141.0,0.1
0,WHITE,1969,0.072,1968-08-25,1969-08-22,16.40013478597035,235.65792656058093,-4.260139677259635,,,,,False,training_population,79.5146,-90.877,RGI60-03.04539,3,1169.0,40.51,13.5,141.0,0.1
0,WHITE,1970,-0.004,1969-08-22,1970-08-20,4.854248174031625,189.0314103393642,-4.929236370827226,,,,,False,training_population,79.5146,-90.877,RGI60-03.04539,3,1169.0,40.51,13.5,141.0,0.1
0,WHITE,1971,-0.183,1970-08-20,1971-08-22,12.636075592041491,254.67682897196292,-3.4897244905170384,,,,,False,training_population,79.5146,-90.877,RGI60-03.04539,3,1169.0,40.51,13.5,141.0,0.1
0,WHITE,1972,0.118,1971-08-22,1972-08-21,1.887886174519906,193.69886716272333,-6.076031430562311,,,,,False,training_population,79.5146,-90.877,RGI60-03.04539,3,1169.0,40.51,13.5,141.0,0.1
0,WHITE,1973,0.191,1972-08-21,1973-09-13,11.761463928222838,277.48837202080523,-4.149308484271868,,,,,False,training_population,79.5146,-90.877,RGI60-03.04539,3,1169.0,40.51,13.5,141.0,0.1
0,WHITE,1974,-0.044,1973-09-13,1974-08-24,19.23330866495792,153.42575103547065,-5.00563683603322,,,,,False,training_population,79.5146,-90.877,RGI60-03.04539,3,1169.0,40.51,13.5,141.0,0.1
0,WHITE,1975,0.251,1974-08-24,1975-08-18,0.6145835876465071,261.8750431128305,-3.818761666250389,,,,,False,training_population,79.5146,-90.877,RGI60-03.04539,3,1169.0,40.51,13.5,141.0,0.1
0,WHITE,1976,0.114,1975-07-02,1976-07-01,0.0,329.8964623357108,-5.72419775534365,,,,,False,training_population,79.5146,-90.877,RGI60-03.04539,3,1169.0,40.51,13.5,141.0,0.1
0,WHITE,1977,-0.37,1976-07-01,1977-07-02,32.49662259419779,148.01963032998344,-4.8788403477228925,,,,,False,training_population,79.5146,-90.877,RGI60-03.04539,3,1169.0,40.51,13.5,141.0,0.1
0,WHITE,1978,-0.131,1977-07-02,1978-07-02,21.741542561849315,185.0421795469046,-4.422758107886068,,,,,False,training_population,79.5146,-90.877,RGI60-03.04539,3,1169.0,40.51,13.5,141.0,0.1
0,WHITE,1979,-0.087,1978-07-02,1979-07-02,9.850570042928382,193.5195013818749,-4.787949933287896,,,,,False,training_population,79.5146,-90.877,RGI60-03.04539,3,1169.0,40.51,13.5,141.0,0.1
0,WHITE,1983,-0.076,1982-07-02,1983-07-02,9.85711161295592,250.58273997443337,-4.404500939427289,,,,,False,training_population,79.5146,-90.877,RGI60-03.04539,3,1169.0,40.51,13.5,141.0,0.1
0,WHITE,1984,-0.044,1983-07-02,1984-07-01,15.079479980469046,246.84933726247132,-3.142734425309754,,,,,False,training_population,79.5146,-90.877,RGI60-03.04539,3,1169.0,40.51,13.5,141.0,0.1
0,WHITE,1985,0.001,1984-07-01,1985-07-02,13.668710199992006,240.63136764598525,-4.405927654022844,,,,,False,training_population,79.5146,-90.877,RGI60-03.04539,3,1169.0,40.51,13.5,141.0,0.1
0,WHITE,1986,-0.243,1985-07-02,1986-07-02,8.326320266723883,215.66342723928847,-5.292346023231402,,,,,False,training_population,79.5146,-90.877,RGI60-03.04539,3,1169.0,40.51,13.5,141.0,0.1
0,WHITE,1987,-0.594,1986-07-02,1987-07-02,10.875704447428518,184.461279435169,-5.142372266707856,,,,,False,training_population,79.5146,-90.877,RGI60-03.04539,3,1169.0,40.51,13.5,141.0,0.1
0,WHITE,1988,0.14,1987-07-02,1988-07-01,3.809360504150504,186.6230716384294,-4.161333541593666,,,,,False,training_population,79.5146,-90.877,RGI60-03.04539,3,1169.0,40.51,13.5,141.0,0.1
0,WHITE,1989,0.04,1988-07-01,1989-07-02,47.02177060445217,287.26413552155,-3.441142416338524,,,,,False,training_population,79.5146,-90.877,RGI60-03.04539,3,1169.0,40.51,13.5,141.0,0.1
0,WHITE,1990,-0.431,1989-07-02,1990-07-02,27.739642206828137,234.17159701901724,-3.280253863590998,,,,,False,training_population,79.5146,-90.877,RGI60-03.04539,3,1169.0,40.51,13.5,141.0,0.1
0,WHITE,1991,-0.16,1990-07-02,1991-07-02,4.985377502441509,189.10780577528288,-3.892672773244967,,,,,False,training_population,79.5146,-90.877,RGI60-03.04539,3,1169.0,40.51,13.5,141.0,0.1
0,WHITE,1992,-0.274,1991-10-01,1992-09-30,3.376173400878997,232.13931152762515,-5.168960897473299,,,,,True,training_population,79.5146,-90.877,RGI60-03.04539,3,1169.0,40.51,13.5,141.0,0.1
0,WHITE,1993,-0.423,1992-10-01,1993-09-30,34.143097813924726,175.27645249075974,-3.415176448269143,,,,,True,training_population,79.5146,-90.877,RGI60-03.04539,3,1169.0,40.51,13.5,141.0,0.1
0,WHITE,1994,-0.276,1993-10-01,1994-09-30,27.533210245768544,363.1592460912465,-3.258736183332338,,,,,True,training_population,79.5146,-90.877,RGI60-03.04539,3,1169.0,40.51,13.5,141.0,0.1
0,WHITE,1995,-0.347,1994-10-01,1995-09-30,27.140808105469148,188.50731568419832,-3.0236855465432657,,,,,True,training_population,79.5146,-90.877,RGI60-03.04539,3,1169.0,40.51,13.5,141.0,0.1
0,WHITE,1996,0.05,1995-07-02,1996-07-01,34.26414031982466,236.96317341292783,-3.7339027805604585,,,,,False,training_population,79.5146,-90.877,RGI60-03.04539,3,1169.0,40.51,13.5,141.0,0.1
0,WHITE,1997,-0.038,1996-07-01,1997-07-02,2.2533223470052803,238.13196072073595,-5.369463267224877,,,,,False,training_population,79.5146,-90.877,RGI60-03.04539,3,1169.0,40.51,13.5,141.0,0.1
0,WHITE,1998,-0.201,1997-07-02,1998-07-02,9.025375111897972,272.5777897295103,-4.132937741023216,,,,,False,training_population,79.5146,-90.877,RGI60-03.04539,3,1169.0,40.51,13.5,141.0,0.1
0,WHITE,1999,-0.47,1998-07-02,1999-07-02,35.744604110718114,193.14347612698057,-3.480283496542193,,,,,False,training_population,79.5146,-90.877,RGI60-03.04539,3,1169.0,40.51,13.5,141.0,0.1
0,WHITE,2000,-0.405,1999-10-01,2000-09-30,21.40915819803905,238.16950752501853,-4.433965974614215,,,,,True,training_population,79.5146,-90.877,RGI60-03.04539,3,1169.0,40.51,13.5,141.0,0.1
0,WHITE,2001,-0.151,2000-10-01,2001-09-30,29.748053741455465,209.30540667532327,-3.986601236592145,,,,,True,training_population,79.5146,-90.877,RGI60-03.04539,3,1169.0,40.51,13.5,141.0,0.1
0,WHITE,2002,0.032,2001-10-01,2002-09-30,1.1437188466390469,304.66508183808475,-4.1706973863684365,,,,,True,training_population,79.5146,-90.877,RGI60-03.04539,3,1169.0,40.51,13.5,141.0,0.1
0,WHITE,2003,-0.106,2002-10-01,2003-09-30,17.749478276570983,257.79553948409625,-4.455107296376967,,,,,True,training_population,79.5146,-90.877,RGI60-03.04539,3,1169.0,40.51,13.5,141.0,0.1
0,WHITE,2004,0.037,2003-10-01,2004-09-30,4.247999191284293,211.5436163473987,-4.972482889977032,,,,,True,training_population,79.5146,-90.877,RGI60-03.04539,3,1169.0,40.51,13.5,141.0,0.1
0,WHITE,2005,-0.612,2004-10-01,2005-09-30,20.3859171549484,209.6610116672117,-2.0649683040121145,,,,,True,training_population,79.5146,-90.877,RGI60-03.04539,3,1169.0,40.51,13.5,141.0,0.1
0,WHITE,2006,-0.093,2005-10-01,2006-09-30,17.633531061808583,197.9694635037568,-3.92947005672729,,,,,True,training_population,79.5146,-90.877,RGI60-03.04539,3,1169.0,40.51,13.5,141.0,0.1
0,WHITE,2007,-0.818,2006-10-01,2007-09-30,62.3384272257494,165.15517988215933,-1.8019437665524487,,,,,True,training_population,79.5146,-90.877,RGI60-03.04539,3,1169.0,40.51,13.5,141.0,0.1
0,WHITE,2008,-0.807,2007-10-01,2008-09-30,78.79086011250882,130.5219794796315,-2.032000840228513,,,,,True,training_population,79.5146,-90.877,RGI60-03.04539,3,1169.0,40.51,13.5,141.0,0.1
0,WHITE,2009,-0.586,2008-10-01,2009-09-30,65.00580139160223,222.77540470088297,-1.8985961361207595,,,,,True,training_population,79.5146,-90.877,RGI60-03.04539,3,1169.0,40.51,13.5,141.0,0.1
0,WHITE,2010,-0.194,2009-10-01,2010-09-30,51.69184354146364,243.73422554766577,-2.1001981044160924,,,,,True,training_population,79.5146,-90.877,RGI60-03.04539,3,1169.0,40.51,13.5,141.0,0.1
0,WHITE,2011,-0.987,2010-10-01,2011-09-30,139.8588150024426,197.1383893875398,-0.2898639955382203,,,,,True,training_population,79.5146,-90.877,RGI60-03.04539,3,1169.0,40.51,13.5,141.0,0.1
0,WHITE,2012,-0.951,2011-10-01,2012-09-30,97.58832486470608,206.1054829674944,-1.2036225913227256,,,,,True,training_population,79.5146,-90.877,RGI60-03.04539,3,1169.0,40.51,13.5,141.0,0.1
0,WHITE,2013,0.045,2012-10-01,2013-09-30,10.047034072876215,251.679869288612,-5.88236246385434,,,,,True,training_population,79.5146,-90.877,RGI60-03.04539,3,1169.0,40.51,13.5,141.0,0.1
0,WHITE,2014,-0.417,2013-10-01,2014-09-30,6.464919153849507,172.41906736213153,-3.954208022960696,,,,,False,training_population,79.5146,-90.877,RGI60-03.04539,3,1169.0,40.51,13.5,141.0,0.1
0,WHITE,2015,-0.693,2014-10-01,2015-09-30,99.99251785278416,168.48522142183242,-1.8434281086575923,,,,,False,training_population,79.5146,-90.877,RGI60-03.04539,3,1169.0,40.51,13.5,141.0,0.1
0,WHITE,2016,-0.268,2015-10-01,2016-09-30,55.85339368184492,284.82035776217884,-2.418300871918144,,,,,False,training_population,79.5146,-90.877,RGI60-03.04539,3,1169.0,40.51,13.5,141.0,0.1
0,WHITE,2017,0.116,2016-10-01,2017-09-30,22.450636291504225,267.62406601022093,-4.124807925846242,,,,,False,training_population,79.5146,-90.877,RGI60-03.04539,3,1169.0,40.51,13.5,141.0,0.1
0,WHITE,2018,0.008,2017-10-01,2018-09-30,7.253422419230276,238.1555025515389,-4.136580779586987,,,,,False,training_population,79.5146,-90.877,RGI60-03.04539,3,1169.0,40.51,13.5,141.0,0.1
0,WHITE,2019,-0.799,2018-10-01,2019-10-16,91.82768681844168,238.09039702644696,-1.2651428568190193,,,,,False,training_population,79.5146,-90.877,RGI60-03.04539,3,1169.0,40.51,13.5,141.0,0.1
0,WHITE,2020,-0.552,2019-10-01,2020-10-16,110.37357203165776,209.353857926704,-1.4277457099029771,,,,,False,training_population,79.5146,-90.877,RGI60-03.04539,3,1169.0,40.51,13.5,141.0,0.1
0,WHITE,2021,-0.107,2020-10-01,2021-09-30,7.000883611043491,222.26411822837372,-3.1317592164744297,,,,,False,training_population,79.5146,-90.877,RGI60-03.04539,3,1169.0,40.51,13.5,141.0,0.1
0,WHITE,2022,-0.472,2021-07-02,2022-07-02,9.51001650492367,257.1574203261733,-3.7672034082446695,,,,,False,training_population,79.5146,-90.877,RGI60-03.04539,3,1169.0,40.51,13.5,141.0,0.1
0,WHITE,2023,-0.653,2022-10-01,2023-09-30,85.75900370280038,218.609846788965,-1.8668343447256528,,,,,False,training_population,79.5146,-90.877,RGI60-03.04539,3,1169.0,40.51,13.5,141.0,0.1
0,WHITE,2024,-0.321,2023-10-01,2024-09-30,34.05093612670936,285.2657458683084,-2.730404530400793,,,,,False,training_population,79.5146,-90.877,RGI60-03.04539,3,1169.0,40.51,13.5,141.0,0.1
0,WHITE,2025,-0.078,2024-07-01,2025-07-02,31.811310577392987,361.8365645081951,-3.526166668344027,,,,,False,training_population,79.5146,-90.877,RGI60-03.04539,3,1169.0,40.51,13.5,141.0,0.1
16,MEIGHEN ICE CAP,1960,-0.75,1959-10-01,1960-09-30,60.163238525392046,141.63243696459915,0.1735734027365213,,,,,True,training_population,79.949997,-99.129997,RGI60-03.00691,3,146.0,92.926,6.6,326.0,0.1
16,MEIGHEN ICE CAP,1961,-0.11,1960-10-01,1961-09-30,50.69312451680628,215.32232058835632,-0.3899122265801694,,,,,True,training_population,79.949997,-99.129997,RGI60-03.00691,3,146.0,92.926,6.6,326.0,0.1
16,MEIGHEN ICE CAP,1962,-0.97,1961-10-01,1962-09-30,58.47486000061167,208.98247184951657,0.0971352314603706,,,,,True,training_population,79.949997,-99.129997,RGI60-03.00691,3,146.0,92.926,6.6,326.0,0.1
16,MEIGHEN ICE CAP,1963,-0.2,1962-10-01,1963-09-30,49.23041877746709,217.8560922564969,-0.0575002739394682,,,,,True,training_population,79.949997,-99.129997,RGI60-03.00691,3,146.0,92.926,6.6,326.0,0.1
16,MEIGHEN ICE CAP,1964,0.36,1963-10-01,1964-09-30,38.19330774943177,249.64405037846404,-0.0078553614408833,,,,,True,training_population,79.949997,-99.129997,RGI60-03.00691,3,146.0,92.926,6.6,326.0,0.1
16,MEIGHEN ICE CAP,1965,0.06,1964-10-01,1965-09-30,28.33508338928317,172.83808154599356,-0.2214868255283312,,,,,True,training_population,79.949997,-99.129997,RGI60-03.00691,3,146.0,92.926,6.6,326.0,0.1
16,MEIGHEN ICE CAP,1966,-0.07,1965-10-01,1966-09-30,43.82136840820414,229.96433866059365,-0.165874980152496,,,,,True,training_population,79.949997,-99.129997,RGI60-03.00691,3,146.0,92.926,6.6,326.0,0.1
16,MEIGHEN ICE CAP,1967,-0.05,1966-10-01,1967-09-30,28.600373458863373,231.0017321009532,-0.4080739933511257,,,,,True,training_population,79.949997,-99.129997,RGI60-03.00691,3,146.0,92.926,6.6,326.0,0.1
16,MEIGHEN ICE CAP,1968,0.05,1967-10-01,1968-09-30,35.06563326517892,209.3356609900745,0.0286442632260751,,,,,True,training_population,79.949997,-99.129997,RGI60-03.00691,3,146.0,92.926,6.6,326.0,0.1
16,MEIGHEN ICE CAP,1969,0.11,1968-10-01,1969-09-30,44.72910804748659,278.3750680088275,-0.2988209807354255,,,,,True,training_population,79.949997,-99.129997,RGI60-03.00691,3,146.0,92.926,6.6,326.0,0.1
16,MEIGHEN ICE CAP,1970,-0.01,1969-10-01,1970-09-30,29.883380508423897,193.9515815878856,-0.4489967249441606,,,,,True,training_population,79.949997,-99.129997,RGI60-03.00691,3,146.0,92.926,6.6,326.0,0.1
16,MEIGHEN ICE CAP,1971,-0.42,1970-10-01,1971-09-30,46.355929056804655,237.14101231069407,-0.0536322261975956,,,,,True,training_population,79.949997,-99.129997,RGI60-03.00691,3,146.0,92.926,6.6,326.0,0.1
16,MEIGHEN ICE CAP,1972,0.03,1971-10-01,1972-09-30,28.34574801127212,205.141810538791,-0.7051726230676401,,,,,True,training_population,79.949997,-99.129997,RGI60-03.00691,3,146.0,92.926,6.6,326.0,0.1
16,MEIGHEN ICE CAP,1973,0.03,1972-10-01,1973-09-30,53.92390874227039,264.1241141263215,0.3722808381785738,,,,,True,training_population,79.949997,-99.129997,RGI60-03.00691,3,146.0,92.926,6.6,326.0,0.1
16,MEIGHEN ICE CAP,1974,-0.03,1973-10-01,1974-09-30,30.70999132792241,191.03166676476133,-1.3556672193001786,,,,,True,training_population,79.949997,-99.129997,RGI60-03.00691,3,146.0,92.926,6.6,326.0,0.1
16,MEIGHEN ICE CAP,1975,0.08,1974-10-01,1975-09-30,39.787993367514446,313.52073514035084,-0.2114832035009174,,,,,True,training_population,79.949997,-99.129997,RGI60-03.00691,3,146.0,92.926,6.6,326.0,0.1
16,MEIGHEN ICE CAP,1976,0.08,1975-07-02,1976-07-01,33.28720715840791,330.1392140176169,-0.4650513275809652,,,,,False,training_population,79.949997,-99.129997,RGI60-03.00691,3,146.0,92.926,6.6,326.0,0.1
16,MEIGHEN ICE CAP,1977,-0.24,1976-07-01,1977-07-02,30.89997965494905,207.66737184751705,-0.2056987600123413,,,,,False,training_population,79.949997,-99.129997,RGI60-03.00691,3,146.0,92.926,6.6,326.0,0.1
16,MEIGHEN ICE CAP,1978,-0.09,1977-07-02,1978-07-02,26.645523198446824,226.70249566354173,-0.7313711091181467,,,,,False,training_population,79.949997,-99.129997,RGI60-03.00691,3,146.0,92.926,6.6,326.0,0.1
16,MEIGHEN ICE CAP,1979,-0.005,1978-10-01,1979-09-30,25.526450983684413,205.13040192041743,-0.7061529173367029,,,,,True,training_population,79.949997,-99.129997,RGI60-03.00691,3,146.0,92.926,6.6,326.0,0.1
16,MEIGHEN ICE CAP,1980,-0.005,1979-07-02,1980-07-01,32.39830322265772,200.52834890459792,-0.5165524565655006,,,,,False,training_population,79.949997,-99.129997,RGI60-03.00691,3,146.0,92.926,6.6,326.0,0.1
16,MEIGHEN ICE CAP,1981,-0.17,1980-07-01,1981-07-02,24.12439231872662,295.50556161547803,-0.2773105837774385,,,,,False,training_population,79.949997,-99.129997,RGI60-03.00691,3,146.0,92.926,6.6,326.0,0.1
16,MEIGHEN ICE CAP,1982,0.16,1981-07-02,1982-07-02,45.58733482360958,280.29341908872493,-0.3190681553228564,,,,,False,training_population,79.949997,-99.129997,RGI60-03.00691,3,146.0,92.926,6.6,326.0,0.1
16,MEIGHEN ICE CAP,1983,-0.25,1982-07-02,1983-07-02,23.418423080445223,261.6969426468394,-0.1592542436387592,,,,,False,training_population,79.949997,-99.129997,RGI60-03.00691,3,146.0,92.926,6.6,326.0,0.1
16,MEIGHEN ICE CAP,1984,0.23,1983-07-02,1984-07-01,41.7245019276952,277.67796671527026,0.2053508399189626,,,,,False,training_population,79.949997,-99.129997,RGI60-03.00691,3,146.0,92.926,6.6,326.0,0.1
16,MEIGHEN ICE CAP,1985,-0.03,1984-07-01,1985-07-02,38.262516530356095,240.7162261302851,-0.0461526789563552,,,,,False,training_population,79.949997,-99.129997,RGI60-03.00691,3,146.0,92.926,6.6,326.0,0.1
16,MEIGHEN ICE CAP,1986,0.25,1985-07-02,1986-07-02,40.96940612793088,235.362035876161,-0.5705237016028175,,,,,False,training_population,79.949997,-99.129997,RGI60-03.00691,3,146.0,92.926,6.6,326.0,0.1
16,MEIGHEN ICE CAP,1987,-0.18,1986-07-02,1987-07-02,23.631829071046297,232.11828643498572,-0.4460018239995232,,,,,False,training_population,79.949997,-99.129997,RGI60-03.00691,3,146.0,92.926,6.6,326.0,0.1
16,MEIGHEN ICE CAP,1988,-0.29,1987-07-02,1988-07-01,26.217620722453887,239.43725731674093,-0.1464975757875091,,,,,False,training_population,79.949997,-99.129997,RGI60-03.00691,3,146.0,92.926,6.6,326.0,0.1
16,MEIGHEN ICE CAP,1989,0.29,1988-07-01,1989-07-02,44.5137809753432,332.23440651661565,-0.0149395475996062,,,,,False,training_population,79.949997,-99.129997,RGI60-03.00691,3,146.0,92.926,6.6,326.0,0.1
16,MEIGHEN ICE CAP,1990,-0.21,1989-07-02,1990-07-02,42.934663136801305,292.7889319742327,0.1606308530308658,,,,,False,training_population,79.949997,-99.129997,RGI60-03.00691,3,146.0,92.926,6.6,326.0,0.1
16,MEIGHEN ICE CAP,1991,-0.22,1990-10-01,1991-09-30,53.02637545267851,226.00361672377645,0.326538015448549,,,,,True,training_population,79.949997,-99.129997,RGI60-03.00691,3,146.0,92.926,6.6,326.0,0.1
16,MEIGHEN ICE CAP,1992,0.01,1991-10-01,1992-09-30,38.327373123169934,262.7742809388778,-0.215155665079734,,,,,True,training_population,79.949997,-99.129997,RGI60-03.00691,3,146.0,92.926,6.6,326.0,0.1
16,MEIGHEN ICE CAP,1993,-0.59,1992-10-01,1993-09-30,34.68449401855577,165.1718415060195,-0.3055811909661526,,,,,True,training_population,79.949997,-99.129997,RGI60-03.00691,3,146.0,92.926,6.6,326.0,0.1
16,MEIGHEN ICE CAP,1994,-0.2,1993-10-01,1994-09-30,45.966735585532206,385.7673694281374,0.075915155549004,,,,,True,training_population,79.949997,-99.129997,RGI60-03.00691,3,146.0,92.926,6.6,326.0,0.1
16,MEIGHEN ICE CAP,1995,0.06,1994-10-01,1995-09-30,26.37595647176232,218.44488750721425,-0.3334716935088427,,,,,True,training_population,79.949997,-99.129997,RGI60-03.00691,3,146.0,92.926,6.6,326.0,0.1
16,MEIGHEN ICE CAP,1996,0.19,1995-07-02,1996-07-01,23.70736999511837,234.0746882607689,-0.6281642374784804,,,,,False,training_population,79.949997,-99.129997,RGI60-03.00691,3,146.0,92.926,6.6,326.0,0.1
16,MEIGHEN ICE CAP,1997,-0.06,1996-07-01,1997-07-02,24.96195755005016,266.5837176997137,-0.6553467446184922,,,,,False,training_population,79.949997,-99.129997,RGI60-03.00691,3,146.0,92.926,6.6,326.0,0.1
16,MEIGHEN ICE CAP,1998,-0.1,1997-07-02,1998-07-02,35.9621103922542,308.62206760016875,-0.3461328855124601,,,,,False,training_population,79.949997,-99.129997,RGI60-03.00691,3,146.0,92.926,6.6,326.0,0.1
16,MEIGHEN ICE CAP,1999,-0.35,1998-07-02,1999-07-02,38.376492691041165,215.35956089239505,-0.137944961875976,,,,,False,training_population,79.949997,-99.129997,RGI60-03.00691,3,146.0,92.926,6.6,326.0,0.1
16,MEIGHEN ICE CAP,2000,-0.49,1999-07-02,2000-07-01,37.65156135559198,178.31766122164794,-0.3326437383458011,,,,,False,training_population,79.949997,-99.129997,RGI60-03.00691,3,146.0,92.926,6.6,326.0,0.1
16,MEIGHEN ICE CAP,2001,0.01,2000-10-01,2001-09-30,30.050208536784737,232.84192474737964,-0.2975505897964056,,,,,True,training_population,79.949997,-99.129997,RGI60-03.00691,3,146.0,92.926,6.6,326.0,0.1
16,MEIGHEN ICE CAP,2002,0.08,2001-10-01,2002-09-30,36.131477101645146,248.80794515257065,0.0699412359707804,,,,,True,training_population,79.949997,-99.129997,RGI60-03.00691,3,146.0,92.926,6.6,326.0,0.1
16,MEIGHEN ICE CAP,2003,-0.53,2002-10-01,2003-09-30,51.94252599080522,263.3722463904178,0.0126944472824555,,,,,True,training_population,79.949997,-99.129997,RGI60-03.00691,3,146.0,92.926,6.6,326.0,0.1
16,MEIGHEN ICE CAP,2004,0.28,2003-10-01,2004-09-30,20.77813351949169,229.4091366595694,-0.2666661511296578,,,,,True,training_population,79.949997,-99.129997,RGI60-03.00691,3,146.0,92.926,6.6,326.0,0.1
16,MEIGHEN ICE CAP,2005,-0.38,2004-10-01,2005-09-30,28.31696001688755,184.0880961680149,-0.0588276365528708,,,,,True,training_population,79.949997,-99.129997,RGI60-03.00691,3,146.0,92.926,6.6,326.0,0.1
16,MEIGHEN ICE CAP,2006,-0.008,2005-09-01,2006-09-01,21.37031021118281,240.77824879405085,-0.4568023073500258,,,,,False,training_population,79.949997,-99.129997,RGI60-03.00691,3,146.0,92.926,6.6,326.0,0.1
16,MEIGHEN ICE CAP,2007,-0.518,2006-09-01,2007-09-01,28.11394691467393,215.15005606741863,-0.1434885398201093,,,,,False,training_population,79.949997,-99.129997,RGI60-03.00691,3,146.0,92.926,6.6,326.0,0.1
16,MEIGHEN ICE CAP,2008,-0.705,2007-09-01,2008-09-01,41.84918619791762,156.58203742541588,-0.3790272781814122,,,,,False,training_population,79.949997,-99.129997,RGI60-03.00691,3,146.0,92.926,6.6,326.0,0.1
16,MEIGHEN ICE CAP,2009,-0.676,2008-09-01,2009-09-01,56.28480389913062,177.11357185481802,0.2941192737524289,,,,,False,training_population,79.949997,-99.129997,RGI60-03.00691,3,146.0,92.926,6.6,326.0,0.1
16,MEIGHEN ICE CAP,2010,-0.387,2009-09-01,2010-09-01,37.83854662577437,269.5257922261192,0.0246860172437806,,,,,False,training_population,79.949997,-99.129997,RGI60-03.00691,3,146.0,92.926,6.6,326.0,0.1
16,MEIGHEN ICE CAP,2011,-1.31,2010-09-01,2011-09-01,69.38577906290811,215.91102582511823,0.2997373829717443,,,,,False,training_population,79.949997,-99.129997,RGI60-03.00691,3,146.0,92.926,6.6,326.0,0.1
16,MEIGHEN ICE CAP,2012,-1.117,2012-04-19,2013-04-18,53.73973388672033,202.7477787510605,0.3045419665350661,,,,,False,training_population,79.949997,-99.129997,RGI60-03.00691,3,146.0,92.926,6.6,326.0,0.1
16,MEIGHEN ICE CAP,2013,0.16,2012-09-01,2013-09-01,24.075793965658534,278.05551287216446,-1.1246587656546103,,,,,False,training_population,79.949997,-99.129997,RGI60-03.00691,3,146.0,92.926,6.6,326.0,0.1
16,MEIGHEN ICE CAP,2014,0.057,2013-09-01,2014-09-01,25.84023793538512,187.5493297971893,-0.2746532080829796,,,,,False,training_population,79.949997,-99.129997,RGI60-03.00691,3,146.0,92.926,6.6,326.0,0.1
16,MEIGHEN ICE CAP,2015,-0.892,2014-09-01,2015-09-01,58.42468910217423,208.3199725740741,0.1280649351037306,,,,,False,training_population,79.949997,-99.129997,RGI60-03.00691,3,146.0,92.926,6.6,326.0,0.1
16,MEIGHEN ICE CAP,2016,-0.791,2015-09-01,2016-09-01,63.04514261881656,290.6604947275824,0.2699642789536851,,,,,False,training_population,79.949997,-99.129997,RGI60-03.00691,3,146.0,92.926,6.6,326.0,0.1
16,MEIGHEN ICE CAP,2017,0.126,2016-09-01,2017-09-01,42.944679133098646,364.8595900680612,-0.1457712905994122,,,,,False,training_population,79.949997,-99.129997,RGI60-03.00691,3,146.0,92.926,6.6,326.0,0.1
16,MEIGHEN ICE CAP,2018,0.199,2017-09-01,2018-09-01,30.469262313844013,307.28364084473725,-0.0294605420983122,,,,,False,training_population,79.949997,-99.129997,RGI60-03.00691,3,146.0,92.926,6.6,326.0,0.1
16,MEIGHEN ICE CAP,2019,-0.956,2018-09-01,2019-09-01,63.67078603108854,206.94015153458523,0.4359122552733689,,,,,False,training_population,79.949997,-99.129997,RGI60-03.00691,3,146.0,92.926,6.6,326.0,0.1
16,MEIGHEN ICE CAP,2020,-0.726,2019-10-01,2020-09-30,46.292266718547694,250.042254048676,0.1695054081903223,,,,,True,training_population,79.949997,-99.129997,RGI60-03.00691,3,146.0,92.926,6.6,326.0,0.1
16,MEIGHEN ICE CAP,2021,-0.131,2021-05-17,2022-04-24,36.12851676941045,266.352015114002,0.0266243602918763,,,,,False,training_population,79.949997,-99.129997,RGI60-03.00691,3,146.0,92.926,6.6,326.0,0.1
16,MEIGHEN ICE CAP,2022,-0.451,2021-09-01,2022-09-01,44.14031740824538,213.16027241674007,0.0132384562838142,,,,,False,training_population,79.949997,-99.129997,RGI60-03.00691,3,146.0,92.926,6.6,326.0,0.1
16,MEIGHEN ICE CAP,2023,-0.615,2022-09-01,2023-08-31,49.735641606650006,220.18784882528664,0.1599813184876598,,,,,False,training_population,79.949997,-99.129997,RGI60-03.00691,3,146.0,92.926,6.6,326.0,0.1
16,MEIGHEN ICE CAP,2024,-0.198,2023-09-01,2024-08-31,41.55385767618964,286.8525985123256,0.0729658486186823,,,,,False,training_population,79.949997,-99.129997,RGI60-03.00691,3,146.0,92.926,6.6,326.0,0.1
16,MEIGHEN ICE CAP,2025,-0.087,2024-10-01,2025-09-30,30.05723584493132,360.6422935500788,-0.1996289142663717,,,,,True,training_population,79.949997,-99.129997,RGI60-03.00691,3,146.0,92.926,6.6,326.0,0.1
39,DEVON ICE CAP NW,1961,-0.197,1960-07-01,1961-07-02,0.5906438191731809,55.31649339302192,-6.252180202801997,,,,,False,training_population,75.419998,-83.25,RGI60-03.02435,3,1316.0,765.44,8.9,331.0,0.1
39,DEVON ICE CAP NW,1962,-0.359,1961-07-02,1962-07-02,25.156722513834893,198.99493264647816,-3.908592263772047,,,,,False,training_population,75.419998,-83.25,RGI60-03.02435,3,1316.0,765.44,8.9,331.0,0.1
39,DEVON ICE CAP NW,1963,0.044,1962-07-02,1963-07-02,66.0315054575608,245.1529900589336,-3.791424363659249,,,,,False,training_population,75.419998,-83.25,RGI60-03.02435,3,1316.0,765.44,8.9,331.0,0.1
39,DEVON ICE CAP NW,1964,0.125,1963-07-02,1964-07-01,10.778454589843877,244.0433383309468,-4.53701023571731,,,,,False,training_population,75.419998,-83.25,RGI60-03.02435,3,1316.0,765.44,8.9,331.0,0.1
39,DEVON ICE CAP NW,1965,0.064,1964-07-01,1965-07-02,12.837034098307411,273.32571788788937,-5.101445768910922,,,,,False,training_population,75.419998,-83.25,RGI60-03.02435,3,1316.0,765.44,8.9,331.0,0.1
39,DEVON ICE CAP NW,1966,-0.135,1965-07-02,1966-07-02,4.684290059407601,191.68827617365025,-5.763664162201676,,,,,False,training_population,75.419998,-83.25,RGI60-03.02435,3,1316.0,765.44,8.9,331.0,0.1
39,DEVON ICE CAP NW,1967,-0.027,1966-07-02,1967-07-02,19.99420992533402,228.45529261384456,-3.542807075199664,,,,,False,training_population,75.419998,-83.25,RGI60-03.02435,3,1316.0,765.44,8.9,331.0,0.1
39,DEVON ICE CAP NW,1968,-0.175,1967-07-02,1968-07-01,10.543808873494584,272.87490657387184,-4.549210729460761,,,,,False,training_population,75.419998,-83.25,RGI60-03.02435,3,1316.0,765.44,8.9,331.0,0.1
39,DEVON ICE CAP NW,1969,-0.175,1968-07-01,1969-07-02,2.7748828887940817,155.48381129747924,-5.168372589814727,,,,,False,training_population,75.419998,-83.25,RGI60-03.02435,3,1316.0,765.44,8.9,331.0,0.1
39,DEVON ICE CAP NW,1970,0.039,1969-07-02,1970-07-02,82.77366434733142,237.939037885603,-2.7294536563230456,,,,,False,training_population,75.419998,-83.25,RGI60-03.02435,3,1316.0,765.44,8.9,331.0,0.1
39,DEVON ICE CAP NW,1971,-0.069,1970-07-02,1971-07-02,13.059430948893464,237.40244150217293,-3.67419056772756,,,,,False,training_population,75.419998,-83.25,RGI60-03.02435,3,1316.0,765.44,8.9,331.0,0.1
39,DEVON ICE CAP NW,1972,0.102,1971-07-02,1972-07-01,9.93509572347017,247.66823076642908,-5.538521595277622,,,,,False,training_population,75.419998,-83.25,RGI60-03.02435,3,1316.0,765.44,8.9,331.0,0.1
39,DEVON ICE CAP NW,1973,-0.095,1972-07-01,1973-07-02,5.291002146403059,161.94706670516368,-4.813101852362863,,,,,False,training_population,75.419998,-83.25,RGI60-03.02435,3,1316.0,765.44,8.9,331.0,0.1
39,DEVON ICE CAP NW,1974,-0.077,1973-07-02,1974-07-02,33.24146181742384,308.0863487611474,-4.374020441800437,,,,,False,training_population,75.419998,-83.25,RGI60-03.02435,3,1316.0,765.44,8.9,331.0,0.1
39,DEVON ICE CAP NW,1975,-0.069,1974-07-02,1975-07-02,22.06047261556029,237.1418198192288,-2.7810500961905085,,,,,False,training_population,75.419998,-83.25,RGI60-03.02435,3,1316.0,765.44,8.9,331.0,0.1
39,DEVON ICE CAP NW,1976,0.176,1975-07-02,1976-07-01,4.025895436604912,262.8591869022614,-5.274584488246729,,,,,False,training_population,75.419998,-83.25,RGI60-03.02435,3,1316.0,765.44,8.9,331.0,0.1
39,DEVON ICE CAP NW,1977,-0.099,1976-07-01,1977-07-02,11.177886581421037,231.96990516311544,-5.138047565974221,,,,,False,training_population,75.419998,-83.25,RGI60-03.02435,3,1316.0,765.44,8.9,331.0,0.1
39,DEVON ICE CAP NW,1978,0.027,1977-07-02,1978-07-02,12.13252131144219,188.6765313063705,-4.6413558481414485,,,,,False,training_population,75.419998,-83.25,RGI60-03.02435,3,1316.0,765.44,8.9,331.0,0.1
39,DEVON ICE CAP NW,1979,0.039,1978-07-02,1979-07-02,13.09773216247578,159.78579297723527,-4.256849567864507,,,,,False,training_population,75.419998,-83.25,RGI60-03.02435,3,1316.0,765.44,8.9,331.0,0.1
39,DEVON ICE CAP NW,1980,-0.057,1979-07-02,1980-07-01,10.09402605692577,252.8125530429044,-4.819720269631624,,,,,False,training_population,75.419998,-83.25,RGI60-03.02435,3,1316.0,765.44,8.9,331.0,0.1
39,DEVON ICE CAP NW,1981,-0.146,1980-07-01,1981-07-02,19.814558537801418,244.5460978956433,-2.909428754765916,,,,,False,training_population,75.419998,-83.25,RGI60-03.02435,3,1316.0,765.44,8.9,331.0,0.1
39,DEVON ICE CAP NW,1982,-0.095,1981-07-02,1982-07-02,53.04321530660064,259.888080821618,-3.1456836837166744,,,,,False,training_population,75.419998,-83.25,RGI60-03.02435,3,1316.0,765.44,8.9,331.0,0.1
39,DEVON ICE CAP NW,1983,0.105,1982-07-02,1983-07-02,30.45960528055861,242.28486411626804,-3.779754705668328,,,,,False,training_population,75.419998,-83.25,RGI60-03.02435,3,1316.0,765.44,8.9,331.0,0.1
39,DEVON ICE CAP NW,1984,-0.031,1983-07-02,1984-07-01,27.18606808980337,264.75263475791166,-3.458932801951511,,,,,False,training_population,75.419998,-83.25,RGI60-03.02435,3,1316.0,765.44,8.9,331.0,0.1
39,DEVON ICE CAP NW,1985,-0.108,1984-07-01,1985-07-02,36.33948186238638,253.6677468472384,-3.567464770323819,,,,,False,training_population,75.419998,-83.25,RGI60-03.02435,3,1316.0,765.44,8.9,331.0,0.1
39,DEVON ICE CAP NW,1986,0.184,1985-07-02,1986-07-02,34.969463094075934,330.92160921140845,-3.956492528607745,,,,,False,training_population,75.419998,-83.25,RGI60-03.02435,3,1316.0,765.44,8.9,331.0,0.1
39,DEVON ICE CAP NW,1987,0.044,1986-07-02,1987-07-02,18.837209828694824,230.2177761630162,-4.308263633755352,,,,,False,training_population,75.419998,-83.25,RGI60-03.02435,3,1316.0,765.44,8.9,331.0,0.1
39,DEVON ICE CAP NW,1988,-0.216,1987-07-02,1988-07-01,22.68280321757044,257.34008093661487,-3.371164447673831,,,,,False,training_population,75.419998,-83.25,RGI60-03.02435,3,1316.0,765.44,8.9,331.0,0.1
39,DEVON ICE CAP NW,1989,-0.069,1988-07-01,1989-07-02,62.76454696655344,295.756961589202,-2.4900389353434025,,,,,False,training_population,75.419998,-83.25,RGI60-03.02435,3,1316.0,765.44,8.9,331.0,0.1
39,DEVON ICE CAP NW,1990,-0.166,1989-07-02,1990-07-02,44.50676549275784,300.32213071406136,-2.4884953160439527,,,,,False,training_population,75.419998,-83.25,RGI60-03.02435,3,1316.0,765.44,8.9,331.0,0.1
39,DEVON ICE CAP NW,1991,-0.23,1990-07-02,1991-07-02,18.604800923665607,210.92658947689813,-3.52540126786862,,,,,False,training_population,75.419998,-83.25,RGI60-03.02435,3,1316.0,765.44,8.9,331.0,0.1
39,DEVON ICE CAP NW,1992,0.096,1991-07-02,1992-07-01,77.72318153381423,207.40286161554167,-3.567198761649729,,,,,False,training_population,75.419998,-83.25,RGI60-03.02435,3,1316.0,765.44,8.9,331.0,0.1
39,DEVON ICE CAP NW,1993,-0.062,1992-07-01,1993-07-02,9.008106104533056,257.97188144477445,-4.339401383095575,,,,,False,training_population,75.419998,-83.25,RGI60-03.02435,3,1316.0,765.44,8.9,331.0,0.1
39,DEVON ICE CAP NW,1994,-0.032,1993-07-02,1994-07-02,24.41397031148307,220.76423043230164,-3.353123434470095,,,,,False,training_population,75.419998,-83.25,RGI60-03.02435,3,1316.0,765.44,8.9,331.0,0.1
39,DEVON ICE CAP NW,1995,-0.147,1994-07-02,1995-07-02,38.99516703287793,295.21879978486965,-2.4377798456444744,,,,,False,training_population,75.419998,-83.25,RGI60-03.02435,3,1316.0,765.44,8.9,331.0,0.1
39,DEVON ICE CAP NW,1996,-0.08,1995-07-02,1996-07-01,46.50599110921297,276.4920814483993,-3.0750831120255824,,,,,False,training_population,75.419998,-83.25,RGI60-03.02435,3,1316.0,765.44,8.9,331.0,0.1
39,DEVON ICE CAP NW,1997,-0.013,1996-07-01,1997-07-02,18.13248926798525,290.59379067191674,-4.374326167546243,,,,,False,training_population,75.419998,-83.25,RGI60-03.02435,3,1316.0,765.44,8.9,331.0,0.1
39,DEVON ICE CAP NW,1998,-0.276,1997-07-02,1998-07-02,24.304171752930017,288.888921124844,-3.170753286218109,,,,,False,training_population,75.419998,-83.25,RGI60-03.02435,3,1316.0,765.44,8.9,331.0,0.1
39,DEVON ICE CAP NW,1999,-0.217,1998-07-02,1999-07-02,65.26970965067596,230.76035635402548,-3.088792191098644,,,,,False,training_population,75.419998,-83.25,RGI60-03.02435,3,1316.0,765.44,8.9,331.0,0.1
39,DEVON ICE CAP NW,2000,-0.32,1999-07-02,2000-07-01,41.29401143391976,159.60387247405805,-2.997309513368446,,,,,False,training_population,75.419998,-83.25,RGI60-03.02435,3,1316.0,765.44,8.9,331.0,0.1
39,DEVON ICE CAP NW,2001,-0.559,2000-10-01,2001-09-30,83.85287144978929,216.595988050706,-2.2521006280097184,,,,,True,training_population,75.419998,-83.25,RGI60-03.02435,3,1316.0,765.44,8.9,331.0,0.1
39,DEVON ICE CAP NW,2002,-0.021,2001-10-01,2002-09-30,15.027736536662076,264.54022254829465,-3.95607566280639,,,,,True,training_population,75.419998,-83.25,RGI60-03.02435,3,1316.0,765.44,8.9,331.0,0.1
39,DEVON ICE CAP NW,2003,-0.139,2002-10-01,2003-09-30,51.99978129069075,317.4138560282955,-3.099501438417273,,,,,True,training_population,75.419998,-83.25,RGI60-03.02435,3,1316.0,765.44,8.9,331.0,0.1
39,DEVON ICE CAP NW,2004,0.046,2003-10-01,2004-09-30,0.6697526295980651,303.7221547890568,-4.590265703892341,,,,,True,training_population,75.419998,-83.25,RGI60-03.02435,3,1316.0,765.44,8.9,331.0,0.1
39,DEVON ICE CAP NW,2005,-0.262,2004-10-01,2005-09-30,21.954024759928814,280.87632899587686,-2.267791666500788,,,,,True,training_population,75.419998,-83.25,RGI60-03.02435,3,1316.0,765.44,8.9,331.0,0.1
39,DEVON ICE CAP NW,2006,-0.242,2005-09-01,2006-09-01,46.88664665222211,238.6178364329972,-2.8081029753753906,,,,,False,training_population,75.419998,-83.25,RGI60-03.02435,3,1316.0,765.44,8.9,331.0,0.1
39,DEVON ICE CAP NW,2007,-0.294,2006-09-01,2007-09-01,72.03812650044864,155.07536058045446,-1.5903702625329708,,,,,False,training_population,75.419998,-83.25,RGI60-03.02435,3,1316.0,765.44,8.9,331.0,0.1
39,DEVON ICE CAP NW,2008,-0.577,2007-09-01,2008-09-01,87.95412063598684,242.1350225043959,-2.06132690595542,,,,,False,training_population,75.419998,-83.25,RGI60-03.02435,3,1316.0,765.44,8.9,331.0,0.1
39,DEVON ICE CAP NW,2009,-0.523,2008-09-01,2009-09-01,64.64325269063374,195.0802353098276,-2.0806056257607053,,,,,False,training_population,75.419998,-83.25,RGI60-03.02435,3,1316.0,765.44,8.9,331.0,0.1
39,DEVON ICE CAP NW,2010,-0.417,2009-09-01,2010-09-01,90.68493207295812,279.1639347700965,-0.9717836739360216,,,,,False,training_population,75.419998,-83.25,RGI60-03.02435,3,1316.0,765.44,8.9,331.0,0.1
39,DEVON ICE CAP NW,2011,-0.683,2010-09-01,2011-09-01,78.37210121154874,172.55594288974407,-0.921239957947642,,,,,False,training_population,75.419998,-83.25,RGI60-03.02435,3,1316.0,765.44,8.9,331.0,0.1
39,DEVON ICE CAP NW,2012,-0.503,2012-05-01,2013-05-12,74.30203336079973,300.4744287828771,-1.5358687912208229,,,,,False,training_population,75.419998,-83.25,RGI60-03.02435,3,1316.0,765.44,8.9,331.0,0.1
39,DEVON ICE CAP NW,2013,0.024,2012-09-01,2013-09-01,16.334271494547693,359.7010031547221,-4.7231730461120405,,,,,False,training_population,75.419998,-83.25,RGI60-03.02435,3,1316.0,765.44,8.9,331.0,0.1
39,DEVON ICE CAP NW,2014,-0.246,2014-05-10,2015-04-14,31.14108772277865,216.82344382411856,-3.3203092740929456,,,,,False,training_population,75.419998,-83.25,RGI60-03.02435,3,1316.0,765.44,8.9,331.0,0.1
39,DEVON ICE CAP NW,2015,-0.395,2014-09-01,2015-09-01,100.85291773478264,114.75924507399782,-2.1962201574574136,,,,,False,training_population,75.419998,-83.25,RGI60-03.02435,3,1316.0,765.44,8.9,331.0,0.1
39,DEVON ICE CAP NW,2016,-0.483,2015-09-01,2016-09-01,66.0031113942473,283.2313952559176,-1.4548733144566397,,,,,False,training_population,75.419998,-83.25,RGI60-03.02435,3,1316.0,765.44,8.9,331.0,0.1
39,DEVON ICE CAP NW,2017,-0.153,2016-09-01,2017-09-01,36.41296564738008,320.0849577652356,-2.939749332096241,,,,,False,training_population,75.419998,-83.25,RGI60-03.02435,3,1316.0,765.44,8.9,331.0,0.1
39,DEVON ICE CAP NW,2018,0.046,2017-09-01,2018-09-01,11.645053482055856,290.3193182358415,-4.13445781763047,,,,,False,training_population,75.419998,-83.25,RGI60-03.02435,3,1316.0,765.44,8.9,331.0,0.1
39,DEVON ICE CAP NW,2019,-0.484,2018-09-01,2019-09-01,99.83508504231868,265.4219545053422,-0.7934631693190224,,,,,False,training_population,75.419998,-83.25,RGI60-03.02435,3,1316.0,765.44,8.9,331.0,0.1
39,DEVON ICE CAP NW,2020,-0.647,2019-10-01,2020-09-30,95.40866648356211,241.79825936621668,-1.1563621755959113,,,,,True,training_population,75.419998,-83.25,RGI60-03.02435,3,1316.0,765.44,8.9,331.0,0.1
39,DEVON ICE CAP NW,2021,-0.005,2021-05-04,2022-05-06,16.90454076131209,340.1211027322901,-2.789442215795077,,,,,False,training_population,75.419998,-83.25,RGI60-03.02435,3,1316.0,765.44,8.9,331.0,0.1
39,DEVON ICE CAP NW,2022,-0.508,2021-09-01,2022-09-01,110.83304659525618,241.5868868089213,-1.6119552639947208,,,,,False,training_population,75.419998,-83.25,RGI60-03.02435,3,1316.0,765.44,8.9,331.0,0.1
39,DEVON ICE CAP NW,2023,-0.377,2022-09-01,2023-08-31,94.66013259887792,230.37150182252475,-1.5075150724770123,,,,,False,training_population,75.419998,-83.25,RGI60-03.02435,3,1316.0,765.44,8.9,331.0,0.1
39,DEVON ICE CAP NW,2024,-0.29,2023-08-25,2024-08-22,52.4642019907638,318.5217292784763,-2.0352382094771544,,,,,False,training_population,75.419998,-83.25,RGI60-03.02435,3,1316.0,765.44,8.9,331.0,0.1
39,DEVON ICE CAP NW,2025,-0.181,2024-10-01,2025-09-30,27.55792147318561,305.94076401774475,-3.169911869712474,,,,,True,training_population,75.419998,-83.25,RGI60-03.02435,3,1316.0,765.44,8.9,331.0,0.1
41,PLACE,1965,-0.68,1964-10-01,1965-09-30,1338.4297236124717,570.7467528477572,10.231271963534171,,,,,True,training_population,50.425,-122.601,RGI60-02.01104,2,2054.0,3.016,11.1,9.0,0.1
41,PLACE,1966,0.114,1965-10-01,1966-09-30,1221.2254122416225,1185.455906759195,7.771156199082109,,,,,True,training_population,50.425,-122.601,RGI60-02.01104,2,2054.0,3.016,11.1,9.0,0.1
41,PLACE,1967,-1.213,1966-10-01,1967-09-30,1419.881317138676,1564.4263971215296,9.912742710113548,,,,,True,training_population,50.425,-122.601,RGI60-02.01104,2,2054.0,3.016,11.1,9.0,0.1
41,PLACE,1968,-0.131,1967-10-01,1968-09-30,1137.1194091796922,1459.5405151936195,7.819410440196185,,,,,True,training_population,50.425,-122.601,RGI60-02.01104,2,2054.0,3.016,11.1,9.0,0.1
41,PLACE,1969,-0.21,1968-10-01,1969-09-30,1261.9024411519408,1356.1424608780435,8.729526753356511,,,,,True,training_population,50.425,-122.601,RGI60-02.01104,2,2054.0,3.016,11.1,9.0,0.1
41,PLACE,1970,-1.51,1969-10-01,1970-09-30,1310.547365061446,873.2008503902086,10.427109868975675,,,,,True,training_population,50.425,-122.601,RGI60-02.01104,2,2054.0,3.016,11.1,9.0,0.1
41,PLACE,1971,-0.343,1970-09-19,1971-10-07,1377.7657873789517,1166.7959356272704,9.212066192903398,,,,,False,training_population,50.425,-122.601,RGI60-02.01104,2,2054.0,3.016,11.1,9.0,0.1
41,PLACE,1972,-0.344,1971-10-07,1972-10-01,1238.0327025095662,1203.062653121655,9.355107112552831,,,,,False,training_population,50.425,-122.601,RGI60-02.01104,2,2054.0,3.016,11.1,9.0,0.1
41,PLACE,1973,-0.299,1972-10-01,1973-10-01,1201.7006694793747,970.922488578836,8.137915568420878,,,,,False,training_population,50.425,-122.601,RGI60-02.01104,2,2054.0,3.016,11.1,9.0,0.1
41,PLACE,1974,0.562,1973-10-01,1974-10-11,1186.6446186065718,1350.2215903698234,7.631728578650454,,,,,False,training_population,50.425,-122.601,RGI60-02.01104,2,2054.0,3.016,11.1,9.0,0.1
41,PLACE,1975,-0.238,1974-10-11,1975-09-17,1183.7736972808882,913.8541919733782,8.666008623095552,,,,,False,training_population,50.425,-122.601,RGI60-02.01104,2,2054.0,3.016,11.1,9.0,0.1
41,PLACE,1976,0.877,1975-09-17,1976-09-16,1040.1504969279013,1346.9985421020212,6.395410121696608,,,,,False,training_population,50.425,-122.601,RGI60-02.01104,2,2054.0,3.016,11.1,9.0,0.1
41,PLACE,1977,-1.227,1976-09-16,1977-09-18,1641.6997642517138,675.8431185233676,11.284339965599193,,,,,False,training_population,50.425,-122.601,RGI60-02.01104,2,2054.0,3.016,11.1,9.0,0.1
41,PLACE,1978,-0.433,1977-09-18,1978-09-16,1466.101683553065,825.1563082524384,12.091579836693391,,,,,False,training_population,50.425,-122.601,RGI60-02.01104,2,2054.0,3.016,11.1,9.0,0.1
41,PLACE,1979,-2.212,1978-09-16,1979-09-20,1660.9146738688196,676.5392773656131,11.807128863403786,,,,,False,training_population,50.425,-122.601,RGI60-02.01104,2,2054.0,3.016,11.1,9.0,0.1
41,PLACE,1980,-0.923,1979-09-20,1980-09-20,1588.372688929245,834.9628960775775,10.504619990915517,,,,,False,training_population,50.425,-122.601,RGI60-02.01104,2,2054.0,3.016,11.1,9.0,0.1
41,PLACE,1981,-1.093,1980-09-20,1981-09-22,1593.7386501312312,947.2933522442764,10.91089764747069,,,,,False,training_population,50.425,-122.601,RGI60-02.01104,2,2054.0,3.016,11.1,9.0,0.1
41,PLACE,1982,-0.754,1981-09-22,1982-10-02,1555.9252314249718,1128.4774713992151,11.866331057617655,,,,,False,training_population,50.425,-122.601,RGI60-02.01104,2,2054.0,3.016,11.1,9.0,0.1
41,PLACE,1983,-0.441,1982-10-02,1983-10-02,1446.736181894943,1012.0165556945792,10.52040721920956,,,,,False,training_population,50.425,-122.601,RGI60-02.01104,2,2054.0,3.016,11.1,9.0,0.1
41,PLACE,1984,-0.337,1983-10-02,1984-09-23,1227.89884427389,865.4146211821185,10.159328818666786,,,,,False,training_population,50.425,-122.601,RGI60-02.01104,2,2054.0,3.016,11.1,9.0,0.1
41,PLACE,1985,-1.882,1984-09-23,1985-09-26,1608.4953843434696,621.3932084329166,12.806936096799568,,,,,False,training_population,50.425,-122.601,RGI60-02.01104,2,2054.0,3.016,11.1,9.0,0.1
41,PLACE,1986,-1.312,1985-07-02,1986-07-02,1536.2416362762494,989.0144660864556,12.587430907492164,,,,,False,training_population,50.425,-122.601,RGI60-02.01104,2,2054.0,3.016,11.1,9.0,0.1
41,PLACE,1987,-0.845,1986-07-02,1987-07-02,1709.4002722422333,983.8995836648756,12.136451202994198,,,,,False,training_population,50.425,-122.601,RGI60-02.01104,2,2054.0,3.016,11.1,9.0,0.1
41,PLACE,1988,-0.969,1987-07-02,1988-07-01,1743.7986337026014,818.2244013152413,11.100403784323452,,,,,False,training_population,50.425,-122.601,RGI60-02.01104,2,2054.0,3.016,11.1,9.0,0.1
41,PLACE,1989,-1.04,1988-07-01,1989-07-02,1759.49428672791,752.6886401581265,12.203681456112715,,,,,False,training_population,50.425,-122.601,RGI60-02.01104,2,2054.0,3.016,11.1,9.0,0.1
41,PLACE,1990,-0.938,1989-10-01,1990-09-30,1868.5573070526173,756.8771756054282,12.949208659020048,,,,,True,training_population,50.425,-122.601,RGI60-02.01104,2,2054.0,3.016,11.1,9.0,0.1
41,PLACE,1991,-0.99,1990-07-02,1991-07-02,1746.8682439168342,1272.1193049643098,12.56993695877789,,,,,False,training_population,50.425,-122.601,RGI60-02.01104,2,2054.0,3.016,11.1,9.0,0.1
41,PLACE,1992,-0.79,1991-07-02,1992-07-01,1878.1527974446672,851.434542612381,12.447155114878804,,,,,False,training_population,50.425,-122.601,RGI60-02.01104,2,2054.0,3.016,11.1,9.0,0.1
41,PLACE,1993,-2.28,1992-07-01,1993-07-02,1663.2654954274542,603.0153033889328,12.200418645439438,,,,,False,training_population,50.425,-122.601,RGI60-02.01104,2,2054.0,3.016,11.1,9.0,0.1
41,PLACE,1994,-2.01,1993-07-02,1994-07-02,1655.1246625264537,939.0901749820983,10.043578829474797,,,,,False,training_population,50.425,-122.601,RGI60-02.01104,2,2054.0,3.016,11.1,9.0,0.1
41,PLACE,1995,-2.486,1994-07-02,1995-07-02,1822.1419525146528,1068.348816631165,12.82484633743124,,,,,False,training_population,50.425,-122.601,RGI60-02.01104,2,2054.0,3.016,11.1,9.0,0.1
41,PLACE,1996,-0.221,1995-07-02,1996-07-01,1368.0895477294962,1185.7531606321777,9.285802729233472,,,,,False,training_population,50.425,-122.601,RGI60-02.01104,2,2054.0,3.016,11.1,9.0,0.1
41,PLACE,1997,-0.888,1996-07-01,1997-07-02,1541.6009708404583,1010.8120085159662,11.39747333932432,,,,,False,training_population,50.425,-122.601,RGI60-02.01104,2,2054.0,3.016,11.1,9.0,0.1
41,PLACE,1998,-2.45,1997-10-01,1998-09-30,1907.1200159708703,905.8582230508456,13.871205328512902,,,,,True,training_population,50.425,-122.601,RGI60-02.01104,2,2054.0,3.016,11.1,9.0,0.1
41,PLACE,1999,0.62,1998-10-01,1999-09-30,1374.074885177616,1361.393650500023,9.98847404977552,,,,,True,training_population,50.425,-122.601,RGI60-02.01104,2,2054.0,3.016,11.1,9.0,0.1
41,PLACE,2000,0.13,1999-10-01,2000-09-30,1387.5152748107955,912.7323380364984,10.33822516980381,,,,,True,training_population,50.425,-122.601,RGI60-02.01104,2,2054.0,3.016,11.1,9.0,0.1
41,PLACE,2001,-0.76,2000-10-01,2001-09-30,1412.3975524902387,644.493261002534,10.111319499084937,,,,,True,training_population,50.425,-122.601,RGI60-02.01104,2,2054.0,3.016,11.1,9.0,0.1
41,PLACE,2002,-0.123,2001-10-01,2002-09-30,1532.5781826019324,1091.4345532198554,12.030391339288265,,,,,True,training_population,50.425,-122.601,RGI60-02.01104,2,2054.0,3.016,11.1,9.0,0.1
41,PLACE,2003,-0.995,2002-10-01,2003-09-30,1675.42265268962,996.430137807657,12.42986797111624,,,,,True,training_population,50.425,-122.601,RGI60-02.01104,2,2054.0,3.016,11.1,9.0,0.1
41,PLACE,2004,-2.21,2003-09-23,2004-10-20,2058.098272705084,749.2269844646701,14.011110152368984,,,,,False,training_population,50.425,-122.601,RGI60-02.01104,2,2054.0,3.016,11.1,9.0,0.1
41,PLACE,2005,-1.295,2004-10-20,2005-10-01,1617.5895373026574,820.612377008537,11.90627882998925,,,,,False,training_population,50.425,-122.601,RGI60-02.01104,2,2054.0,3.016,11.1,9.0,0.1
41,PLACE,2006,-1.9,2006-04-22,2006-09-22,1618.259578577681,9.98040735710859,13.13458059006845,,,,,False,training_population,50.425,-122.601,RGI60-02.01104,2,2054.0,3.016,11.1,9.0,0.1
41,PLACE,2007,-0.15,2007-04-21,2007-09-15,1193.770109049483,24.200421713317155,9.546283029473374,,,,,False,training_population,50.425,-122.601,RGI60-02.01104,2,2054.0,3.016,11.1,9.0,0.1
41,PLACE,2008,-0.49,2007-10-01,2008-09-30,1446.3335276285848,873.1283715734612,10.55439309659214,,,,,True,training_population,50.425,-122.601,RGI60-02.01104,2,2054.0,3.016,11.1,9.0,0.1
41,PLACE,2009,-1.5,2008-10-01,2009-09-30,1825.4563658396444,584.9735344107039,13.8603804546854,,,,,True,training_population,50.425,-122.601,RGI60-02.01104,2,2054.0,3.016,11.1,9.0,0.1
41,PLACE,2010,0.08,2009-10-01,2010-09-30,1503.497901153569,1154.9596308479408,11.783978398640969,,,,,True,training_population,50.425,-122.601,RGI60-02.01104,2,2054.0,3.016,11.1,9.0,0.1
41,PLACE,2011,0.355,2010-10-01,2011-09-30,1462.6491041819295,1048.7460613175977,10.164471977344478,,,,,True,training_population,50.425,-122.601,RGI60-02.01104,2,2054.0,3.016,11.1,9.0,0.1
41,PLACE,2012,0.12,2011-10-01,2012-09-30,1665.9314277648973,1002.569987340614,11.98486547055454,,,,,True,training_population,50.425,-122.601,RGI60-02.01104,2,2054.0,3.016,11.1,9.0,0.1
41,PLACE,2013,-2.3,2012-10-01,2013-09-30,1834.2836662292525,895.0385676131098,12.992391626385697,,,,,True,training_population,50.425,-122.601,RGI60-02.01104,2,2054.0,3.016,11.1,9.0,0.1
41,PLACE,2015,-1.59,2014-10-01,2015-09-30,1972.959008153285,893.4844556916453,14.579994884435704,,,,,True,training_population,50.425,-122.601,RGI60-02.01104,2,2054.0,3.016,11.1,9.0,0.1
41,PLACE,2016,-1.33,2015-10-01,2016-09-30,1845.6493886311896,1030.6442501851443,12.340063598190548,,,,,True,training_population,50.425,-122.601,RGI60-02.01104,2,2054.0,3.016,11.1,9.0,0.1
41,PLACE,2017,-0.819,2016-09-30,2017-09-27,1843.1800676981647,1065.523923140244,13.885245183585369,,,,,False,training_population,50.425,-122.601,RGI60-02.01104,2,2054.0,3.016,11.1,9.0,0.1
41,PLACE,2018,-1.56,2017-09-27,2018-09-29,1841.0125019073528,1028.39553302379,13.307078463789372,,,,,False,training_population,50.425,-122.601,RGI60-02.01104,2,2054.0,3.016,11.1,9.0,0.1
41,PLACE,2019,-1.73,2018-09-29,2019-09-26,1745.6462004343718,830.9497206322299,12.247009331247105,,,,,False,training_population,50.425,-122.601,RGI60-02.01104,2,2054.0,3.016,11.1,9.0,0.1
41,PLACE,2020,-1.65,2019-09-26,2020-10-03,1721.962312952682,844.3120964651278,11.561935810420843,,,,,False,training_population,50.425,-122.601,RGI60-02.01104,2,2054.0,3.016,11.1,9.0,0.1
41,PLACE,2021,-2.379,2020-10-03,2021-09-24,1853.443167495732,949.2457503899416,14.687329042130644,,,,,False,training_population,50.425,-122.601,RGI60-02.01104,2,2054.0,3.016,11.1,9.0,0.1
41,PLACE,2022,-0.87,2021-09-24,2022-09-10,1528.3685607910193,1166.4415184859251,13.20827143295954,,,,,False,training_population,50.425,-122.601,RGI60-02.01104,2,2054.0,3.016,11.1,9.0,0.1
41,PLACE,2023,-3.721,2022-09-10,2023-10-07,2414.7890827179003,798.9120210600972,14.471701129968634,,,,,False,training_population,50.425,-122.601,RGI60-02.01104,2,2054.0,3.016,11.1,9.0,0.1
41,PLACE,2024,-2.01,2023-10-07,2024-09-21,1813.231667073572,685.6682681922059,13.43021965579712,,,,,False,training_population,50.425,-122.601,RGI60-02.01104,2,2054.0,3.016,11.1,9.0,0.1
41,PLACE,2025,-3.08,2024-09-21,2025-09-23,2028.820074590052,766.8340440159085,14.133299287160256,,,,,False,training_population,50.425,-122.601,RGI60-02.01104,2,2054.0,3.016,11.1,9.0,0.1
45,HELM,1975,-0.357,1974-10-01,1975-09-30,953.6753064473504,930.8821385828415,6.349107015305694,,,,,True,training_population,49.9576,-122.9873,RGI60-02.00377,2,1946.0,0.975,12.4,306.0,0.1
45,HELM,1976,0.568,1975-09-23,1976-09-27,963.4431076049848,2526.936023620255,5.539265562140448,,,,,False,training_population,49.9576,-122.9873,RGI60-02.00377,2,1946.0,0.975,12.4,306.0,0.1
45,HELM,1977,-1.464,1976-09-27,1977-10-01,1402.8058261871388,1313.507050511305,10.16633866351586,,,,,False,training_population,49.9576,-122.9873,RGI60-02.00377,2,1946.0,0.975,12.4,306.0,0.1
45,HELM,1978,-0.783,1977-10-01,1978-09-25,1267.704258982345,1723.6291432525554,10.73389259144882,,,,,False,training_population,49.9576,-122.9873,RGI60-02.00377,2,1946.0,0.975,12.4,306.0,0.1
45,HELM,1979,-2.731,1978-09-25,1979-09-25,1509.5342683156375,1212.9997796015778,10.22964959766556,,,,,False,training_population,49.9576,-122.9873,RGI60-02.00377,2,1946.0,0.975,12.4,306.0,0.1
45,HELM,1980,-0.944,1979-09-25,1980-09-28,1410.18558603923,1801.0971186133097,9.067562274656456,,,,,False,training_population,49.9576,-122.9873,RGI60-02.00377,2,1946.0,0.975,12.4,306.0,0.1
45,HELM,1982,-0.34,1981-09-28,1982-10-01,1426.0944374084515,2188.8874163372057,10.906431155273903,,,,,False,training_population,49.9576,-122.9873,RGI60-02.00377,2,1946.0,0.975,12.4,306.0,0.1
45,HELM,1983,-0.209,1982-10-01,1983-10-04,1304.5524303436323,2147.9871097588866,9.259278475719972,,,,,False,training_population,49.9576,-122.9873,RGI60-02.00377,2,1946.0,0.975,12.4,306.0,0.1
45,HELM,1984,-0.32,1983-10-04,1984-09-24,1065.2843097686805,1924.6325915216253,8.851011053721129,,,,,False,training_population,49.9576,-122.9873,RGI60-02.00377,2,1946.0,0.975,12.4,306.0,0.1
45,HELM,1985,-1.728,1984-07-01,1985-07-02,1276.705109278365,1297.3225461243735,9.573709978955875,,,,,False,training_population,49.9576,-122.9873,RGI60-02.00377,2,1946.0,0.975,12.4,306.0,0.1
45,HELM,1986,-1.334,1985-07-02,1986-07-02,1417.4930859883666,1924.0077571171453,11.643863269163312,,,,,False,training_population,49.9576,-122.9873,RGI60-02.00377,2,1946.0,0.975,12.4,306.0,0.1
45,HELM,1987,-0.788,1986-07-02,1987-07-02,1598.983222325648,1814.491739837628,11.197593991132642,,,,,False,training_population,49.9576,-122.9873,RGI60-02.00377,2,1946.0,0.975,12.4,306.0,0.1
45,HELM,1988,-0.15,1987-07-02,1988-07-01,1594.1701431274464,1599.711823424219,9.800818469558958,,,,,False,training_population,49.9576,-122.9873,RGI60-02.00377,2,1946.0,0.975,12.4,306.0,0.1
45,HELM,1989,-1.67,1988-07-01,1989-07-02,1596.068190892542,1485.8030802970034,10.656485264013869,,,,,False,training_population,49.9576,-122.9873,RGI60-02.00377,2,1946.0,0.975,12.4,306.0,0.1
45,HELM,1990,-1.79,1989-10-01,1990-09-30,1715.2428487141976,1511.5567684516018,11.798119225709357,,,,,True,training_population,49.9576,-122.9873,RGI60-02.00377,2,1946.0,0.975,12.4,306.0,0.1
45,HELM,1991,-2.239,1990-07-02,1991-07-02,1606.10121510824,2120.887917281962,11.60959362180432,,,,,False,training_population,49.9576,-122.9873,RGI60-02.00377,2,1946.0,0.975,12.4,306.0,0.1
45,HELM,1992,-2.798,1991-07-02,1992-07-01,1776.8151707967172,1639.9856023137504,11.314994541112949,,,,,False,training_population,49.9576,-122.9873,RGI60-02.00377,2,1946.0,0.975,12.4,306.0,0.1
45,HELM,1993,-2.342,1992-07-01,1993-07-02,1507.633813858037,1285.7899649220635,10.926323177797595,,,,,False,training_population,49.9576,-122.9873,RGI60-02.00377,2,1946.0,0.975,12.4,306.0,0.1
45,HELM,1994,-1.885,1993-07-02,1994-07-02,1544.9828501383513,1748.589046741692,9.137313078466727,,,,,False,training_population,49.9576,-122.9873,RGI60-02.00377,2,1946.0,0.975,12.4,306.0,0.1
45,HELM,1995,-1.465,1994-07-02,1995-07-02,1685.0251581827845,2112.522373197361,11.59286811582506,,,,,False,training_population,49.9576,-122.9873,RGI60-02.00377,2,1946.0,0.975,12.4,306.0,0.1
45,HELM,1996,0.211,1995-07-02,1996-07-01,1236.8021622975714,2087.686711874703,8.1801959867063,,,,,False,training_population,49.9576,-122.9873,RGI60-02.00377,2,1946.0,0.975,12.4,306.0,0.1
45,HELM,1997,-1.073,1996-07-01,1997-07-02,1392.7755847930953,2113.656255213247,10.286835214601366,,,,,False,training_population,49.9576,-122.9873,RGI60-02.00377,2,1946.0,0.975,12.4,306.0,0.1
45,HELM,1998,-2.85,1997-10-01,1998-09-30,1708.5707650502568,1934.3891864501115,12.435805291714896,,,,,True,training_population,49.9576,-122.9873,RGI60-02.00377,2,1946.0,0.975,12.4,306.0,0.1
45,HELM,1999,1.5,1998-10-01,1999-09-30,1229.2350785573367,2717.498242574098,8.951158570552247,,,,,True,training_population,49.9576,-122.9873,RGI60-02.00377,2,1946.0,0.975,12.4,306.0,0.1
45,HELM,2000,0.11,1999-10-01,2000-09-30,1236.414129002893,1786.993267952571,9.074176469056525,,,,,True,training_population,49.9576,-122.9873,RGI60-02.00377,2,1946.0,0.975,12.4,306.0,0.1
45,HELM,2001,-0.6,2000-10-01,2001-09-30,1268.5197204589883,1267.9848603159448,8.916796917846257,,,,,True,training_population,49.9576,-122.9873,RGI60-02.00377,2,1946.0,0.975,12.4,306.0,0.1
45,HELM,2002,-2.544,2001-07-02,2002-07-02,1340.979863993331,2051.089652414006,9.99446404159712,,,,,False,training_population,49.9576,-122.9873,RGI60-02.00377,2,1946.0,0.975,12.4,306.0,0.1
45,HELM,2003,-1.895,2002-07-02,2003-07-02,1445.79746297201,1946.145732283452,10.853601115237025,,,,,False,training_population,49.9576,-122.9873,RGI60-02.00377,2,1946.0,0.975,12.4,306.0,0.1
45,HELM,2004,-1.995,2003-11-24,2004-09-24,1564.2518806457565,1203.5849719468529,12.601901274142078,,,,,False,training_population,49.9576,-122.9873,RGI60-02.00377,2,1946.0,0.975,12.4,306.0,0.1
45,HELM,2005,-2.765,2004-09-24,2005-10-03,1653.3048028310193,1536.0850847160136,10.650138162530007,,,,,False,training_population,49.9576,-122.9873,RGI60-02.00377,2,1946.0,0.975,12.4,306.0,0.1
45,HELM,2006,-2.75,2006-04-24,2006-09-21,1461.1052992502882,33.75368867487083,11.761307265793087,,,,,False,training_population,49.9576,-122.9873,RGI60-02.00377,2,1946.0,0.975,12.4,306.0,0.1
45,HELM,2007,-0.21,2007-04-20,2007-09-14,1119.6428000132278,127.220471884943,9.198522400510509,,,,,False,training_population,49.9576,-122.9873,RGI60-02.00377,2,1946.0,0.975,12.4,306.0,0.1
45,HELM,2008,-2.3,2007-10-01,2008-09-30,1323.9624532063842,1633.7851184009828,9.43527812404911,,,,,True,training_population,49.9576,-122.9873,RGI60-02.00377,2,1946.0,0.975,12.4,306.0,0.1
45,HELM,2009,-0.51,2008-10-01,2009-09-30,1699.0566349029586,1223.3639079216057,12.750392449420454,,,,,True,training_population,49.9576,-122.9873,RGI60-02.00377,2,1946.0,0.975,12.4,306.0,0.1
45,HELM,2010,-0.19,2009-10-01,2010-09-30,1361.687727737431,2141.8683153561524,10.478528401471593,,,,,True,training_population,49.9576,-122.9873,RGI60-02.00377,2,1946.0,0.975,12.4,306.0,0.1
45,HELM,2011,-0.195,2010-10-01,2011-09-30,1279.2498421986943,2176.5625433608484,8.723669002367128,,,,,True,training_population,49.9576,-122.9873,RGI60-02.00377,2,1946.0,0.975,12.4,306.0,0.1
45,HELM,2012,0.65,2011-10-01,2012-09-30,1501.8638519287151,1899.316479443172,10.640790834288689,,,,,True,training_population,49.9576,-122.9873,RGI60-02.00377,2,1946.0,0.975,12.4,306.0,0.1
45,HELM,2013,-2.95,2012-10-01,2013-09-30,1680.840156173711,1773.8543296781656,11.479938685375732,,,,,True,training_population,49.9576,-122.9873,RGI60-02.00377,2,1946.0,0.975,12.4,306.0,0.1
45,HELM,2015,-2.5,2014-10-01,2015-09-30,1889.3772889455213,1603.4335509178384,13.455802494546669,,,,,True,training_population,49.9576,-122.9873,RGI60-02.00377,2,1946.0,0.975,12.4,306.0,0.1
45,HELM,2016,-1.28,2015-10-04,2016-09-29,1688.0215909322158,1937.3839990756032,10.88569401174354,,,,,False,training_population,49.9576,-122.9873,RGI60-02.00377,2,1946.0,0.975,12.4,306.0,0.1
45,HELM,2017,-0.907,2016-09-29,2017-10-01,1677.8891597747845,2303.93059157252,12.245794004633828,,,,,False,training_population,49.9576,-122.9873,RGI60-02.00377,2,1946.0,0.975,12.4,306.0,0.1
45,HELM,2018,-1.41,2017-10-01,2018-09-28,1671.0841533660932,1924.8290219320872,12.059312881248603,,,,,False,training_population,49.9576,-122.9873,RGI60-02.00377,2,1946.0,0.975,12.4,306.0,0.1
45,HELM,2019,-1.99,2018-09-28,2019-09-25,1655.6350742340142,1487.4920940409131,10.99401683945589,,,,,False,training_population,49.9576,-122.9873,RGI60-02.00377,2,1946.0,0.975,12.4,306.0,0.1
45,HELM,2020,-1.47,2019-09-25,2020-09-20,1436.3088457743372,1587.3865776544812,9.85881700239322,,,,,False,training_population,49.9576,-122.9873,RGI60-02.00377,2,1946.0,0.975,12.4,306.0,0.1
45,HELM,2021,-3.07,2020-09-20,2021-09-25,1808.6555306752568,1737.633132035196,13.313719582212164,,,,,False,training_population,49.9576,-122.9873,RGI60-02.00377,2,1946.0,0.975,12.4,306.0,0.1
45,HELM,2022,-1.002,2021-09-25,2022-09-08,1318.3990683237746,2166.798225690435,11.838509841587255,,,,,False,training_population,49.9576,-122.9873,RGI60-02.00377,2,1946.0,0.975,12.4,306.0,0.1
45,HELM,2023,-4.359,2022-09-08,2023-09-22,2108.464067204797,1634.1900379250624,12.64117983666021,,,,,False,training_population,49.9576,-122.9873,RGI60-02.00377,2,1946.0,0.975,12.4,306.0,0.1
45,HELM,2024,-3.13,2023-09-22,2024-09-24,1703.8147249857634,1500.8005704419886,11.635283627717412,,,,,False,training_population,49.9576,-122.9873,RGI60-02.00377,2,1946.0,0.975,12.4,306.0,0.1
45,HELM,2025,-3.52,2024-09-24,2025-09-20,1717.8268863678022,1600.2367569543526,12.220594598244949,,,,,False,training_population,49.9576,-122.9873,RGI60-02.00377,2,1946.0,0.975,12.4,306.0,0.1
57,PEYTO,1966,0.15,1965-07-02,1966-07-02,141.87508265177524,365.0337351676534,2.4132162491480766,,,,,False,training_population,51.6599,-116.5638,RGI60-02.05098,2,2647.0,9.699,12.7,29.0,0.1
57,PEYTO,1967,0.01,1966-07-02,1967-07-02,806.0645200093618,752.8511090623056,6.0848539701072335,,,,,False,training_population,51.6599,-116.5638,RGI60-02.05098,2,2647.0,9.699,12.7,29.0,0.1
57,PEYTO,1968,0.35,1967-07-02,1968-07-01,1015.1723683675164,652.4590144136475,7.784903676959076,,,,,False,training_population,51.6599,-116.5638,RGI60-02.05098,2,2647.0,9.699,12.7,29.0,0.1
57,PEYTO,1969,-0.4,1968-07-01,1969-07-02,846.2304185231561,634.7283488723399,7.272541915947686,,,,,False,training_population,51.6599,-116.5638,RGI60-02.05098,2,2647.0,9.699,12.7,29.0,0.1
57,PEYTO,1970,-1.7,1969-07-02,1970-07-02,842.306744893395,593.1791669197607,7.537940706916203,,,,,False,training_population,51.6599,-116.5638,RGI60-02.05098,2,2647.0,9.699,12.7,29.0,0.1
57,PEYTO,1971,-0.41,1970-09-07,1971-09-15,960.6954339345328,725.0551849727174,8.694742823338187,,,,,False,training_population,51.6599,-116.5638,RGI60-02.05098,2,2647.0,9.699,12.7,29.0,0.1
57,PEYTO,1972,-0.25,1971-09-15,1972-09-11,768.5654539744089,874.8565470972487,6.731767445716328,,,,,False,training_population,51.6599,-116.5638,RGI60-02.05098,2,2647.0,9.699,12.7,29.0,0.1
57,PEYTO,1973,0.43,1972-09-11,1973-09-15,782.3791070302356,670.3353297718841,6.610395789491984,,,,,False,training_population,51.6599,-116.5638,RGI60-02.05098,2,2647.0,9.699,12.7,29.0,0.1
57,PEYTO,1974,0.24,1973-09-15,1974-09-15,722.5087865193716,768.1435980774652,6.288940103503267,,,,,False,training_population,51.6599,-116.5638,RGI60-02.05098,2,2647.0,9.699,12.7,29.0,0.1
57,PEYTO,1975,-0.57,1974-09-15,1975-09-10,766.0701651255321,522.5165466695678,6.442313890871817,,,,,False,training_population,51.6599,-116.5638,RGI60-02.05098,2,2647.0,9.699,12.7,29.0,0.1
57,PEYTO,1976,0.64,1975-09-10,1976-09-18,819.1743731180861,716.1101952763751,5.628674989506841,,,,,False,training_population,51.6599,-116.5638,RGI60-02.05098,2,2647.0,9.699,12.7,29.0,0.1
57,PEYTO,1977,-0.21,1976-09-18,1977-09-25,826.3510344187455,570.0407827864602,6.509932095071567,,,,,False,training_population,51.6599,-116.5638,RGI60-02.05098,2,2647.0,9.699,12.7,29.0,0.1
57,PEYTO,1978,-1.05,1977-09-25,1978-10-09,816.9395764668811,596.0862962529595,7.384018730771736,,,,,False,training_population,51.6599,-116.5638,RGI60-02.05098,2,2647.0,9.699,12.7,29.0,0.1
57,PEYTO,1979,-0.81,1978-10-09,1979-09-16,910.6916493733756,528.7314383079467,8.366518724137482,,,,,False,training_population,51.6599,-116.5638,RGI60-02.05098,2,2647.0,9.699,12.7,29.0,0.1
57,PEYTO,1980,-0.58,1979-09-16,1980-09-23,946.5096637725871,509.9141175452821,6.584280600064065,,,,,False,training_population,51.6599,-116.5638,RGI60-02.05098,2,2647.0,9.699,12.7,29.0,0.1
57,PEYTO,1981,-1.13,1980-09-23,1981-09-26,983.0259288787876,616.1572376454956,7.461253420511902,,,,,False,training_population,51.6599,-116.5638,RGI60-02.05098,2,2647.0,9.699,12.7,29.0,0.1
57,PEYTO,1982,-0.56,1981-09-26,1982-09-11,769.3976786295597,603.2467983456762,7.261874252816925,,,,,False,training_population,51.6599,-116.5638,RGI60-02.05098,2,2647.0,9.699,12.7,29.0,0.1
57,PEYTO,1983,-0.39,1982-09-11,1983-09-10,918.5374273935984,492.7172231676416,7.93384786826979,,,,,False,training_population,51.6599,-116.5638,RGI60-02.05098,2,2647.0,9.699,12.7,29.0,0.1
57,PEYTO,1984,-0.58,1983-09-10,1984-09-12,772.119189961754,583.9945402881951,7.354952686420407,,,,,False,training_population,51.6599,-116.5638,RGI60-02.05098,2,2647.0,9.699,12.7,29.0,0.1
57,PEYTO,1985,-0.81,1984-09-12,1985-10-12,875.9553560892772,572.3351136341286,7.703960057963519,,,,,False,training_population,51.6599,-116.5638,RGI60-02.05098,2,2647.0,9.699,12.7,29.0,0.1
57,PEYTO,1986,-0.47,1985-07-02,1986-07-02,880.1030731201201,685.3661681844904,8.319712773531592,,,,,False,training_population,51.6599,-116.5638,RGI60-02.05098,2,2647.0,9.699,12.7,29.0,0.1
57,PEYTO,1987,-0.62,1986-07-02,1987-07-02,929.564943440759,496.7159969256088,8.10646478386338,,,,,False,training_population,51.6599,-116.5638,RGI60-02.05098,2,2647.0,9.699,12.7,29.0,0.1
57,PEYTO,1988,-0.99,1987-07-02,1988-07-01,1015.5898198445676,460.8398650103389,7.232709427156332,,,,,False,training_population,51.6599,-116.5638,RGI60-02.05098,2,2647.0,9.699,12.7,29.0,0.1
57,PEYTO,1989,-0.59,1988-07-01,1989-07-02,965.417965825402,558.3786774897312,7.603239232597645,,,,,False,training_population,51.6599,-116.5638,RGI60-02.05098,2,2647.0,9.699,12.7,29.0,0.1
57,PEYTO,1990,-0.74,1989-07-02,1990-07-02,882.4622915903758,651.3718312816153,7.313782279722172,,,,,False,training_population,51.6599,-116.5638,RGI60-02.05098,2,2647.0,9.699,12.7,29.0,0.1
57,PEYTO,1991,-1.215,1990-07-02,1991-07-02,1018.5135932922394,736.9668827538653,7.942798321905121,,,,,False,training_population,51.6599,-116.5638,RGI60-02.05098,2,2647.0,9.699,12.7,29.0,0.1
57,PEYTO,1992,-0.74,1991-07-02,1992-07-01,1097.7253028869663,468.31666650937007,8.943121487161408,,,,,False,training_population,51.6599,-116.5638,RGI60-02.05098,2,2647.0,9.699,12.7,29.0,0.1
57,PEYTO,1993,-1.215,1992-07-01,1993-07-02,870.5289934794137,427.13896828600537,7.178052074351229,,,,,False,training_population,51.6599,-116.5638,RGI60-02.05098,2,2647.0,9.699,12.7,29.0,0.1
57,PEYTO,1994,-1.295,1993-07-02,1994-07-02,779.3318148295118,607.9297572759722,6.065510358092627,,,,,False,training_population,51.6599,-116.5638,RGI60-02.05098,2,2647.0,9.699,12.7,29.0,0.1
57,PEYTO,1995,-0.3,1994-07-02,1995-07-02,1107.6106960296663,526.3467184825785,8.964191130497998,,,,,False,training_population,51.6599,-116.5638,RGI60-02.05098,2,2647.0,9.699,12.7,29.0,0.1
57,PEYTO,1996,0.129,1995-07-02,1996-07-01,741.8552179972364,742.2064215159559,5.645809310415539,,,,,False,training_population,51.6599,-116.5638,RGI60-02.05098,2,2647.0,9.699,12.7,29.0,0.1
57,PEYTO,1997,-0.818,1996-07-01,1997-07-02,906.3132685343458,614.0714625296972,7.970143268125301,,,,,False,training_population,51.6599,-116.5638,RGI60-02.05098,2,2647.0,9.699,12.7,29.0,0.1
57,PEYTO,1998,-2.21,1997-10-01,1998-09-30,1282.465579986576,375.14512665106633,9.680351933189083,,,,,True,training_population,51.6599,-116.5638,RGI60-02.05098,2,2647.0,9.699,12.7,29.0,0.1
57,PEYTO,1999,-0.32,1998-10-01,1999-09-30,746.5517152150503,751.9569014631528,6.095852580968909,,,,,True,training_population,51.6599,-116.5638,RGI60-02.05098,2,2647.0,9.699,12.7,29.0,0.1
57,PEYTO,2000,0.81,1999-10-01,2000-09-30,698.698182296756,630.3823471585126,6.455838146762596,,,,,True,training_population,51.6599,-116.5638,RGI60-02.05098,2,2647.0,9.699,12.7,29.0,0.1
57,PEYTO,2001,-0.92,2000-10-01,2001-09-30,916.8823392232292,400.39470133251245,7.5880889878757,,,,,True,training_population,51.6599,-116.5638,RGI60-02.05098,2,2647.0,9.699,12.7,29.0,0.1
57,PEYTO,2002,-0.5,2001-10-01,2002-09-30,831.5124993642194,643.144442477542,7.599334528826303,,,,,True,training_population,51.6599,-116.5638,RGI60-02.05098,2,2647.0,9.699,12.7,29.0,0.1
57,PEYTO,2003,-1.37,2002-10-01,2003-09-30,1050.0874300638866,551.0059571551728,9.38888949795048,,,,,True,training_population,51.6599,-116.5638,RGI60-02.05098,2,2647.0,9.699,12.7,29.0,0.1
57,PEYTO,2004,-0.55,2003-09-16,2004-09-13,920.5714040120477,594.2556828091767,8.340057800127136,,,,,False,training_population,51.6599,-116.5638,RGI60-02.05098,2,2647.0,9.699,12.7,29.0,0.1
57,PEYTO,2005,-0.81,2004-09-13,2005-09-24,854.5736685435016,489.7049497624089,7.164478770546311,,,,,False,training_population,51.6599,-116.5638,RGI60-02.05098,2,2647.0,9.699,12.7,29.0,0.1
57,PEYTO,2006,-1.65,2006-04-18,2006-09-14,1074.568455505374,75.79188572412576,9.438276489921265,,,,,False,training_population,51.6599,-116.5638,RGI60-02.05098,2,2647.0,9.699,12.7,29.0,0.1
57,PEYTO,2007,-1.85,2007-05-13,2007-09-27,911.2576876322452,74.82150525987308,8.439165445687136,,,,,False,training_population,51.6599,-116.5638,RGI60-02.05098,2,2647.0,9.699,12.7,29.0,0.1
57,PEYTO,2008,-0.23,2007-10-01,2008-09-30,822.7403887430859,574.0269168049856,7.1794691693955786,,,,,True,training_population,51.6599,-116.5638,RGI60-02.05098,2,2647.0,9.699,12.7,29.0,0.1
57,PEYTO,2009,-1.02,2008-10-01,2009-09-30,1029.3594830830923,472.9514038366318,8.09123045327009,,,,,True,training_population,51.6599,-116.5638,RGI60-02.05098,2,2647.0,9.699,12.7,29.0,0.1
57,PEYTO,2010,-0.34,2009-10-01,2010-09-30,747.2504702250192,560.5580759474549,6.800424277264161,,,,,True,training_population,51.6599,-116.5638,RGI60-02.05098,2,2647.0,9.699,12.7,29.0,0.1
57,PEYTO,2011,-0.95,2010-10-01,2011-09-30,906.3861513773631,572.566302929733,6.887498861119389,,,,,True,training_population,51.6599,-116.5638,RGI60-02.05098,2,2647.0,9.699,12.7,29.0,0.1
57,PEYTO,2012,-0.36,2011-10-01,2012-09-30,1011.648165003462,677.1216177470549,8.229866779714413,,,,,True,training_population,51.6599,-116.5638,RGI60-02.05098,2,2647.0,9.699,12.7,29.0,0.1
57,PEYTO,2013,-0.91,2012-10-01,2013-09-30,1065.1498518625926,690.8836752402117,8.491335452812326,,,,,True,training_population,51.6599,-116.5638,RGI60-02.05098,2,2647.0,9.699,12.7,29.0,0.1
57,PEYTO,2014,-1.63,2013-10-01,2014-09-30,1016.4633824666372,573.4082690506418,8.952064091226351,,,,,True,training_population,51.6599,-116.5638,RGI60-02.05098,2,2647.0,9.699,12.7,29.0,0.1
57,PEYTO,2015,-1.538,2014-10-01,2015-09-30,1058.092779795332,586.9982834856487,9.547515335635886,,,,,True,training_population,51.6599,-116.5638,RGI60-02.05098,2,2647.0,9.699,12.7,29.0,0.1
57,PEYTO,2016,-1.844,2015-10-01,2016-09-30,995.2077121734654,481.3618742468542,8.171971008743089,,,,,True,training_population,51.6599,-116.5638,RGI60-02.05098,2,2647.0,9.699,12.7,29.0,0.1
57,PEYTO,2017,-1.605,2016-08-12,2017-09-29,1460.817206064864,680.4886243237825,10.012497236615156,,,,,False,training_population,51.6599,-116.5638,RGI60-02.05098,2,2647.0,9.699,12.7,29.0,0.1
57,PEYTO,2018,-1.02,2017-10-26,2018-10-19,1018.307885233564,598.1745413374,8.759746142401234,,,,,False,training_population,51.6599,-116.5638,RGI60-02.05098,2,2647.0,9.699,12.7,29.0,0.1
57,PEYTO,2019,-1.67,2018-10-16,2019-10-16,900.411982727054,533.8566818824476,7.45000872266468,,,,,False,training_population,51.6599,-116.5638,RGI60-02.05098,2,2647.0,9.699,12.7,29.0,0.1
57,PEYTO,2020,-0.474,2019-10-16,2020-10-02,976.9549765268996,576.2341098130648,7.746488431571208,,,,,False,training_population,51.6599,-116.5638,RGI60-02.05098,2,2647.0,9.699,12.7,29.0,0.1
57,PEYTO,2021,-1.925,2020-10-02,2021-10-30,1211.049663035078,723.2602742339865,10.787522231668689,,,,,False,training_population,51.6599,-116.5638,RGI60-02.05098,2,2647.0,9.699,12.7,29.0,0.1
57,PEYTO,2022,-0.848,2021-10-30,2022-09-22,1072.1364091237415,602.2547164155476,9.585849947169232,,,,,False,training_population,51.6599,-116.5638,RGI60-02.05098,2,2647.0,9.699,12.7,29.0,0.1
57,PEYTO,2023,-2.76,2022-09-22,2023-10-01,1425.4313612620072,471.9741262686483,9.783702233908851,,,,,False,training_population,51.6599,-116.5638,RGI60-02.05098,2,2647.0,9.699,12.7,29.0,0.1
57,PEYTO,2024,-1.63,2023-10-01,2024-09-17,1059.7435648600294,531.3349274763759,8.962118043761347,,,,,False,training_population,51.6599,-116.5638,RGI60-02.05098,2,2647.0,9.699,12.7,29.0,0.1
57,PEYTO,2025,-1.91,2024-10-01,2025-09-30,1154.5738797505728,516.1726571080933,8.588435793614064,,,,,True,training_population,51.6599,-116.5638,RGI60-02.05098,2,2647.0,9.699,12.7,29.0,0.1
75,YAWNING,1984,0.09,1983-10-01,1984-09-30,1139.5303558349644,817.365210897048,9.743558218859269,,,,,True,training_population,48.447399,-121.030998,RGI60-02.17806,2,2006.0,0.024,31.1,106.0,0.1
75,YAWNING,1985,-0.23,1984-10-01,1985-09-30,1471.1090428670288,1142.448668558231,11.54165342441506,,,,,True,training_population,48.447399,-121.030998,RGI60-02.17806,2,2006.0,0.024,31.1,106.0,0.1
75,YAWNING,1986,-0.1,1985-09-25,1986-09-25,1462.4581101735475,1189.5523538558414,11.449956712861011,,,,,False,training_population,48.447399,-121.030998,RGI60-02.17806,2,2006.0,0.024,31.1,106.0,0.1
75,YAWNING,1987,-0.47,1986-09-25,1987-09-25,1717.1482282002817,1152.8751244511532,11.275717326178086,,,,,False,training_population,48.447399,-121.030998,RGI60-02.17806,2,2006.0,0.024,31.1,106.0,0.1
75,YAWNING,1988,-0.06,1987-09-24,1988-09-24,1647.955206553146,1217.4384343942356,10.33923168320589,,,,,False,training_population,48.447399,-121.030998,RGI60-02.17806,2,2006.0,0.024,31.1,106.0,0.1
75,YAWNING,1989,-0.19,1988-09-25,1989-09-25,1606.8536771138563,1281.3369331687595,10.44274420530902,,,,,False,training_population,48.447399,-121.030998,RGI60-02.17806,2,2006.0,0.024,31.1,106.0,0.1
75,YAWNING,1990,-0.32,1989-09-25,1990-09-25,1694.5867991129603,1340.3837800251958,11.44675575339278,,,,,False,training_population,48.447399,-121.030998,RGI60-02.17806,2,2006.0,0.024,31.1,106.0,0.1
75,YAWNING,1991,0.23,1990-09-28,1991-09-28,1409.7550615946498,1886.4325202994933,9.988078613557704,,,,,False,training_population,48.447399,-121.030998,RGI60-02.17806,2,2006.0,0.024,31.1,106.0,0.1
75,YAWNING,1992,-2.06,1991-10-01,1992-09-30,1750.1560010274306,1169.282983563136,12.292974394646269,,,,,True,training_population,48.447399,-121.030998,RGI60-02.17806,2,2006.0,0.024,31.1,106.0,0.1
75,YAWNING,1993,-0.66,1992-10-04,1993-10-04,1460.190601476038,1002.8222782483596,8.84786384554879,,,,,False,training_population,48.447399,-121.030998,RGI60-02.17806,2,2006.0,0.024,31.1,106.0,0.1
75,YAWNING,1994,-0.62,1993-10-04,1994-10-04,1740.875736872361,1131.1660112924783,11.23747344500779,,,,,False,training_population,48.447399,-121.030998,RGI60-02.17806,2,2006.0,0.024,31.1,106.0,0.1
75,YAWNING,1995,-0.26,1994-10-04,1995-09-28,1453.7332710266155,1590.0176700308286,9.442786692190882,,,,,False,training_population,48.447399,-121.030998,RGI60-02.17806,2,2006.0,0.024,31.1,106.0,0.1
75,YAWNING,1996,0.34,1995-09-28,1996-09-28,1320.349020004277,1552.4403642242676,10.527591904349972,,,,,False,training_population,48.447399,-121.030998,RGI60-02.17806,2,2006.0,0.024,31.1,106.0,0.1
75,YAWNING,1997,0.5,1996-09-28,1997-09-30,1482.8140488942508,1897.4865427422324,10.075167502527677,,,,,False,training_population,48.447399,-121.030998,RGI60-02.17806,2,2006.0,0.024,31.1,106.0,0.1
75,YAWNING,1998,-2.03,1997-09-30,1998-09-29,1696.688379033411,1243.055265278272,12.32104150661526,,,,,False,training_population,48.447399,-121.030998,RGI60-02.17806,2,2006.0,0.024,31.1,106.0,0.1
75,YAWNING,1999,1.63,1998-09-29,1999-10-02,1303.1800291697227,1964.7581515865647,9.0946566457334,,,,,False,training_population,48.447399,-121.030998,RGI60-02.17806,2,2006.0,0.024,31.1,106.0,0.1
75,YAWNING,2000,-0.18,1999-10-02,2000-10-02,1312.301793924972,1428.9676229793074,9.496352222000365,,,,,False,training_population,48.447399,-121.030998,RGI60-02.17806,2,2006.0,0.024,31.1,106.0,0.1
75,YAWNING,2001,-1.94,2000-10-01,2001-09-30,1378.5171193440794,864.2315437033651,9.725763955323616,,,,,True,training_population,48.447399,-121.030998,RGI60-02.17806,2,2006.0,0.024,31.1,106.0,0.1
75,YAWNING,2002,0.26,2001-10-01,2002-09-30,1371.113786315922,1814.1133752480484,10.692560864877027,,,,,True,training_population,48.447399,-121.030998,RGI60-02.17806,2,2006.0,0.024,31.1,106.0,0.1
75,YAWNING,2003,-1.85,2002-10-01,2003-09-30,1609.632616933191,1271.0140022577257,11.916906403804193,,,,,True,training_population,48.447399,-121.030998,RGI60-02.17806,2,2006.0,0.024,31.1,106.0,0.1
75,YAWNING,2004,-1.78,2003-10-01,2004-09-30,1702.8786776224815,1226.49085515242,12.385257429316445,,,,,True,training_population,48.447399,-121.030998,RGI60-02.17806,2,2006.0,0.024,31.1,106.0,0.1
75,YAWNING,2005,-3.02,2004-10-01,2005-09-30,1645.0805541992236,996.8531306607176,10.829778780453468,,,,,True,training_population,48.447399,-121.030998,RGI60-02.17806,2,2006.0,0.024,31.1,106.0,0.1
75,YAWNING,2006,-0.93,2005-10-01,2006-10-01,1661.5322849273723,1367.137918927799,11.69872323188231,,,,,False,training_population,48.447399,-121.030998,RGI60-02.17806,2,2006.0,0.024,31.1,106.0,0.1
75,YAWNING,2007,-0.13,2006-10-01,2007-09-29,1488.9435162862185,1531.4517318515789,10.470130614957968,,,,,False,training_population,48.447399,-121.030998,RGI60-02.17806,2,2006.0,0.024,31.1,106.0,0.1
75,YAWNING,2008,0.48,2007-09-29,2008-09-27,1357.7997932434123,1426.5663959553372,10.02002853448842,,,,,False,training_population,48.447399,-121.030998,RGI60-02.17806,2,2006.0,0.024,31.1,106.0,0.1
75,YAWNING,2009,-1.62,2008-09-29,2009-09-27,1672.36408233643,1117.0499415420318,12.154000246352066,,,,,False,training_population,48.447399,-121.030998,RGI60-02.17806,2,2006.0,0.024,31.1,106.0,0.1
75,YAWNING,2010,0.17,2009-09-27,2010-09-30,1321.2723255157518,1340.6702615460697,9.7569460163946,,,,,False,training_population,48.447399,-121.030998,RGI60-02.17806,2,2006.0,0.024,31.1,106.0,0.1
75,YAWNING,2011,1.22,2010-09-30,2011-10-01,1343.1858072916712,1672.6637522642136,8.771096857043302,,,,,False,training_population,48.447399,-121.030998,RGI60-02.17806,2,2006.0,0.024,31.1,106.0,0.1
75,YAWNING,2012,-0.12,2011-10-01,2012-09-28,1491.296742248539,1553.14181518947,10.532148256163683,,,,,False,training_population,48.447399,-121.030998,RGI60-02.17806,2,2006.0,0.024,31.1,106.0,0.1
75,YAWNING,2013,-1.15,2012-09-28,2013-09-28,1695.2337779998825,1393.396866794294,11.52398041573126,,,,,False,training_population,48.447399,-121.030998,RGI60-02.17806,2,2006.0,0.024,31.1,106.0,0.1
75,YAWNING,2014,-1.65,2013-09-28,2014-09-25,1567.085226440434,1468.2323215548931,11.709826170879884,,,,,False,training_population,48.447399,-121.030998,RGI60-02.17806,2,2006.0,0.024,31.1,106.0,0.1
75,YAWNING,2015,-3.36,2014-09-25,2015-09-28,1978.4179836273247,1046.8396833284287,13.742227214315683,,,,,False,training_population,48.447399,-121.030998,RGI60-02.17806,2,2006.0,0.024,31.1,106.0,0.1
75,YAWNING,2016,-0.96,2015-09-28,2016-09-26,1704.0183778127086,1492.330984916105,10.919433184637564,,,,,False,training_population,48.447399,-121.030998,RGI60-02.17806,2,2006.0,0.024,31.1,106.0,0.1
75,YAWNING,2017,-0.64,2016-09-26,2017-09-24,1745.104420852666,1525.7160570783485,12.793945435510189,,,,,False,training_population,48.447399,-121.030998,RGI60-02.17806,2,2006.0,0.024,31.1,106.0,0.1
75,YAWNING,2018,-0.48,2017-09-24,2018-10-04,1745.9208901723275,1564.673291917277,12.00017866051718,,,,,False,training_population,48.447399,-121.030998,RGI60-02.17806,2,2006.0,0.024,31.1,106.0,0.1
75,YAWNING,2019,-1.76,2018-10-04,2019-10-04,1634.8341531117808,1039.3358929707688,11.108694821509786,,,,,False,training_population,48.447399,-121.030998,RGI60-02.17806,2,2006.0,0.024,31.1,106.0,0.1
76,COLUMBIA (2057),1984,0.21,1983-10-01,1984-09-30,1467.6633565266975,745.6919684174111,11.552288192251478,,,,,True,training_population,47.963699,-121.348503,RGI60-02.18415,2,1611.0,0.803,16.4,159.0,0.1
76,COLUMBIA (2057),1985,-0.31,1984-10-01,1985-09-30,1753.8267734527635,1329.9172746040497,12.949675213081273,,,,,True,training_population,47.963699,-121.348503,RGI60-02.18415,2,1611.0,0.803,16.4,159.0,0.1
76,COLUMBIA (2057),1986,-0.2,1985-09-20,1986-09-20,1855.7710823059133,1233.9224055941286,13.13758762884833,,,,,False,training_population,47.963699,-121.348503,RGI60-02.18415,2,1611.0,0.803,16.4,159.0,0.1
76,COLUMBIA (2057),1987,-0.63,1986-09-20,1987-09-20,2080.440040969854,1031.631792431025,12.804718755639138,,,,,False,training_population,47.963699,-121.348503,RGI60-02.18415,2,1611.0,0.803,16.4,159.0,0.1
76,COLUMBIA (2057),1988,0.14,1987-09-19,1988-09-19,2043.8260664622044,1364.2886951060725,11.851483827397464,,,,,False,training_population,47.963699,-121.348503,RGI60-02.18415,2,1611.0,0.803,16.4,159.0,0.1
76,COLUMBIA (2057),1989,-0.09,1988-09-20,1989-09-20,1921.4545464833632,1355.261307987174,11.83576549861744,,,,,False,training_population,47.963699,-121.348503,RGI60-02.18415,2,1611.0,0.803,16.4,159.0,0.1
76,COLUMBIA (2057),1990,-0.06,1989-09-19,1990-09-19,2073.277752304083,1410.934043330876,13.169183784982454,,,,,False,training_population,47.963699,-121.348503,RGI60-02.18415,2,1611.0,0.803,16.4,159.0,0.1
76,COLUMBIA (2057),1991,0.38,1990-09-30,1991-10-02,1814.1011725107887,1432.910328399554,11.94710544779683,,,,,False,training_population,47.963699,-121.348503,RGI60-02.18415,2,1611.0,0.803,16.4,159.0,0.1
76,COLUMBIA (2057),1992,-1.85,1991-10-02,1992-10-03,2245.6334505717023,1038.4908591608378,13.746313459976882,,,,,False,training_population,47.963699,-121.348503,RGI60-02.18415,2,1611.0,0.803,16.4,159.0,0.1
76,COLUMBIA (2057),1993,-0.9,1992-10-03,1993-10-03,1842.972203191127,910.6243364094944,10.47496734702071,,,,,False,training_population,47.963699,-121.348503,RGI60-02.18415,2,1611.0,0.803,16.4,159.0,0.1
76,COLUMBIA (2057),1994,-0.96,1993-10-03,1994-10-01,2101.7752841949523,1098.249540739303,12.626355847068478,,,,,False,training_population,47.963699,-121.348503,RGI60-02.18415,2,1611.0,0.803,16.4,159.0,0.1
76,COLUMBIA (2057),1995,-0.45,1994-10-01,1995-10-01,1862.852046330776,1308.1180136296596,11.235267160940884,,,,,False,training_population,47.963699,-121.348503,RGI60-02.18415,2,1611.0,0.803,16.4,159.0,0.1
76,COLUMBIA (2057),1996,-0.62,1995-09-28,1996-09-28,1758.1623386383112,1323.4569675426292,12.374574113928771,,,,,False,training_population,47.963699,-121.348503,RGI60-02.18415,2,1611.0,0.803,16.4,159.0,0.1
76,COLUMBIA (2057),1997,0.35,1996-09-28,1997-09-30,1842.715832265223,1824.5763254948167,11.667420814348324,,,,,False,training_population,47.963699,-121.348503,RGI60-02.18415,2,1611.0,0.803,16.4,159.0,0.1
76,COLUMBIA (2057),1998,-1.46,1997-09-30,1998-10-01,2075.170841979986,1153.955868472764,13.556320534581747,,,,,False,training_population,47.963699,-121.348503,RGI60-02.18415,2,1611.0,0.803,16.4,159.0,0.1
76,COLUMBIA (2057),1999,1.75,1998-10-01,1999-09-28,1591.8323886871387,1904.6731860419825,10.618767301587114,,,,,False,training_population,47.963699,-121.348503,RGI60-02.18415,2,1611.0,0.803,16.4,159.0,0.1
76,COLUMBIA (2057),2000,0.4,1999-09-28,2000-10-02,1710.7699440002498,1535.0667449433324,11.153350566090037,,,,,False,training_population,47.963699,-121.348503,RGI60-02.18415,2,1611.0,0.803,16.4,159.0,0.1
76,COLUMBIA (2057),2001,-1.52,2000-10-01,2001-09-30,1719.8287684122768,898.6953661502533,11.225651615253415,,,,,True,training_population,47.963699,-121.348503,RGI60-02.18415,2,1611.0,0.803,16.4,159.0,0.1
76,COLUMBIA (2057),2002,0.6,2001-10-01,2002-09-30,1704.8885585784965,1640.0919268733887,12.091841357687269,,,,,True,training_population,47.963699,-121.348503,RGI60-02.18415,2,1611.0,0.803,16.4,159.0,0.1
76,COLUMBIA (2057),2003,-1.17,2002-10-01,2003-09-30,2016.636493810024,1030.0542299779104,13.562155038032005,,,,,True,training_population,47.963699,-121.348503,RGI60-02.18415,2,1611.0,0.803,16.4,159.0,0.1
76,COLUMBIA (2057),2004,-1.83,2003-10-01,2004-09-30,2113.088263956712,1218.0105250843062,13.89130875546002,,,,,True,training_population,47.963699,-121.348503,RGI60-02.18415,2,1611.0,0.803,16.4,159.0,0.1
76,COLUMBIA (2057),2005,-3.21,2004-10-01,2005-09-30,2077.610665893561,753.0073574980386,12.287044440836167,,,,,True,training_population,47.963699,-121.348503,RGI60-02.18415,2,1611.0,0.803,16.4,159.0,0.1
76,COLUMBIA (2057),2006,-0.98,2005-10-01,2006-10-01,1994.272124226894,1416.472804285121,12.986117437611478,,,,,False,training_population,47.963699,-121.348503,RGI60-02.18415,2,1611.0,0.803,16.4,159.0,0.1
76,COLUMBIA (2057),2007,-0.37,2006-10-01,2007-10-01,1871.63009096782,1450.0132394077843,11.958457862467032,,,,,False,training_population,47.963699,-121.348503,RGI60-02.18415,2,1611.0,0.803,16.4,159.0,0.1
76,COLUMBIA (2057),2008,0.94,2007-10-01,2008-10-03,1733.2398485819544,1613.830953202502,11.239754212420936,,,,,False,training_population,47.963699,-121.348503,RGI60-02.18415,2,1611.0,0.803,16.4,159.0,0.1
76,COLUMBIA (2057),2009,-0.9,2008-10-01,2009-10-02,2038.4176737467496,1186.8306763004598,13.550259941211667,,,,,False,training_population,47.963699,-121.348503,RGI60-02.18415,2,1611.0,0.803,16.4,159.0,0.1
76,COLUMBIA (2057),2010,-0.21,2009-10-02,2010-09-27,1668.4458114624076,1245.1954694270703,11.50854000699695,,,,,False,training_population,47.963699,-121.348503,RGI60-02.18415,2,1611.0,0.803,16.4,159.0,0.1
76,COLUMBIA (2057),2011,1.47,2010-09-27,2011-09-30,1718.1603032430066,1597.3344951303616,10.265391396785152,,,,,False,training_population,47.963699,-121.348503,RGI60-02.18415,2,1611.0,0.803,16.4,159.0,0.1
76,COLUMBIA (2057),2012,0.38,2011-09-30,2012-09-29,1823.031910705572,1653.9636283138852,11.75615258700608,,,,,False,training_population,47.963699,-121.348503,RGI60-02.18415,2,1611.0,0.803,16.4,159.0,0.1
76,COLUMBIA (2057),2013,-0.78,2012-09-29,2013-09-28,2048.3576455434213,1536.969414499758,13.054284813093124,,,,,False,training_population,47.963699,-121.348503,RGI60-02.18415,2,1611.0,0.803,16.4,159.0,0.1
76,COLUMBIA (2057),2014,-0.5,2013-09-28,2014-09-27,2000.7522624969547,1367.2170913111968,13.275902477209142,,,,,False,training_population,47.963699,-121.348503,RGI60-02.18415,2,1611.0,0.803,16.4,159.0,0.1
76,COLUMBIA (2057),2015,-3.48,2014-09-27,2015-09-27,2463.9315638224352,596.7176408229271,15.127351089145847,,,,,False,training_population,47.963699,-121.348503,RGI60-02.18415,2,1611.0,0.803,16.4,159.0,0.1
76,COLUMBIA (2057),2016,-1.18,2015-09-27,2016-09-25,2127.030274327602,1143.7383984473186,12.539368151236298,,,,,False,training_population,47.963699,-121.348503,RGI60-02.18415,2,1611.0,0.803,16.4,159.0,0.1
76,COLUMBIA (2057),2017,-0.75,2016-09-25,2017-09-20,2114.988827768967,1325.4228832490503,14.060110021674138,,,,,False,training_population,47.963699,-121.348503,RGI60-02.18415,2,1611.0,0.803,16.4,159.0,0.1
76,COLUMBIA (2057),2018,-0.63,2017-09-20,2018-10-05,2163.981483840949,1613.5071876343295,13.545441978565185,,,,,False,training_population,47.963699,-121.348503,RGI60-02.18415,2,1611.0,0.803,16.4,159.0,0.1
76,COLUMBIA (2057),2019,-1.87,2018-10-05,2019-10-06,2059.6961367289286,982.399093276552,12.59267441984538,,,,,False,training_population,47.963699,-121.348503,RGI60-02.18415,2,1611.0,0.803,16.4,159.0,0.1
76,COLUMBIA (2057),2020,-0.892,2019-10-06,2020-10-03,1993.4619318644263,1285.5997783225807,11.970110629261423,,,,,False,training_population,47.963699,-121.348503,RGI60-02.18415,2,1611.0,0.803,16.4,159.0,0.1
76,COLUMBIA (2057),2021,-0.866,2020-10-03,2021-09-24,2033.1363971710248,1561.558765812002,14.355813494972583,,,,,False,training_population,47.963699,-121.348503,RGI60-02.18415,2,1611.0,0.803,16.4,159.0,0.1
76,COLUMBIA (2057),2022,-0.861,2021-09-24,2022-10-20,2306.058720525112,1447.1766220596755,13.542736128102204,,,,,False,training_population,47.963699,-121.348503,RGI60-02.18415,2,1611.0,0.803,16.4,159.0,0.1
76,COLUMBIA (2057),2023,-2.648,2022-10-20,2023-09-19,1898.566297531133,1256.416988971182,14.025743780274349,,,,,False,training_population,47.963699,-121.348503,RGI60-02.18415,2,1611.0,0.803,16.4,159.0,0.1
76,COLUMBIA (2057),2024,-2.34,2023-09-19,2024-10-06,2214.0752655029364,990.5039664176592,13.212518752830636,,,,,False,training_population,47.963699,-121.348503,RGI60-02.18415,2,1611.0,0.803,16.4,159.0,0.1
76,COLUMBIA (2057),2025,-2.54,2024-10-06,2025-10-06,2225.788769785569,1049.3403108396712,13.996752143251747,,,,,False,training_population,47.963699,-121.348503,RGI60-02.18415,2,1611.0,0.803,16.4,159.0,0.1
77,LOWER CURTIS,1984,0.39,1983-10-01,1984-09-30,1352.5247135162392,939.8952059095898,10.75855606051461,,,,,True,training_population,48.825901,-121.622002,RGI60-02.17307,2,1652.0,0.558,22.5,286.0,0.1
77,LOWER CURTIS,1985,-0.16,1984-10-01,1985-09-30,1683.8270458221482,1435.1037441705012,12.533440215345763,,,,,True,training_population,48.825901,-121.622002,RGI60-02.17307,2,1652.0,0.558,22.5,286.0,0.1
77,LOWER CURTIS,1986,-0.22,1985-09-26,1986-09-26,1715.5030395507858,1310.4309551522028,12.41769388309425,,,,,False,training_population,48.825901,-121.622002,RGI60-02.17307,2,1652.0,0.558,22.5,286.0,0.1
77,LOWER CURTIS,1987,-0.56,1986-09-27,1987-09-27,2015.4464515686093,1314.493865223593,12.369426636073923,,,,,False,training_population,48.825901,-121.622002,RGI60-02.17307,2,1652.0,0.558,22.5,286.0,0.1
77,LOWER CURTIS,1988,-0.06,1987-09-25,1988-09-25,1906.76290270488,1488.9427221616315,11.273329636670564,,,,,False,training_population,48.825901,-121.622002,RGI60-02.17307,2,1652.0,0.558,22.5,286.0,0.1
77,LOWER CURTIS,1989,-0.29,1988-09-26,1989-09-26,1891.469500096644,1480.1529089723929,11.438560201119708,,,,,False,training_population,48.825901,-121.622002,RGI60-02.17307,2,1652.0,0.558,22.5,286.0,0.1
77,LOWER CURTIS,1990,-0.51,1989-09-26,1990-09-26,2003.6308696746885,1387.4896581333971,12.732839914681277,,,,,False,training_population,48.825901,-121.622002,RGI60-02.17307,2,1652.0,0.558,22.5,286.0,0.1
77,LOWER CURTIS,1991,0.04,1990-10-01,1991-10-03,1706.08511670431,1950.38900188198,11.251605419490671,,,,,False,training_population,48.825901,-121.622002,RGI60-02.17307,2,1652.0,0.558,22.5,286.0,0.1
77,LOWER CURTIS,1992,-1.76,1991-10-03,1992-09-30,2068.057266362513,1249.6435422112986,13.501512947635394,,,,,False,training_population,48.825901,-121.622002,RGI60-02.17307,2,1652.0,0.558,22.5,286.0,0.1
77,LOWER CURTIS,1993,-0.48,1992-09-30,1993-09-30,1785.9071334838925,1030.503941651922,10.276197072734025,,,,,False,training_population,48.825901,-121.622002,RGI60-02.17307,2,1652.0,0.558,22.5,286.0,0.1
77,LOWER CURTIS,1994,-0.55,1993-09-30,1994-09-30,2039.7278790791884,1321.8861555730114,12.13360222388007,,,,,False,training_population,48.825901,-121.622002,RGI60-02.17307,2,1652.0,0.558,22.5,286.0,0.1
77,LOWER CURTIS,1995,-0.21,1994-09-30,1995-09-30,1821.210273869838,1688.569635678686,10.828852631389251,,,,,False,training_population,48.825901,-121.622002,RGI60-02.17307,2,1652.0,0.558,22.5,286.0,0.1
77,LOWER CURTIS,1996,-0.18,1995-09-30,1996-09-30,1611.3495016733857,1655.8727141790469,11.768947910917,,,,,False,training_population,48.825901,-121.622002,RGI60-02.17307,2,1652.0,0.558,22.5,286.0,0.1
77,LOWER CURTIS,1997,0.27,1996-09-30,1997-09-30,1732.402312978114,2067.814813941446,11.230731962729214,,,,,False,training_population,48.825901,-121.622002,RGI60-02.17307,2,1652.0,0.558,22.5,286.0,0.1
77,LOWER CURTIS,1998,-1.38,1997-09-30,1998-09-29,1964.850460052496,1379.890366485302,13.174829578399684,,,,,False,training_population,48.825901,-121.622002,RGI60-02.17307,2,1652.0,0.558,22.5,286.0,0.1
77,LOWER CURTIS,1999,1.55,1998-09-29,1999-09-27,1535.7233474731493,2349.680235711432,10.257985839290916,,,,,False,training_population,48.825901,-121.622002,RGI60-02.17307,2,1652.0,0.558,22.5,286.0,0.1
77,LOWER CURTIS,2000,-0.25,1999-09-27,2000-09-26,1536.32351010641,1739.739705713088,10.53124221718832,,,,,False,training_population,48.825901,-121.622002,RGI60-02.17307,2,1652.0,0.558,22.5,286.0,0.1
77,LOWER CURTIS,2001,-1.88,2000-10-01,2001-09-30,1602.534524917607,1041.6791661809732,10.491660517540552,,,,,True,training_population,48.825901,-121.622002,RGI60-02.17307,2,1652.0,0.558,22.5,286.0,0.1
77,LOWER CURTIS,2002,0.13,2001-10-01,2002-09-30,1609.2882610321094,1895.7476447798635,11.87952923982042,,,,,True,training_population,48.825901,-121.622002,RGI60-02.17307,2,1652.0,0.558,22.5,286.0,0.1
77,LOWER CURTIS,2003,-1.25,2002-10-01,2003-09-30,1848.3964196523084,1396.8145571892628,12.712351942753468,,,,,True,training_population,48.825901,-121.622002,RGI60-02.17307,2,1652.0,0.558,22.5,286.0,0.1
77,LOWER CURTIS,2004,-1.51,2003-10-01,2004-09-30,2011.524496968593,1332.567684624731,13.486503254157936,,,,,True,training_population,48.825901,-121.622002,RGI60-02.17307,2,1652.0,0.558,22.5,286.0,0.1
77,LOWER CURTIS,2005,-2.75,2004-10-01,2005-09-30,1985.475238164272,1096.5319992258703,11.820830495806732,,,,,True,training_population,48.825901,-121.622002,RGI60-02.17307,2,1652.0,0.558,22.5,286.0,0.1
77,LOWER CURTIS,2006,-1.06,2005-10-01,2006-10-26,2091.526713434861,1679.5094742431331,12.548389219201152,,,,,False,training_population,48.825901,-121.622002,RGI60-02.17307,2,1652.0,0.558,22.5,286.0,0.1
77,LOWER CURTIS,2007,-0.4,2006-10-02,2007-10-01,1737.8087273915662,1684.5222440877806,11.183299878714765,,,,,False,training_population,48.825901,-121.622002,RGI60-02.17307,2,1652.0,0.558,22.5,286.0,0.1
77,LOWER CURTIS,2008,0.12,2007-10-01,2008-10-03,1669.9848875681612,1620.8379268970034,10.894966614764693,,,,,False,training_population,48.825901,-121.622002,RGI60-02.17307,2,1652.0,0.558,22.5,286.0,0.1
77,LOWER CURTIS,2009,-2.15,2008-10-01,2009-10-01,1978.3448515574191,1207.1102993630057,13.418984819495178,,,,,False,training_population,48.825901,-121.622002,RGI60-02.17307,2,1652.0,0.558,22.5,286.0,0.1
77,LOWER CURTIS,2010,-0.44,2009-10-01,2010-10-04,1667.7856890360574,1549.8289218112725,11.083136467311714,,,,,False,training_population,48.825901,-121.622002,RGI60-02.17307,2,1652.0,0.558,22.5,286.0,0.1
77,LOWER CURTIS,2011,0.94,2010-10-04,2011-10-08,1580.3455992380827,1907.0692684230896,9.796852808413322,,,,,False,training_population,48.825901,-121.622002,RGI60-02.17307,2,1652.0,0.558,22.5,286.0,0.1
77,LOWER CURTIS,2012,-0.38,2011-10-08,2012-09-28,1695.922101084396,1763.4994272331426,11.464584107329909,,,,,False,training_population,48.825901,-121.622002,RGI60-02.17307,2,1652.0,0.558,22.5,286.0,0.1
77,LOWER CURTIS,2013,-0.85,2012-09-28,2013-09-29,1995.6683461507207,1537.5768621325888,12.655062701736693,,,,,False,training_population,48.825901,-121.622002,RGI60-02.17307,2,1652.0,0.558,22.5,286.0,0.1
77,LOWER CURTIS,2014,-1.35,2013-09-29,2014-09-27,1906.5961650848449,1570.631948390897,12.845593126269376,,,,,False,training_population,48.825901,-121.622002,RGI60-02.17307,2,1652.0,0.558,22.5,286.0,0.1
77,LOWER CURTIS,2015,-3.4,2014-09-27,2015-09-27,2325.88754704794,854.6649984742735,14.794208822388605,,,,,False,training_population,48.825901,-121.622002,RGI60-02.17307,2,1652.0,0.558,22.5,286.0,0.1
77,LOWER CURTIS,2016,-1.55,2015-09-27,2016-09-27,2101.914958572393,1488.313946362954,12.260364068072793,,,,,False,training_population,48.825901,-121.622002,RGI60-02.17307,2,1652.0,0.558,22.5,286.0,0.1
77,LOWER CURTIS,2017,-0.65,2016-09-27,2017-09-24,2011.7634936014863,1486.9630437724231,13.617918275750224,,,,,False,training_population,48.825901,-121.622002,RGI60-02.17307,2,1652.0,0.558,22.5,286.0,0.1
77,LOWER CURTIS,2018,-0.82,2017-09-24,2018-09-28,2019.7323644002329,1722.0913958690608,13.115931392061556,,,,,False,training_population,48.825901,-121.622002,RGI60-02.17307,2,1652.0,0.558,22.5,286.0,0.1
77,LOWER CURTIS,2019,-1.44,2018-09-28,2019-09-28,2006.174768956508,1122.8466254559105,12.140960304978988,,,,,False,training_population,48.825901,-121.622002,RGI60-02.17307,2,1652.0,0.558,22.5,286.0,0.1
77,LOWER CURTIS,2020,-0.81,2019-09-28,2020-10-07,1932.1712729136204,1510.0032069610802,11.339067264225196,,,,,False,training_population,48.825901,-121.622002,RGI60-02.17307,2,1652.0,0.558,22.5,286.0,0.1
77,LOWER CURTIS,2021,-1.48,2020-10-07,2021-09-25,1953.7707380930635,1583.9374193242545,14.280046751879285,,,,,False,training_population,48.825901,-121.622002,RGI60-02.17307,2,1652.0,0.558,22.5,286.0,0.1
77,LOWER CURTIS,2022,-0.73,2021-09-25,2022-10-20,2186.905051422125,1510.1449991420031,13.373866888405644,,,,,False,training_population,48.825901,-121.622002,RGI60-02.17307,2,1652.0,0.558,22.5,286.0,0.1
77,LOWER CURTIS,2023,-2.36,2022-10-20,2023-09-14,1799.125233459477,1381.3697031209244,13.725832060109036,,,,,False,training_population,48.825901,-121.622002,RGI60-02.17307,2,1652.0,0.558,22.5,286.0,0.1
77,LOWER CURTIS,2024,-1.82,2023-09-14,2024-09-21,2068.986267344163,1146.8268668050143,12.797244395380458,,,,,False,training_population,48.825901,-121.622002,RGI60-02.17307,2,1652.0,0.558,22.5,286.0,0.1
77,LOWER CURTIS,2025,-1.62,2024-09-21,2025-10-06,2245.584176254278,1178.492724575115,13.417368403725025,,,,,False,training_population,48.825901,-121.622002,RGI60-02.17307,2,1652.0,0.558,22.5,286.0,0.1
79,RAINBOW,1984,0.58,1983-10-01,1984-09-30,1344.962594223027,1001.9984906893172,10.74570417957032,,,,,True,training_population,48.79868,-121.77805,RGI60-02.17733,2,1799.0,2.365,21.8,83.0,0.1
79,RAINBOW,1985,0.04,1984-10-01,1985-09-30,1682.2073596954392,1447.8966786479325,12.500425503219404,,,,,True,training_population,48.79868,-121.77805,RGI60-02.17733,2,1799.0,2.365,21.8,83.0,0.1
79,RAINBOW,1986,0.2,1985-09-28,1986-09-28,1704.6719933827767,1350.097267373577,12.3905040478361,,,,,False,training_population,48.79868,-121.77805,RGI60-02.17733,2,1799.0,2.365,21.8,83.0,0.1
79,RAINBOW,1987,-0.26,1986-09-28,1987-09-28,2026.3222506205293,1351.2286131104893,12.312290653284064,,,,,False,training_population,48.79868,-121.77805,RGI60-02.17733,2,1799.0,2.365,21.8,83.0,0.1
79,RAINBOW,1988,0.43,1987-09-27,1988-09-27,1883.5845479329485,1492.39564299436,11.14669849423397,,,,,False,training_population,48.79868,-121.77805,RGI60-02.17733,2,1799.0,2.365,21.8,83.0,0.1
79,RAINBOW,1989,-0.24,1988-09-28,1989-09-28,1882.220132700608,1500.101007035969,11.333216175134654,,,,,False,training_population,48.79868,-121.77805,RGI60-02.17733,2,1799.0,2.365,21.8,83.0,0.1
79,RAINBOW,1990,-0.46,1989-09-28,1990-09-28,2002.5339421590224,1443.9022566572887,12.69393486769305,,,,,False,training_population,48.79868,-121.77805,RGI60-02.17733,2,1799.0,2.365,21.8,83.0,0.1
79,RAINBOW,1991,0.44,1990-10-02,1991-10-03,1697.5727808634497,1871.8376587987464,11.280950945702177,,,,,False,training_population,48.79868,-121.77805,RGI60-02.17733,2,1799.0,2.365,21.8,83.0,0.1
79,RAINBOW,1992,-1.65,1991-10-03,1992-10-01,2084.540039189663,1231.1637056365716,13.434914746491827,,,,,False,training_population,48.79868,-121.77805,RGI60-02.17733,2,1799.0,2.365,21.8,83.0,0.1
79,RAINBOW,1993,-0.8,1992-10-01,1993-10-03,1801.01135431926,1053.4330244626983,10.158268305184208,,,,,False,training_population,48.79868,-121.77805,RGI60-02.17733,2,1799.0,2.365,21.8,83.0,0.1
79,RAINBOW,1994,-0.72,1993-10-03,1994-10-01,2003.219414774582,1367.9200371777963,12.061995601654074,,,,,False,training_population,48.79868,-121.77805,RGI60-02.17733,2,1799.0,2.365,21.8,83.0,0.1
79,RAINBOW,1995,-0.2,1994-10-01,1995-10-01,1811.6877166748093,1756.9194769156518,10.804025475875214,,,,,False,training_population,48.79868,-121.77805,RGI60-02.17733,2,1799.0,2.365,21.8,83.0,0.1
79,RAINBOW,1996,0.12,1995-09-29,1996-09-29,1611.7265665690156,1668.8566100173075,11.76423405080604,,,,,False,training_population,48.79868,-121.77805,RGI60-02.17733,2,1799.0,2.365,21.8,83.0,0.1
79,RAINBOW,1997,0.51,1996-09-29,1997-09-28,1722.0491703033504,2131.3252110178028,11.209731446141804,,,,,False,training_population,48.79868,-121.77805,RGI60-02.17733,2,1799.0,2.365,21.8,83.0,0.1
79,RAINBOW,1998,-1.49,1997-09-28,1998-09-27,1964.7294186910049,1398.772453878291,13.147389410544152,,,,,False,training_population,48.79868,-121.77805,RGI60-02.17733,2,1799.0,2.365,21.8,83.0,0.1
79,RAINBOW,1999,1.84,1998-09-27,1999-09-28,1564.7369429270475,2286.572652477357,10.29058834297072,,,,,False,training_population,48.79868,-121.77805,RGI60-02.17733,2,1799.0,2.365,21.8,83.0,0.1
79,RAINBOW,2000,0.15,1999-09-28,2000-09-28,1549.670573170985,1801.812822955668,10.488959891554265,,,,,False,training_population,48.79868,-121.77805,RGI60-02.17733,2,1799.0,2.365,21.8,83.0,0.1
79,RAINBOW,2001,-1.71,2000-10-01,2001-09-30,1580.610016377772,1066.9027193616678,10.335483936641548,,,,,True,training_population,48.79868,-121.77805,RGI60-02.17733,2,1799.0,2.365,21.8,83.0,0.1
79,RAINBOW,2002,0.12,2001-10-01,2002-09-30,1598.3470405578655,1880.179121365746,11.797948234668697,,,,,True,training_population,48.79868,-121.77805,RGI60-02.17733,2,1799.0,2.365,21.8,83.0,0.1
79,RAINBOW,2003,-0.98,2002-10-01,2003-09-30,1854.7865825653128,1419.281251213249,12.75329857148988,,,,,True,training_population,48.79868,-121.77805,RGI60-02.17733,2,1799.0,2.365,21.8,83.0,0.1
79,RAINBOW,2004,-1.67,2003-10-01,2004-09-30,2004.5544213612925,1392.2474148610568,13.39292662938438,,,,,True,training_population,48.79868,-121.77805,RGI60-02.17733,2,1799.0,2.365,21.8,83.0,0.1
79,RAINBOW,2005,-2.65,2004-10-01,2005-09-30,1972.966283671067,1082.9956313380612,11.67621963473336,,,,,True,training_population,48.79868,-121.77805,RGI60-02.17733,2,1799.0,2.365,21.8,83.0,0.1
79,RAINBOW,2006,-0.61,2005-10-01,2006-10-01,1923.2432432810515,1722.839609864696,12.435275152455224,,,,,False,training_population,48.79868,-121.77805,RGI60-02.17733,2,1799.0,2.365,21.8,83.0,0.1
79,RAINBOW,2007,0.2,2006-10-01,2007-09-29,1729.366992950445,1645.7433171950909,11.134870693649091,,,,,False,training_population,48.79868,-121.77805,RGI60-02.17733,2,1799.0,2.365,21.8,83.0,0.1
79,RAINBOW,2008,0.65,2007-09-29,2008-10-05,1662.6795670827278,1628.6234326616195,10.742319458118407,,,,,False,training_population,48.79868,-121.77805,RGI60-02.17733,2,1799.0,2.365,21.8,83.0,0.1
79,RAINBOW,2009,-1.98,2008-09-29,2009-09-27,1970.4648492177373,1270.0707010948804,13.32545949963558,,,,,False,training_population,48.79868,-121.77805,RGI60-02.17733,2,1799.0,2.365,21.8,83.0,0.1
79,RAINBOW,2010,0.76,2009-09-27,2010-09-27,1590.3253265380915,1540.1134697922637,10.977557146376482,,,,,False,training_population,48.79868,-121.77805,RGI60-02.17733,2,1799.0,2.365,21.8,83.0,0.1
79,RAINBOW,2011,2.2,2010-09-27,2011-09-29,1584.0950544993132,1886.6577919321016,9.676802848041946,,,,,False,training_population,48.79868,-121.77805,RGI60-02.17733,2,1799.0,2.365,21.8,83.0,0.1
79,RAINBOW,2012,0.42,2011-09-29,2012-09-30,1759.8115303039594,1754.7605662174703,11.379613439587596,,,,,False,training_population,48.79868,-121.77805,RGI60-02.17733,2,1799.0,2.365,21.8,83.0,0.1
79,RAINBOW,2013,-1.85,2012-09-30,2013-09-21,1916.9089533488,1628.489324322281,12.551976091965406,,,,,False,training_population,48.79868,-121.77805,RGI60-02.17733,2,1799.0,2.365,21.8,83.0,0.1
79,RAINBOW,2014,-1.94,2013-09-21,2014-09-26,1926.5445570627908,1574.145776310857,12.73147861370144,,,,,False,training_population,48.79868,-121.77805,RGI60-02.17733,2,1799.0,2.365,21.8,83.0,0.1
79,RAINBOW,2015,-3.45,2014-09-26,2015-09-29,2334.7710491180487,881.2574061179781,14.651608583201556,,,,,False,training_population,48.79868,-121.77805,RGI60-02.17733,2,1799.0,2.365,21.8,83.0,0.1
79,RAINBOW,2016,-0.88,2015-09-29,2016-09-26,2057.4866100311338,1521.3838669029124,12.12691467948584,,,,,False,training_population,48.79868,-121.77805,RGI60-02.17733,2,1799.0,2.365,21.8,83.0,0.1
79,RAINBOW,2017,0.51,2016-09-26,2017-09-23,1995.9281552632704,1567.272264921005,13.43517636423528,,,,,False,training_population,48.79868,-121.77805,RGI60-02.17733,2,1799.0,2.365,21.8,83.0,0.1
79,RAINBOW,2018,-0.53,2017-09-23,2018-09-29,2019.5241772969607,1822.4071452014848,12.98061379695286,,,,,False,training_population,48.79868,-121.77805,RGI60-02.17733,2,1799.0,2.365,21.8,83.0,0.1
79,RAINBOW,2019,-1.18,2018-09-29,2019-09-29,1978.4785971323704,1155.9431207265368,11.998645781088593,,,,,False,training_population,48.79868,-121.77805,RGI60-02.17733,2,1799.0,2.365,21.8,83.0,0.1
79,RAINBOW,2020,-0.441,2019-09-29,2020-10-01,1860.9707445780496,1534.0295544841142,11.337188442893671,,,,,False,training_population,48.79868,-121.77805,RGI60-02.17733,2,1799.0,2.365,21.8,83.0,0.1
79,RAINBOW,2021,-0.945,2020-10-01,2021-09-26,2038.940424092616,1632.8913579821708,14.228018261729831,,,,,False,training_population,48.79868,-121.77805,RGI60-02.17733,2,1799.0,2.365,21.8,83.0,0.1
79,RAINBOW,2022,-0.751,2021-09-26,2022-10-20,2175.135816828416,1519.2232991526885,13.301733948527929,,,,,False,training_population,48.79868,-121.77805,RGI60-02.17733,2,1799.0,2.365,21.8,83.0,0.1
79,RAINBOW,2023,-1.531,2022-10-20,2023-09-17,1834.1523670196573,1426.2243149176647,13.634188215283402,,,,,False,training_population,48.79868,-121.77805,RGI60-02.17733,2,1799.0,2.365,21.8,83.0,0.1
79,RAINBOW,2024,-1.28,2023-09-17,2024-09-21,2018.250471115118,1204.2059486502978,12.752217256850114,,,,,False,training_population,48.79868,-121.77805,RGI60-02.17733,2,1799.0,2.365,21.8,83.0,0.1
79,RAINBOW,2025,-1.68,2024-09-21,2025-10-06,2242.162905120855,1228.6124822273978,13.406520952694684,,,,,False,training_population,48.79868,-121.77805,RGI60-02.17733,2,1799.0,2.365,21.8,83.0,0.1
81,LYNCH,1984,0.33,1983-10-01,1984-09-30,1343.8842957814577,797.0831187388504,10.94044524897702,,,,,True,training_population,47.57,-121.18,RGI60-02.18816,2,2075.0,0.878,19.3,10.0,0.1
81,LYNCH,1985,-0.22,1984-10-01,1985-09-30,1673.2456108093309,1232.1568951044312,12.726135280166872,,,,,True,training_population,47.57,-121.18,RGI60-02.18816,2,2075.0,0.878,19.3,10.0,0.1
81,LYNCH,1986,-0.07,1985-09-23,1986-09-23,1741.695358530685,1179.5308903400469,12.81814377411554,,,,,False,training_population,47.57,-121.18,RGI60-02.18816,2,2075.0,0.878,19.3,10.0,0.1
81,LYNCH,1987,-0.3,1986-09-23,1987-09-23,2000.5935480753635,1096.4482348064698,12.49807724607166,,,,,False,training_population,47.57,-121.18,RGI60-02.18816,2,2075.0,0.878,19.3,10.0,0.1
81,LYNCH,1988,0.17,1987-09-22,1988-09-22,1911.1415665944469,1199.33089876222,11.38948661555417,,,,,False,training_population,47.57,-121.18,RGI60-02.18816,2,2075.0,0.878,19.3,10.0,0.1
81,LYNCH,1989,0.03,1988-09-23,1989-09-23,1836.9364618937225,1252.7069796399387,11.2877060627592,,,,,False,training_population,47.57,-121.18,RGI60-02.18816,2,2075.0,0.878,19.3,10.0,0.1
81,LYNCH,1990,-0.12,1989-09-22,1990-09-22,1960.167360305792,1299.9311684104775,12.599573631563077,,,,,False,training_population,47.57,-121.18,RGI60-02.18816,2,2075.0,0.878,19.3,10.0,0.1
81,LYNCH,1991,0.36,1990-09-27,1991-09-28,1674.7893244425509,1564.593789562565,11.410705495917302,,,,,False,training_population,47.57,-121.18,RGI60-02.18816,2,2075.0,0.878,19.3,10.0,0.1
81,LYNCH,1992,-1.38,1991-09-28,1992-09-29,2107.719534301764,1060.1052236339222,13.44957645250406,,,,,False,training_population,47.57,-121.18,RGI60-02.18816,2,2075.0,0.878,19.3,10.0,0.1
81,LYNCH,1993,-0.62,1992-09-29,1993-09-29,1704.26133054098,879.1414752658185,9.94159792333412,,,,,False,training_population,47.57,-121.18,RGI60-02.18816,2,2075.0,0.878,19.3,10.0,0.1
81,LYNCH,1994,-0.4,1993-09-29,1994-09-29,2012.7766488393204,966.717616485212,12.10347562458206,,,,,False,training_population,47.57,-121.18,RGI60-02.18816,2,2075.0,0.878,19.3,10.0,0.1
81,LYNCH,1995,0.18,1994-09-29,1995-09-27,1726.4466405232793,1301.354806881015,10.542913539167785,,,,,False,training_population,47.57,-121.18,RGI60-02.18816,2,2075.0,0.878,19.3,10.0,0.1
81,LYNCH,1996,0.53,1995-09-26,1996-09-26,1615.9436749776255,1440.377339358399,11.92367203201075,,,,,False,training_population,47.57,-121.18,RGI60-02.18816,2,2075.0,0.878,19.3,10.0,0.1
81,LYNCH,1997,0.62,1996-09-26,1997-09-26,1699.6591245015516,1771.526515293303,11.123317164269071,,,,,False,training_population,47.57,-121.18,RGI60-02.18816,2,2075.0,0.878,19.3,10.0,0.1
81,LYNCH,1998,-1.97,1997-09-26,1998-10-01,1966.8407592773488,1115.656912917089,13.051910965684556,,,,,False,training_population,47.57,-121.18,RGI60-02.18816,2,2075.0,0.878,19.3,10.0,0.1
81,LYNCH,1999,1.45,1998-10-01,1999-09-30,1484.6827339172407,1879.0372681701865,10.076332830346171,,,,,False,training_population,47.57,-121.18,RGI60-02.18816,2,2075.0,0.878,19.3,10.0,0.1
81,LYNCH,2000,-0.24,1999-09-30,2000-09-30,1560.1982688903856,1428.389824086679,10.627157638383968,,,,,False,training_population,47.57,-121.18,RGI60-02.18816,2,2075.0,0.878,19.3,10.0,0.1
81,LYNCH,2001,-1.82,2000-10-01,2001-09-30,1610.3557398478235,867.6386618190115,10.726652061075429,,,,,True,training_population,47.57,-121.18,RGI60-02.18816,2,2075.0,0.878,19.3,10.0,0.1
81,LYNCH,2002,-0.13,2001-10-01,2002-09-30,1590.5096220652308,1619.3795688915493,11.637921131521054,,,,,True,training_population,47.57,-121.18,RGI60-02.18816,2,2075.0,0.878,19.3,10.0,0.1
81,LYNCH,2003,-1.2,2002-10-01,2003-09-30,1853.966014607752,1090.802018467553,12.985312660880734,,,,,True,training_population,47.57,-121.18,RGI60-02.18816,2,2075.0,0.878,19.3,10.0,0.1
81,LYNCH,2004,-1.98,2003-10-01,2004-09-30,1967.826118850713,1154.2286272550796,13.316101059015264,,,,,True,training_population,47.57,-121.18,RGI60-02.18816,2,2075.0,0.878,19.3,10.0,0.1
81,LYNCH,2005,-2.62,2004-10-01,2005-09-30,1948.214543533331,772.4205259425466,11.95564919485564,,,,,True,training_population,47.57,-121.18,RGI60-02.18816,2,2075.0,0.878,19.3,10.0,0.1
81,LYNCH,2006,-1.05,2005-10-02,2006-09-30,1870.0886489868217,1427.8510175684644,12.637346632584308,,,,,False,training_population,47.57,-121.18,RGI60-02.18816,2,2075.0,0.878,19.3,10.0,0.1
81,LYNCH,2007,0.07,2006-09-30,2007-09-30,1774.6043118794812,1268.1703449543634,11.615053728352445,,,,,False,training_population,47.57,-121.18,RGI60-02.18816,2,2075.0,0.878,19.3,10.0,0.1
81,LYNCH,2008,0.51,2007-09-30,2008-10-04,1651.4781588236538,1480.7510061580124,10.937771719780546,,,,,False,training_population,47.57,-121.18,RGI60-02.18816,2,2075.0,0.878,19.3,10.0,0.1
81,LYNCH,2009,-1.82,2008-09-30,2009-09-30,1897.0443368276008,1300.553908954107,13.002881622314476,,,,,False,training_population,47.57,-121.18,RGI60-02.18816,2,2075.0,0.878,19.3,10.0,0.1
81,LYNCH,2010,-0.34,2009-09-30,2010-09-30,1523.9724699656222,1289.0105314082623,10.785908524886446,,,,,False,training_population,47.57,-121.18,RGI60-02.18816,2,2075.0,0.878,19.3,10.0,0.1
81,LYNCH,2011,0.98,2010-09-30,2011-09-30,1565.6460826873831,1506.8062502664147,9.759565635349464,,,,,False,training_population,47.57,-121.18,RGI60-02.18816,2,2075.0,0.878,19.3,10.0,0.1
81,LYNCH,2012,0.51,2011-09-30,2012-09-30,1714.9595720926973,1471.9218212045175,11.279827151091226,,,,,False,training_population,47.57,-121.18,RGI60-02.18816,2,2075.0,0.878,19.3,10.0,0.1
81,LYNCH,2013,-0.4,2012-09-30,2013-09-22,1879.4134293874151,1351.438611311714,12.42943165129512,,,,,False,training_population,47.57,-121.18,RGI60-02.18816,2,2075.0,0.878,19.3,10.0,0.1
81,LYNCH,2014,-0.85,2013-09-22,2014-09-28,1892.3347512563128,1378.0430730738294,12.6995421893355,,,,,False,training_population,47.57,-121.18,RGI60-02.18816,2,2075.0,0.878,19.3,10.0,0.1
81,LYNCH,2015,-2.85,2014-09-28,2015-09-28,2309.612502924608,717.773745838823,14.827089964825197,,,,,False,training_population,47.57,-121.18,RGI60-02.18816,2,2075.0,0.878,19.3,10.0,0.1
81,LYNCH,2016,-1.42,2015-09-28,2016-09-26,1964.452629725144,1213.7312273124223,12.029509646650697,,,,,False,training_population,47.57,-121.18,RGI60-02.18816,2,2075.0,0.878,19.3,10.0,0.1
81,LYNCH,2017,-0.32,2016-09-26,2017-09-20,1976.6173583984416,1293.1095106152702,13.62186875412432,,,,,False,training_population,47.57,-121.18,RGI60-02.18816,2,2075.0,0.878,19.3,10.0,0.1
81,LYNCH,2018,-0.64,2017-09-20,2018-09-28,1993.1519030253144,1601.1166350692497,13.226934880795712,,,,,False,training_population,47.57,-121.18,RGI60-02.18816,2,2075.0,0.878,19.3,10.0,0.1
81,LYNCH,2019,-1.7,2018-09-28,2019-10-05,1935.969901402797,1016.6105079084494,12.160425212417843,,,,,False,training_population,47.57,-121.18,RGI60-02.18816,2,2075.0,0.878,19.3,10.0,0.1
81,LYNCH,2020,-0.58,2019-10-05,2020-10-04,1894.7191502889048,1325.300288479419,11.645007311779542,,,,,False,training_population,47.57,-121.18,RGI60-02.18816,2,2075.0,0.878,19.3,10.0,0.1
81,LYNCH,2021,-2.26,2020-10-04,2021-09-24,1931.3024870554648,1451.5534604351535,14.00851991764016,,,,,False,training_population,47.57,-121.18,RGI60-02.18816,2,2075.0,0.878,19.3,10.0,0.1
81,LYNCH,2022,-1.36,2021-09-24,2022-10-20,2218.1218879699763,1344.979382392101,13.399457425656548,,,,,False,training_population,47.57,-121.18,RGI60-02.18816,2,2075.0,0.878,19.3,10.0,0.1
81,LYNCH,2023,-2.72,2022-10-20,2023-09-19,1809.1706848144563,1219.7484505972866,13.596267691902517,,,,,False,training_population,47.57,-121.18,RGI60-02.18816,2,2075.0,0.878,19.3,10.0,0.1
81,LYNCH,2024,-2.35,2023-09-19,2024-10-06,2073.7037804921524,1071.8601342846805,12.777055027173938,,,,,False,training_population,47.57,-121.18,RGI60-02.18816,2,2075.0,0.878,19.3,10.0,0.1
81,LYNCH,2025,-2.4,2024-10-06,2025-09-28,2053.0635260264125,1121.5155127563005,13.56595274192702,,,,,False,training_population,47.57,-121.18,RGI60-02.18816,2,2075.0,0.878,19.3,10.0,0.1
82,ICE WORM,1984,0.86,1983-10-01,1984-09-30,1343.8842957814577,797.0831187388504,10.94044524897702,,,,,True,training_population,47.549999,-121.169998,RGI60-02.18346,2,1995.0,0.192,19.6,64.0,0.1
82,ICE WORM,1985,-0.75,1984-10-01,1985-09-30,1673.2456108093309,1232.1568951044312,12.726135280166872,,,,,True,training_population,47.549999,-121.169998,RGI60-02.18346,2,1995.0,0.192,19.6,64.0,0.1
82,ICE WORM,1986,-0.45,1985-09-22,1986-09-22,1742.0450689951629,1179.5308903400469,12.81814377411554,,,,,False,training_population,47.549999,-121.169998,RGI60-02.18346,2,1995.0,0.192,19.6,64.0,0.1
82,ICE WORM,1987,-1.39,1986-09-22,1987-09-22,1990.94087880453,1096.4482348064698,12.49807724607166,,,,,False,training_population,47.549999,-121.169998,RGI60-02.18346,2,1995.0,0.192,19.6,64.0,0.1
82,ICE WORM,1988,-0.24,1987-09-21,1988-09-21,1920.198632558192,1199.33089876222,11.38948661555417,,,,,False,training_population,47.549999,-121.169998,RGI60-02.18346,2,1995.0,0.192,19.6,64.0,0.1
82,ICE WORM,1989,-0.67,1988-09-22,1989-09-22,1828.5023131052703,1252.7069796399387,11.2877060627592,,,,,False,training_population,47.549999,-121.169998,RGI60-02.18346,2,1995.0,0.192,19.6,64.0,0.1
82,ICE WORM,1990,-0.92,1989-09-21,1990-09-21,1957.779830932623,1299.9311684104775,12.599573631563077,,,,,False,training_population,47.549999,-121.169998,RGI60-02.18346,2,1995.0,0.192,19.6,64.0,0.1
82,ICE WORM,1991,0.63,1990-09-27,1991-09-28,1674.7893244425509,1564.593789562565,11.410705495917302,,,,,False,training_population,47.549999,-121.169998,RGI60-02.18346,2,1995.0,0.192,19.6,64.0,0.1
82,ICE WORM,1992,-2.23,1991-09-28,1992-09-29,2107.719534301764,1060.1052236339222,13.44957645250406,,,,,False,training_population,47.549999,-121.169998,RGI60-02.18346,2,1995.0,0.192,19.6,64.0,0.1
82,ICE WORM,1993,-1.02,1992-09-29,1993-09-29,1704.26133054098,879.1414752658185,9.94159792333412,,,,,False,training_population,47.549999,-121.169998,RGI60-02.18346,2,1995.0,0.192,19.6,64.0,0.1
82,ICE WORM,1994,-1.23,1993-09-29,1994-09-29,2012.7766488393204,966.717616485212,12.10347562458206,,,,,False,training_population,47.549999,-121.169998,RGI60-02.18346,2,1995.0,0.192,19.6,64.0,0.1
82,ICE WORM,1995,0.47,1994-09-29,1995-09-29,1739.6498391469368,1301.354806881015,10.542913539167785,,,,,False,training_population,47.549999,-121.169998,RGI60-02.18346,2,1995.0,0.192,19.6,64.0,0.1
82,ICE WORM,1996,0.57,1995-09-26,1996-09-26,1615.9436749776255,1440.377339358399,11.92367203201075,,,,,False,training_population,47.549999,-121.169998,RGI60-02.18346,2,1995.0,0.192,19.6,64.0,0.1
82,ICE WORM,1997,0.76,1996-09-26,1997-09-26,1699.6591245015516,1771.526515293303,11.123317164269071,,,,,False,training_population,47.549999,-121.169998,RGI60-02.18346,2,1995.0,0.192,19.6,64.0,0.1
82,ICE WORM,1998,-1.64,1997-09-26,1998-10-01,1966.8407592773488,1115.656912917089,13.051910965684556,,,,,False,training_population,47.549999,-121.169998,RGI60-02.18346,2,1995.0,0.192,19.6,64.0,0.1
82,ICE WORM,1999,2.15,1998-10-01,1999-09-30,1484.6827339172407,1879.0372681701865,10.076332830346171,,,,,False,training_population,47.549999,-121.169998,RGI60-02.18346,2,1995.0,0.192,19.6,64.0,0.1
82,ICE WORM,2000,-0.33,1999-09-30,2000-09-30,1560.1982688903856,1428.389824086679,10.627157638383968,,,,,False,training_population,47.549999,-121.169998,RGI60-02.18346,2,1995.0,0.192,19.6,64.0,0.1
82,ICE WORM,2001,-2.15,2000-10-01,2001-09-30,1610.3557398478235,867.6386618190115,10.726652061075429,,,,,True,training_population,47.549999,-121.169998,RGI60-02.18346,2,1995.0,0.192,19.6,64.0,0.1
82,ICE WORM,2002,0.05,2001-10-01,2002-09-30,1590.5096220652308,1619.3795688915493,11.637921131521054,,,,,True,training_population,47.549999,-121.169998,RGI60-02.18346,2,1995.0,0.192,19.6,64.0,0.1
82,ICE WORM,2003,-1.4,2002-10-01,2003-09-30,1853.966014607752,1090.802018467553,12.985312660880734,,,,,True,training_population,47.549999,-121.169998,RGI60-02.18346,2,1995.0,0.192,19.6,64.0,0.1
82,ICE WORM,2004,-2.0,2003-10-01,2004-09-30,1967.826118850713,1154.2286272550796,13.316101059015264,,,,,True,training_population,47.549999,-121.169998,RGI60-02.18346,2,1995.0,0.192,19.6,64.0,0.1
82,ICE WORM,2005,-2.85,2004-10-01,2005-09-30,1948.214543533331,772.4205259425466,11.95564919485564,,,,,True,training_population,47.549999,-121.169998,RGI60-02.18346,2,1995.0,0.192,19.6,64.0,0.1
82,ICE WORM,2006,-1.35,2005-10-02,2006-09-30,1870.0886489868217,1427.8510175684644,12.637346632584308,,,,,False,training_population,47.549999,-121.169998,RGI60-02.18346,2,1995.0,0.192,19.6,64.0,0.1
82,ICE WORM,2007,-0.62,2006-09-30,2007-09-30,1774.6043118794812,1268.1703449543634,11.615053728352445,,,,,False,training_population,47.549999,-121.169998,RGI60-02.18346,2,1995.0,0.192,19.6,64.0,0.1
82,ICE WORM,2008,-0.1,2007-09-30,2008-10-04,1651.4781588236538,1480.7510061580124,10.937771719780546,,,,,False,training_population,47.549999,-121.169998,RGI60-02.18346,2,1995.0,0.192,19.6,64.0,0.1
82,ICE WORM,2009,-1.56,2008-09-30,2009-09-30,1897.0443368276008,1300.553908954107,13.002881622314476,,,,,False,training_population,47.549999,-121.169998,RGI60-02.18346,2,1995.0,0.192,19.6,64.0,0.1
82,ICE WORM,2010,-0.38,2009-09-30,2010-09-30,1523.9724699656222,1289.0105314082623,10.785908524886446,,,,,False,training_population,47.549999,-121.169998,RGI60-02.18346,2,1995.0,0.192,19.6,64.0,0.1
82,ICE WORM,2011,1.34,2010-09-30,2011-09-30,1565.6460826873831,1506.8062502664147,9.759565635349464,,,,,False,training_population,47.549999,-121.169998,RGI60-02.18346,2,1995.0,0.192,19.6,64.0,0.1
82,ICE WORM,2012,0.15,2011-09-30,2012-09-30,1714.9595720926973,1471.9218212045175,11.279827151091226,,,,,False,training_population,47.549999,-121.169998,RGI60-02.18346,2,1995.0,0.192,19.6,64.0,0.1
82,ICE WORM,2013,-0.7,2012-09-30,2013-09-22,1879.4134293874151,1351.438611311714,12.42943165129512,,,,,False,training_population,47.549999,-121.169998,RGI60-02.18346,2,1995.0,0.192,19.6,64.0,0.1
82,ICE WORM,2014,-0.32,2013-09-22,2014-09-28,1892.3347512563128,1378.0430730738294,12.6995421893355,,,,,False,training_population,47.549999,-121.169998,RGI60-02.18346,2,1995.0,0.192,19.6,64.0,0.1
82,ICE WORM,2015,-3.25,2014-09-28,2015-09-28,2309.612502924608,717.773745838823,14.827089964825197,,,,,False,training_population,47.549999,-121.169998,RGI60-02.18346,2,1995.0,0.192,19.6,64.0,0.1
82,ICE WORM,2016,-0.78,2015-09-28,2016-09-26,1964.452629725144,1213.7312273124223,12.029509646650697,,,,,False,training_population,47.549999,-121.169998,RGI60-02.18346,2,1995.0,0.192,19.6,64.0,0.1
82,ICE WORM,2017,-0.57,2016-09-26,2017-09-22,1985.034369532272,1293.1095106152702,13.62186875412432,,,,,False,training_population,47.549999,-121.169998,RGI60-02.18346,2,1995.0,0.192,19.6,64.0,0.1
82,ICE WORM,2018,-0.75,2017-09-22,2018-09-28,1986.117440541591,1601.1166350692497,13.226934880795712,,,,,False,training_population,47.549999,-121.169998,RGI60-02.18346,2,1995.0,0.192,19.6,64.0,0.1
82,ICE WORM,2019,-2.05,2018-09-28,2019-10-05,1935.969901402797,1016.6105079084494,12.160425212417843,,,,,False,training_population,47.549999,-121.169998,RGI60-02.18346,2,1995.0,0.192,19.6,64.0,0.1
82,ICE WORM,2020,-0.62,2019-10-05,2020-10-04,1894.7191502889048,1325.300288479419,11.645007311779542,,,,,False,training_population,47.549999,-121.169998,RGI60-02.18346,2,1995.0,0.192,19.6,64.0,0.1
82,ICE WORM,2021,-1.45,2020-10-04,2021-09-24,1931.3024870554648,1451.5534604351535,14.00851991764016,,,,,False,training_population,47.549999,-121.169998,RGI60-02.18346,2,1995.0,0.192,19.6,64.0,0.1
82,ICE WORM,2022,-1.26,2021-09-24,2022-10-20,2218.1218879699763,1344.979382392101,13.399457425656548,,,,,False,training_population,47.549999,-121.169998,RGI60-02.18346,2,1995.0,0.192,19.6,64.0,0.1
82,ICE WORM,2023,-3.45,2022-10-20,2023-09-19,1809.1706848144563,1219.7484505972866,13.596267691902517,,,,,False,training_population,47.549999,-121.169998,RGI60-02.18346,2,1995.0,0.192,19.6,64.0,0.1
82,ICE WORM,2024,-2.4,2023-09-19,2024-10-06,2073.7037804921524,1071.8601342846805,12.777055027173938,,,,,False,training_population,47.549999,-121.169998,RGI60-02.18346,2,1995.0,0.192,19.6,64.0,0.1
83,DANIELS,1984,0.11,1983-10-01,1984-09-30,1343.8842957814577,797.0831187388504,10.94044524897702,,,,,True,training_population,47.56637,-121.17219,RGI60-02.18487,2,2212.0,0.435,25.3,46.0,0.1
83,DANIELS,1985,-0.51,1984-10-01,1985-09-30,1673.2456108093309,1232.1568951044312,12.726135280166872,,,,,True,training_population,47.56637,-121.17219,RGI60-02.18487,2,2212.0,0.435,25.3,46.0,0.1
83,DANIELS,1986,-0.36,1985-09-22,1986-09-22,1742.0450689951629,1179.5308903400469,12.81814377411554,,,,,False,training_population,47.56637,-121.17219,RGI60-02.18487,2,2212.0,0.435,25.3,46.0,0.1
83,DANIELS,1987,-0.87,1986-09-22,1987-09-22,1990.94087880453,1096.4482348064698,12.49807724607166,,,,,False,training_population,47.56637,-121.17219,RGI60-02.18487,2,2212.0,0.435,25.3,46.0,0.1
83,DANIELS,1988,-0.15,1987-09-21,1988-09-21,1920.198632558192,1199.33089876222,11.38948661555417,,,,,False,training_population,47.56637,-121.17219,RGI60-02.18487,2,2212.0,0.435,25.3,46.0,0.1
83,DANIELS,1989,-0.37,1988-09-22,1989-09-22,1828.5023131052703,1252.7069796399387,11.2877060627592,,,,,False,training_population,47.56637,-121.17219,RGI60-02.18487,2,2212.0,0.435,25.3,46.0,0.1
83,DANIELS,1990,-0.68,1989-09-21,1990-09-21,1957.779830932623,1299.9311684104775,12.599573631563077,,,,,False,training_population,47.56637,-121.17219,RGI60-02.18487,2,2212.0,0.435,25.3,46.0,0.1
83,DANIELS,1991,-0.07,1990-09-27,1991-09-28,1674.7893244425509,1564.593789562565,11.410705495917302,,,,,False,training_population,47.56637,-121.17219,RGI60-02.18487,2,2212.0,0.435,25.3,46.0,0.1
83,DANIELS,1992,-1.7,1991-09-28,1992-09-29,2107.719534301764,1060.1052236339222,13.44957645250406,,,,,False,training_population,47.56637,-121.17219,RGI60-02.18487,2,2212.0,0.435,25.3,46.0,0.1
83,DANIELS,1993,-0.83,1992-09-29,1993-09-29,1704.26133054098,879.1414752658185,9.94159792333412,,,,,False,training_population,47.56637,-121.17219,RGI60-02.18487,2,2212.0,0.435,25.3,46.0,0.1
83,DANIELS,1994,-0.45,1993-09-29,1994-09-29,2012.7766488393204,966.717616485212,12.10347562458206,,,,,False,training_population,47.56637,-121.17219,RGI60-02.18487,2,2212.0,0.435,25.3,46.0,0.1
83,DANIELS,1995,0.24,1994-09-29,1995-09-27,1726.4466405232793,1301.354806881015,10.542913539167785,,,,,False,training_population,47.56637,-121.17219,RGI60-02.18487,2,2212.0,0.435,25.3,46.0,0.1
83,DANIELS,1996,0.45,1995-09-26,1996-09-26,1615.9436749776255,1440.377339358399,11.92367203201075,,,,,False,training_population,47.56637,-121.17219,RGI60-02.18487,2,2212.0,0.435,25.3,46.0,0.1
83,DANIELS,1997,0.88,1996-09-26,1997-09-27,1705.3805412292534,1771.526515293303,11.123317164269071,,,,,False,training_population,47.56637,-121.17219,RGI60-02.18487,2,2212.0,0.435,25.3,46.0,0.1
83,DANIELS,1998,-1.82,1997-09-27,1998-10-01,1956.87027778626,1115.656912917089,13.051910965684556,,,,,False,training_population,47.56637,-121.17219,RGI60-02.18487,2,2212.0,0.435,25.3,46.0,0.1
83,DANIELS,1999,1.52,1998-10-01,1999-09-30,1484.6827339172407,1879.0372681701865,10.076332830346171,,,,,False,training_population,47.56637,-121.17219,RGI60-02.18487,2,2212.0,0.435,25.3,46.0,0.1
83,DANIELS,2000,-0.25,1999-09-30,2000-09-30,1560.1982688903856,1428.389824086679,10.627157638383968,,,,,False,training_population,47.56637,-121.17219,RGI60-02.18487,2,2212.0,0.435,25.3,46.0,0.1
83,DANIELS,2001,-1.75,2000-10-01,2001-09-30,1610.3557398478235,867.6386618190115,10.726652061075429,,,,,True,training_population,47.56637,-121.17219,RGI60-02.18487,2,2212.0,0.435,25.3,46.0,0.1
83,DANIELS,2002,-0.18,2001-10-01,2002-09-30,1590.5096220652308,1619.3795688915493,11.637921131521054,,,,,True,training_population,47.56637,-121.17219,RGI60-02.18487,2,2212.0,0.435,25.3,46.0,0.1
83,DANIELS,2003,-1.52,2002-10-01,2003-09-30,1853.966014607752,1090.802018467553,12.985312660880734,,,,,True,training_population,47.56637,-121.17219,RGI60-02.18487,2,2212.0,0.435,25.3,46.0,0.1
83,DANIELS,2004,-2.13,2003-10-01,2004-09-30,1967.826118850713,1154.2286272550796,13.316101059015264,,,,,True,training_population,47.56637,-121.17219,RGI60-02.18487,2,2212.0,0.435,25.3,46.0,0.1
83,DANIELS,2005,-2.9,2004-10-01,2005-09-30,1948.214543533331,772.4205259425466,11.95564919485564,,,,,True,training_population,47.56637,-121.17219,RGI60-02.18487,2,2212.0,0.435,25.3,46.0,0.1
83,DANIELS,2006,1.25,2005-10-02,2006-09-30,1870.0886489868217,1427.8510175684644,12.637346632584308,,,,,False,training_population,47.56637,-121.17219,RGI60-02.18487,2,2212.0,0.435,25.3,46.0,0.1
83,DANIELS,2007,0.12,2006-09-30,2007-09-30,1774.6043118794812,1268.1703449543634,11.615053728352445,,,,,False,training_population,47.56637,-121.17219,RGI60-02.18487,2,2212.0,0.435,25.3,46.0,0.1
83,DANIELS,2008,0.41,2007-09-30,2008-10-04,1651.4781588236538,1480.7510061580124,10.937771719780546,,,,,False,training_population,47.56637,-121.17219,RGI60-02.18487,2,2212.0,0.435,25.3,46.0,0.1
83,DANIELS,2009,-1.35,2008-09-30,2009-09-30,1897.0443368276008,1300.553908954107,13.002881622314476,,,,,False,training_population,47.56637,-121.17219,RGI60-02.18487,2,2212.0,0.435,25.3,46.0,0.1
83,DANIELS,2010,-0.26,2009-09-30,2010-09-30,1523.9724699656222,1289.0105314082623,10.785908524886446,,,,,False,training_population,47.56637,-121.17219,RGI60-02.18487,2,2212.0,0.435,25.3,46.0,0.1
83,DANIELS,2011,1.06,2010-09-30,2011-09-30,1565.6460826873831,1506.8062502664147,9.759565635349464,,,,,False,training_population,47.56637,-121.17219,RGI60-02.18487,2,2212.0,0.435,25.3,46.0,0.1
83,DANIELS,2012,0.75,2011-09-30,2012-09-30,1714.9595720926973,1471.9218212045175,11.279827151091226,,,,,False,training_population,47.56637,-121.17219,RGI60-02.18487,2,2212.0,0.435,25.3,46.0,0.1
83,DANIELS,2013,-0.15,2012-09-30,2013-09-22,1879.4134293874151,1351.438611311714,12.42943165129512,,,,,False,training_population,47.56637,-121.17219,RGI60-02.18487,2,2212.0,0.435,25.3,46.0,0.1
83,DANIELS,2014,-0.55,2013-09-22,2014-09-28,1892.3347512563128,1378.0430730738294,12.6995421893355,,,,,False,training_population,47.56637,-121.17219,RGI60-02.18487,2,2212.0,0.435,25.3,46.0,0.1
83,DANIELS,2015,-3.08,2014-09-28,2015-09-28,2309.612502924608,717.773745838823,14.827089964825197,,,,,False,training_population,47.56637,-121.17219,RGI60-02.18487,2,2212.0,0.435,25.3,46.0,0.1
83,DANIELS,2016,-0.64,2015-09-28,2016-09-26,1964.452629725144,1213.7312273124223,12.029509646650697,,,,,False,training_population,47.56637,-121.17219,RGI60-02.18487,2,2212.0,0.435,25.3,46.0,0.1
83,DANIELS,2017,-0.54,2016-09-26,2017-09-22,1985.034369532272,1293.1095106152702,13.62186875412432,,,,,False,training_population,47.56637,-121.17219,RGI60-02.18487,2,2212.0,0.435,25.3,46.0,0.1
83,DANIELS,2018,-0.68,2017-09-22,2018-09-28,1986.117440541591,1601.1166350692497,13.226934880795712,,,,,False,training_population,47.56637,-121.17219,RGI60-02.18487,2,2212.0,0.435,25.3,46.0,0.1
83,DANIELS,2019,-1.65,2018-09-28,2019-10-05,1935.969901402797,1016.6105079084494,12.160425212417843,,,,,False,training_population,47.56637,-121.17219,RGI60-02.18487,2,2212.0,0.435,25.3,46.0,0.1
83,DANIELS,2020,-0.38,2019-10-05,2020-10-04,1894.7191502889048,1325.300288479419,11.645007311779542,,,,,False,training_population,47.56637,-121.17219,RGI60-02.18487,2,2212.0,0.435,25.3,46.0,0.1
83,DANIELS,2021,-2.15,2020-10-04,2021-09-24,1931.3024870554648,1451.5534604351535,14.00851991764016,,,,,False,training_population,47.56637,-121.17219,RGI60-02.18487,2,2212.0,0.435,25.3,46.0,0.1
83,DANIELS,2022,-1.18,2021-09-24,2022-10-20,2218.1218879699763,1344.979382392101,13.399457425656548,,,,,False,training_population,47.56637,-121.17219,RGI60-02.18487,2,2212.0,0.435,25.3,46.0,0.1
83,DANIELS,2023,-3.25,2022-10-20,2023-09-19,1809.1706848144563,1219.7484505972866,13.596267691902517,,,,,False,training_population,47.56637,-121.17219,RGI60-02.18487,2,2212.0,0.435,25.3,46.0,0.1
83,DANIELS,2024,-2.7,2023-09-19,2024-10-06,2073.7037804921524,1071.8601342846805,12.777055027173938,,,,,False,training_population,47.56637,-121.17219,RGI60-02.18487,2,2212.0,0.435,25.3,46.0,0.1
83,DANIELS,2025,-2.85,2024-10-06,2025-09-28,2053.0635260264125,1121.5155127563005,13.56595274192702,,,,,False,training_population,47.56637,-121.17219,RGI60-02.18487,2,2212.0,0.435,25.3,46.0,0.1
90,GULKANA,1966,-0.69,1965-07-02,1966-09-10,445.8750067393005,219.49575538994992,4.820533640488355,,,,,False,training_population,63.2894,-145.4738,RGI60-01.00570,1,1858.0,17.567,14.0,172.0,0.1
90,GULKANA,1967,0.23,1966-09-10,1967-09-04,540.8044865926129,392.322219434277,5.61819677629335,,,,,False,training_population,63.2894,-145.4738,RGI60-01.00570,1,1858.0,17.567,14.0,172.0,0.1
90,GULKANA,1968,-0.44,1967-09-04,1968-08-28,542.468343226117,545.7736968188663,5.82423100560794,,,,,False,training_population,63.2894,-145.4738,RGI60-01.00570,1,1858.0,17.567,14.0,172.0,0.1
90,GULKANA,1969,-1.14,1968-08-28,1969-10-17,546.1315925598176,410.164696295503,4.724918997287775,,,,,False,training_population,63.2894,-145.4738,RGI60-01.00570,1,1858.0,17.567,14.0,172.0,0.1
90,GULKANA,1970,-0.03,1969-10-17,1970-07-29,223.6416601816828,416.3275683071994,3.5589558294264183,,,,,False,training_population,63.2894,-145.4738,RGI60-01.00570,1,1858.0,17.567,14.0,172.0,0.1
90,GULKANA,1971,-0.43,1970-07-29,1971-09-01,611.2072578430207,608.6090563880902,4.572421625934605,,,,,False,training_population,63.2894,-145.4738,RGI60-01.00570,1,1858.0,17.567,14.0,172.0,0.1
90,GULKANA,1972,-0.76,1971-09-01,1972-08-29,492.1744904836042,564.8123555729753,5.058240607932786,,,,,False,training_population,63.2894,-145.4738,RGI60-01.00570,1,1858.0,17.567,14.0,172.0,0.1
90,GULKANA,1973,0.05,1972-08-29,1973-08-06,337.3637854258239,537.141958723872,4.220415242513044,,,,,False,training_population,63.2894,-145.4738,RGI60-01.00570,1,1858.0,17.567,14.0,172.0,0.1
90,GULKANA,1974,-1.86,1973-08-06,1974-09-21,676.0825284322138,382.7561513672571,4.639395935791383,,,,,False,training_population,63.2894,-145.4738,RGI60-01.00570,1,1858.0,17.567,14.0,172.0,0.1
90,GULKANA,1975,-0.76,1974-09-21,1975-09-02,431.5473420461042,636.3796038441834,4.406410181349626,,,,,False,training_population,63.2894,-145.4738,RGI60-01.00570,1,1858.0,17.567,14.0,172.0,0.1
90,GULKANA,1976,0.0,1975-09-02,1976-09-02,584.4013753255234,480.8261936216951,6.17001259707025,,,,,False,training_population,63.2894,-145.4738,RGI60-01.00570,1,1858.0,17.567,14.0,172.0,0.1
90,GULKANA,1977,0.38,1976-09-02,1977-09-05,609.6036766052271,705.6740216670435,6.232095640984155,,,,,False,training_population,63.2894,-145.4738,RGI60-01.00570,1,1858.0,17.567,14.0,172.0,0.1
90,GULKANA,1978,-0.02,1977-09-05,1978-09-15,572.8166362762483,507.39672342156086,5.375556073672553,,,,,False,training_population,63.2894,-145.4738,RGI60-01.00570,1,1858.0,17.567,14.0,172.0,0.1
90,GULKANA,1979,-0.22,1978-09-15,1979-09-14,603.3586889902774,556.5832425679993,5.870932715872079,,,,,False,training_population,63.2894,-145.4738,RGI60-01.00570,1,1858.0,17.567,14.0,172.0,0.1
90,GULKANA,1980,0.56,1979-09-14,1980-08-13,436.94595692952674,529.1090421499831,5.505847918879901,,,,,False,training_population,63.2894,-145.4738,RGI60-01.00570,1,1858.0,17.567,14.0,172.0,0.1
90,GULKANA,1981,-0.18,1980-08-13,1981-08-10,448.9934219360377,497.0967664291948,4.359867943657791,,,,,False,training_population,63.2894,-145.4738,RGI60-01.00570,1,1858.0,17.567,14.0,172.0,0.1
90,GULKANA,1982,-0.57,1981-08-10,1982-08-28,569.4812580108669,558.7005140446912,4.805233433583141,,,,,False,training_population,63.2894,-145.4738,RGI60-01.00570,1,1858.0,17.567,14.0,172.0,0.1
90,GULKANA,1983,0.32,1982-08-28,1983-08-04,453.8203366597514,524.3360665142127,5.875812701902549,,,,,False,training_population,63.2894,-145.4738,RGI60-01.00570,1,1858.0,17.567,14.0,172.0,0.1
90,GULKANA,1984,-0.56,1983-08-04,1984-08-22,567.1232889811223,583.6626129728373,4.9889217663097885,,,,,False,training_population,63.2894,-145.4738,RGI60-01.00570,1,1858.0,17.567,14.0,172.0,0.1
90,GULKANA,1985,-0.34,1984-08-22,1985-08-07,338.80604273478394,711.386800524064,3.4646011597071187,,,,,False,training_population,63.2894,-145.4738,RGI60-01.00570,1,1858.0,17.567,14.0,172.0,0.1
90,GULKANA,1986,-0.04,1985-08-07,1986-08-11,511.029447046918,514.9972300340409,4.97299323983211,,,,,False,training_population,63.2894,-145.4738,RGI60-01.00570,1,1858.0,17.567,14.0,172.0,0.1
90,GULKANA,1987,-0.69,1986-08-11,1987-09-02,599.4339145660432,580.4359151897778,4.645638571094999,,,,,False,training_population,63.2894,-145.4738,RGI60-01.00570,1,1858.0,17.567,14.0,172.0,0.1
90,GULKANA,1988,-0.02,1987-09-02,1988-08-10,450.3239939371765,597.0871268366942,5.95208834616793,,,,,False,training_population,63.2894,-145.4738,RGI60-01.00570,1,1858.0,17.567,14.0,172.0,0.1
90,GULKANA,1989,-0.49,1988-08-10,1989-09-04,750.5714591980014,514.4719110432305,6.25749969817047,,,,,False,training_population,63.2894,-145.4738,RGI60-01.00570,1,1858.0,17.567,14.0,172.0,0.1
90,GULKANA,1990,-0.74,1989-09-04,1990-09-01,742.0492492675808,625.4762193023815,6.960922101615154,,,,,False,training_population,63.2894,-145.4738,RGI60-01.00570,1,1858.0,17.567,14.0,172.0,0.1
90,GULKANA,1991,-0.49,1990-09-01,1991-09-07,544.1638223012317,589.3626604144799,5.143569654658245,,,,,False,training_population,63.2894,-145.4738,RGI60-01.00570,1,1858.0,17.567,14.0,172.0,0.1
90,GULKANA,1992,-0.78,1991-09-07,1992-08-30,518.9294598897322,534.7895920991803,5.372580876891888,,,,,False,training_population,63.2894,-145.4738,RGI60-01.00570,1,1858.0,17.567,14.0,172.0,0.1
90,GULKANA,1993,-1.58,1992-08-30,1993-09-01,691.4936539967878,453.8506560815528,6.680920618476614,,,,,False,training_population,63.2894,-145.4738,RGI60-01.00570,1,1858.0,17.567,14.0,172.0,0.1
90,GULKANA,1994,-0.46,1993-09-01,1994-09-10,678.7351264953642,637.5172105862248,6.6177490054697445,,,,,False,training_population,63.2894,-145.4738,RGI60-01.00570,1,1858.0,17.567,14.0,172.0,0.1
90,GULKANA,1995,-1.08,1994-09-10,1995-10-07,655.0858680725128,506.1847806331201,5.598316654260631,,,,,False,training_population,63.2894,-145.4738,RGI60-01.00570,1,1858.0,17.567,14.0,172.0,0.1
90,GULKANA,1996,-0.54,1995-10-07,1996-08-24,451.5771509806336,317.3230024902374,5.164443962246787,,,,,False,training_population,63.2894,-145.4738,RGI60-01.00570,1,1858.0,17.567,14.0,172.0,0.1
90,GULKANA,1997,-2.01,1996-08-24,1997-09-27,735.0907057444284,455.5475559000186,6.341621182759625,,,,,False,training_population,63.2894,-145.4738,RGI60-01.00570,1,1858.0,17.567,14.0,172.0,0.1
90,GULKANA,1998,-0.52,1997-09-27,1998-08-05,389.4916950225845,343.41316685766543,5.487455294830651,,,,,False,training_population,63.2894,-145.4738,RGI60-01.00570,1,1858.0,17.567,14.0,172.0,0.1
90,GULKANA,1999,-1.48,1998-08-05,1999-08-24,644.4573900858588,461.850125231237,5.604334251085938,,,,,False,training_population,63.2894,-145.4738,RGI60-01.00570,1,1858.0,17.567,14.0,172.0,0.1
90,GULKANA,2000,-0.02,1999-08-24,2000-08-17,428.4368203481062,721.0808285671355,4.626638733324177,,,,,False,training_population,63.2894,-145.4738,RGI60-01.00570,1,1858.0,17.567,14.0,172.0,0.1
90,GULKANA,2001,-1.02,2000-08-17,2001-09-03,574.8697593688992,617.7605860515775,5.20959837369832,,,,,False,training_population,63.2894,-145.4738,RGI60-01.00570,1,1858.0,17.567,14.0,172.0,0.1
90,GULKANA,2002,-0.6,2001-09-03,2002-08-05,481.0015112559024,370.6006929248282,6.089171914380032,,,,,False,training_population,63.2894,-145.4738,RGI60-01.00570,1,1858.0,17.567,14.0,172.0,0.1
90,GULKANA,2003,0.51,2002-08-05,2003-08-16,644.0088771820099,545.184292182892,5.735080765455221,,,,,False,training_population,63.2894,-145.4738,RGI60-01.00570,1,1858.0,17.567,14.0,172.0,0.1
90,GULKANA,2004,-2.48,2003-08-16,2004-09-01,1019.161386617028,384.20174888076986,8.472773176358093,,,,,False,training_population,63.2894,-145.4738,RGI60-01.00570,1,1858.0,17.567,14.0,172.0,0.1
90,GULKANA,2005,-0.55,2004-09-01,2005-08-20,663.9276624043807,690.1791109863318,7.264604383241026,,,,,False,training_population,63.2894,-145.4738,RGI60-01.00570,1,1858.0,17.567,14.0,172.0,0.1
90,GULKANA,2006,0.52,2005-08-20,2006-08-14,510.3137242635119,519.9361787887575,5.065000320668444,,,,,False,training_population,63.2894,-145.4738,RGI60-01.00570,1,1858.0,17.567,14.0,172.0,0.1
90,GULKANA,2007,-0.13,2006-08-14,2007-09-12,800.1294823964472,546.7628246604335,6.2206172596324825,,,,,False,training_population,63.2894,-145.4738,RGI60-01.00570,1,1858.0,17.567,14.0,172.0,0.1
90,GULKANA,2008,1.4,2007-09-12,2008-07-16,246.7963273366305,403.4656230112717,5.023656629479473,,,,,False,training_population,63.2894,-145.4738,RGI60-01.00570,1,1858.0,17.567,14.0,172.0,0.1
90,GULKANA,2009,-0.51,2008-07-16,2009-08-11,778.2058845520053,487.0416999364515,5.805026760154768,,,,,False,training_population,63.2894,-145.4738,RGI60-01.00570,1,1858.0,17.567,14.0,172.0,0.1
90,GULKANA,2010,-1.57,2009-08-11,2010-09-22,795.01675580343,371.5205851433972,5.002164228546255,,,,,False,training_population,63.2894,-145.4738,RGI60-01.00570,1,1858.0,17.567,14.0,172.0,0.1
90,GULKANA,2011,-1.58,2010-09-22,2011-09-21,557.2860621134466,364.3992359649424,5.087815359364408,,,,,False,training_population,63.2894,-145.4738,RGI60-01.00570,1,1858.0,17.567,14.0,172.0,0.1
90,GULKANA,2012,-0.31,2011-09-21,2012-08-23,456.539875539146,502.0530810199873,5.256684943607898,,,,,False,training_population,63.2894,-145.4738,RGI60-01.00570,1,1858.0,17.567,14.0,172.0,0.1
90,GULKANA,2013,-1.13,2012-08-23,2013-08-18,736.4295019785588,657.7665147954832,7.66618007746612,,,,,False,training_population,63.2894,-145.4738,RGI60-01.00570,1,1858.0,17.567,14.0,172.0,0.1
90,GULKANA,2014,0.01,2013-08-18,2014-08-24,546.3827022552521,604.6725856006567,4.78938553935352,,,,,False,training_population,63.2894,-145.4738,RGI60-01.00570,1,1858.0,17.567,14.0,172.0,0.1
90,GULKANA,2015,-1.23,2014-08-24,2015-08-25,692.8712759653754,389.0201080052442,5.915073060651216,,,,,False,training_population,63.2894,-145.4738,RGI60-01.00570,1,1858.0,17.567,14.0,172.0,0.1
90,GULKANA,2016,-1.26,2015-08-25,2016-09-04,705.05184110006,527.331540490394,6.060318690598635,,,,,False,training_population,63.2894,-145.4738,RGI60-01.00570,1,1858.0,17.567,14.0,172.0,0.1
90,GULKANA,2017,-1.84,2016-09-04,2017-09-09,689.2927739461293,311.8979454709922,6.79809140329778,,,,,False,training_population,63.2894,-145.4738,RGI60-01.00570,1,1858.0,17.567,14.0,172.0,0.1
90,GULKANA,2018,-0.36,2017-09-09,2018-09-20,591.5879868825307,613.8106579980551,5.566476108716904,,,,,False,training_population,63.2894,-145.4738,RGI60-01.00570,1,1858.0,17.567,14.0,172.0,0.1
90,GULKANA,2019,-1.46,2018-09-20,2019-09-15,853.7561856587756,475.6107937743436,7.88441273647808,,,,,False,training_population,63.2894,-145.4738,RGI60-01.00570,1,1858.0,17.567,14.0,172.0,0.1
90,GULKANA,2020,-0.21,2019-09-15,2020-08-29,588.2428633372019,669.0777651368087,5.796558938203061,,,,,False,training_population,63.2894,-145.4738,RGI60-01.00570,1,1858.0,17.567,14.0,172.0,0.1
90,GULKANA,2021,-0.71,2020-08-29,2021-08-08,563.6539212544781,469.61515964487785,7.17314182210854,,,,,False,training_population,63.2894,-145.4738,RGI60-01.00570,1,1858.0,17.567,14.0,172.0,0.1
90,GULKANA,2022,-1.05,2021-08-08,2022-09-01,806.5838734944689,543.6962668424846,6.208669916788757,,,,,False,training_population,63.2894,-145.4738,RGI60-01.00570,1,1858.0,17.567,14.0,172.0,0.1
90,GULKANA,2023,-0.4,2022-08-25,2023-08-29,691.1404829661076,699.3120496713275,6.744108513376579,,,,,False,training_population,63.2894,-145.4738,RGI60-01.00570,1,1858.0,17.567,14.0,172.0,0.1
90,GULKANA,2024,-0.4,2023-08-29,2024-08-18,579.5504417419459,572.9634814378599,6.745127459270221,,,,,False,training_population,63.2894,-145.4738,RGI60-01.00570,1,1858.0,17.567,14.0,172.0,0.1
90,GULKANA,2025,-0.71,2024-08-18,2025-09-21,785.7731828053826,569.8142980138883,6.266685920091567,,,,,False,training_population,63.2894,-145.4738,RGI60-01.00570,1,1858.0,17.567,14.0,172.0,0.1
94,WOLVERINE,1966,-0.48,1965-07-02,1966-09-17,387.3627916971871,1274.629857765799,3.712943697666802,,,,,False,training_population,60.4298,-148.9049,RGI60-01.09162,1,1267.0,16.749,11.0,188.0,0.1
94,WOLVERINE,1967,-1.2,1966-09-17,1967-09-05,536.1261260986357,1586.7979012407964,4.956096246968169,,,,,False,training_population,60.4298,-148.9049,RGI60-01.09162,1,1267.0,16.749,11.0,188.0,0.1
94,WOLVERINE,1968,-0.8,1967-09-05,1968-09-25,546.9822315216096,2576.7236805577304,4.457606417890929,,,,,False,training_population,60.4298,-148.9049,RGI60-01.09162,1,1267.0,16.749,11.0,188.0,0.1
94,WOLVERINE,1969,0.29,1968-09-25,1969-09-26,470.7015140533476,2453.638413832568,4.049640225673089,,,,,False,training_population,60.4298,-148.9049,RGI60-01.09162,1,1267.0,16.749,11.0,188.0,0.1
94,WOLVERINE,1970,1.83,1969-09-26,1970-09-18,302.3004154205355,3554.7387922767475,2.404901917775495,,,,,False,training_population,60.4298,-148.9049,RGI60-01.09162,1,1267.0,16.749,11.0,188.0,0.1
94,WOLVERINE,1971,0.39,1970-09-18,1971-09-30,343.3673617045109,3243.287006208508,3.430392485079579,,,,,False,training_population,60.4298,-148.9049,RGI60-01.09162,1,1267.0,16.749,11.0,188.0,0.1
94,WOLVERINE,1972,-0.96,1971-09-30,1972-09-25,381.7385861714709,1815.663037208612,3.522331056733088,,,,,False,training_population,60.4298,-148.9049,RGI60-01.09162,1,1267.0,16.749,11.0,188.0,0.1
94,WOLVERINE,1973,0.54,1972-09-25,1973-09-05,265.7765532175721,2587.7683392761064,2.7324563717496777,,,,,False,training_population,60.4298,-148.9049,RGI60-01.09162,1,1267.0,16.749,11.0,188.0,0.1
94,WOLVERINE,1974,-1.14,1973-09-05,1974-09-30,622.8819019317662,2041.6917855066283,4.885871008168119,,,,,False,training_population,60.4298,-148.9049,RGI60-01.09162,1,1267.0,16.749,11.0,188.0,0.1
94,WOLVERINE,1975,-0.02,1974-09-30,1975-09-27,348.18713162740335,3012.94998055797,3.163596407572449,,,,,False,training_population,60.4298,-148.9049,RGI60-01.09162,1,1267.0,16.749,11.0,188.0,0.1
94,WOLVERINE,1976,-0.68,1975-09-27,1976-09-06,525.7538509368923,2361.920151833672,5.213799571990987,,,,,False,training_population,60.4298,-148.9049,RGI60-01.09162,1,1267.0,16.749,11.0,188.0,0.1
94,WOLVERINE,1977,2.08,1976-09-06,1977-09-27,915.2725059509312,4265.03708447099,7.974176992886329,,,,,False,training_population,60.4298,-148.9049,RGI60-01.09162,1,1267.0,16.749,11.0,188.0,0.1
94,WOLVERINE,1978,0.9,1977-09-27,1978-09-29,752.4546497345002,3176.668788772829,6.633288962599182,,,,,False,training_population,60.4298,-148.9049,RGI60-01.09162,1,1267.0,16.749,11.0,188.0,0.1
94,WOLVERINE,1979,-1.22,1978-09-29,1979-09-23,764.9919031779001,2445.623253339214,6.457515950133856,,,,,False,training_population,60.4298,-148.9049,RGI60-01.09162,1,1267.0,16.749,11.0,188.0,0.1
94,WOLVERINE,1980,2.01,1979-09-23,1980-10-01,717.3988868713413,3938.705524720408,6.705598145636982,,,,,False,training_population,60.4298,-148.9049,RGI60-01.09162,1,1267.0,16.749,11.0,188.0,0.1
94,WOLVERINE,1981,3.49,1980-10-01,1981-09-11,813.6591546376578,3589.402544395856,7.389182400357919,,,,,False,training_population,60.4298,-148.9049,RGI60-01.09162,1,1267.0,16.749,11.0,188.0,0.1
94,WOLVERINE,1982,-0.5,1981-09-11,1982-09-28,735.0204031626415,2197.221529366406,6.519940623684224,,,,,False,training_population,60.4298,-148.9049,RGI60-01.09162,1,1267.0,16.749,11.0,188.0,0.1
94,WOLVERINE,1983,-0.67,1982-09-28,1983-09-23,772.5876533508331,2926.2547119020287,7.371481437959555,,,,,False,training_population,60.4298,-148.9049,RGI60-01.09162,1,1267.0,16.749,11.0,188.0,0.1
94,WOLVERINE,1984,-0.55,1983-09-23,1984-09-29,834.732241948449,2681.6134747390165,7.701465190666333,,,,,False,training_population,60.4298,-148.9049,RGI60-01.09162,1,1267.0,16.749,11.0,188.0,0.1
94,WOLVERINE,1985,0.07,1984-09-29,1985-09-17,647.1072297414173,2863.829682927616,5.668058117576291,,,,,False,training_population,60.4298,-148.9049,RGI60-01.09162,1,1267.0,16.749,11.0,188.0,0.1
94,WOLVERINE,1986,-0.6,1985-09-17,1986-10-03,781.6292299906446,2714.8452803801565,6.544769962974238,,,,,False,training_population,60.4298,-148.9049,RGI60-01.09162,1,1267.0,16.749,11.0,188.0,0.1
94,WOLVERINE,1987,1.22,1986-10-03,1987-09-11,687.0468242645293,3535.380793183087,6.5848418166672245,,,,,False,training_population,60.4298,-148.9049,RGI60-01.09162,1,1267.0,16.749,11.0,188.0,0.1
94,WOLVERINE,1988,0.83,1987-09-11,1988-09-14,724.0931194305454,3703.528292213704,7.028659155748917,,,,,False,training_population,60.4298,-148.9049,RGI60-01.09162,1,1267.0,16.749,11.0,188.0,0.1
94,WOLVERINE,1989,-1.8,1988-09-14,1989-09-29,923.475585047408,2045.2300131339807,7.921460627127411,,,,,False,training_population,60.4298,-148.9049,RGI60-01.09162,1,1267.0,16.749,11.0,188.0,0.1
94,WOLVERINE,1990,-2.6,1989-09-29,1990-09-21,971.9440460205116,2361.596618519485,8.52774852116905,,,,,False,training_population,60.4298,-148.9049,RGI60-01.09162,1,1267.0,16.749,11.0,188.0,0.1
94,WOLVERINE,1991,-0.65,1990-09-21,1991-09-23,720.026823425296,2548.4466512937265,6.401574990369296,,,,,False,training_population,60.4298,-148.9049,RGI60-01.09162,1,1267.0,16.749,11.0,188.0,0.1
94,WOLVERINE,1992,-0.42,1991-09-23,1992-09-18,713.7913027445506,2632.8355563958467,7.074878974582863,,,,,False,training_population,60.4298,-148.9049,RGI60-01.09162,1,1267.0,16.749,11.0,188.0,0.1
94,WOLVERINE,1993,-0.94,1992-09-18,1993-09-19,994.9489485422804,2783.594181869791,8.867005885856765,,,,,False,training_population,60.4298,-148.9049,RGI60-01.09162,1,1267.0,16.749,11.0,188.0,0.1
94,WOLVERINE,1994,-0.62,1993-09-19,1994-09-16,911.4792012532588,2840.73025120475,8.404782307666306,,,,,False,training_population,60.4298,-148.9049,RGI60-01.09162,1,1267.0,16.749,11.0,188.0,0.1
94,WOLVERINE,1995,-0.75,1994-09-16,1995-09-27,830.2611797332795,3262.717845632046,6.754712607895139,,,,,False,training_population,60.4298,-148.9049,RGI60-01.09162,1,1267.0,16.749,11.0,188.0,0.1
94,WOLVERINE,1996,-1.85,1995-09-27,1996-09-15,860.5648471832304,1906.7276371384407,7.461874732418358,,,,,False,training_population,60.4298,-148.9049,RGI60-01.09162,1,1267.0,16.749,11.0,188.0,0.1
94,WOLVERINE,1997,-2.15,1996-09-15,1997-09-26,1094.2690596262646,2242.14948486518,9.67302897218347,,,,,False,training_population,60.4298,-148.9049,RGI60-01.09162,1,1267.0,16.749,11.0,188.0,0.1
94,WOLVERINE,1998,0.63,1997-09-26,1998-10-07,673.6390282948844,3313.93101489844,6.1113813220591,,,,,False,training_population,60.4298,-148.9049,RGI60-01.09162,1,1267.0,16.749,11.0,188.0,0.1
94,WOLVERINE,1999,-1.06,1998-10-07,1999-09-17,809.7609489440949,2225.837118293885,7.719217015694905,,,,,False,training_population,60.4298,-148.9049,RGI60-01.09162,1,1267.0,16.749,11.0,188.0,0.1
94,WOLVERINE,2000,0.43,1999-09-17,2000-09-29,758.2744837443066,2908.932785175526,7.022625645347286,,,,,False,training_population,60.4298,-148.9049,RGI60-01.09162,1,1267.0,16.749,11.0,188.0,0.1
94,WOLVERINE,2001,0.25,2000-09-29,2001-09-22,898.8189160664907,3569.380328523096,8.566278207474886,,,,,False,training_population,60.4298,-148.9049,RGI60-01.09162,1,1267.0,16.749,11.0,188.0,0.1
94,WOLVERINE,2002,-0.61,2001-09-22,2002-09-13,888.7166704813669,2343.6367691172745,7.87180165829868,,,,,False,training_population,60.4298,-148.9049,RGI60-01.09162,1,1267.0,16.749,11.0,188.0,0.1
94,WOLVERINE,2003,-0.26,2002-09-13,2003-10-06,986.4229391733844,3082.567416533756,8.225204708265244,,,,,False,training_population,60.4298,-148.9049,RGI60-01.09162,1,1267.0,16.749,11.0,188.0,0.1
94,WOLVERINE,2004,-2.51,2003-10-06,2004-09-19,1196.5161660512324,2278.6320305087456,11.002693492778857,,,,,False,training_population,60.4298,-148.9049,RGI60-01.09162,1,1267.0,16.749,11.0,188.0,0.1
94,WOLVERINE,2005,-1.82,2004-09-19,2005-09-26,1124.8231433868443,2253.300461771538,9.31778404539912,,,,,False,training_population,60.4298,-148.9049,RGI60-01.09162,1,1267.0,16.749,11.0,188.0,0.1
94,WOLVERINE,2006,-0.95,2005-09-26,2006-09-20,778.3019991556837,2641.018450891842,6.787938054402695,,,,,False,training_population,60.4298,-148.9049,RGI60-01.09162,1,1267.0,16.749,11.0,188.0,0.1
94,WOLVERINE,2007,-0.52,2006-09-20,2007-10-22,852.9074790954626,2558.340089946455,7.457983734296738,,,,,False,training_population,60.4298,-148.9049,RGI60-01.09162,1,1267.0,16.749,11.0,188.0,0.1
94,WOLVERINE,2008,1.34,2007-10-22,2008-09-17,636.5684930165635,3023.9342090412647,5.960856277355271,,,,,False,training_population,60.4298,-148.9049,RGI60-01.09162,1,1267.0,16.749,11.0,188.0,0.1
94,WOLVERINE,2009,-1.52,2008-09-17,2009-10-18,1005.6646830240918,2001.7103020037368,8.412889264977519,,,,,False,training_population,60.4298,-148.9049,RGI60-01.09162,1,1267.0,16.749,11.0,188.0,0.1
94,WOLVERINE,2010,0.42,2009-10-18,2010-09-28,825.1058410644562,2977.936799264068,6.529124776867875,,,,,False,training_population,60.4298,-148.9049,RGI60-01.09162,1,1267.0,16.749,11.0,188.0,0.1
94,WOLVERINE,2011,-1.04,2010-09-28,2011-09-04,676.2631766001408,2200.4164018580886,6.798723668637506,,,,,False,training_population,60.4298,-148.9049,RGI60-01.09162,1,1267.0,16.749,11.0,188.0,0.1
94,WOLVERINE,2012,1.43,2011-09-04,2012-09-03,617.5358713785834,2728.4000467327905,5.915912550774193,,,,,False,training_population,60.4298,-148.9049,RGI60-01.09162,1,1267.0,16.749,11.0,188.0,0.1
94,WOLVERINE,2013,-1.67,2012-09-03,2013-09-18,1128.8114140828486,2289.8091321507545,9.890744207907437,,,,,False,training_population,60.4298,-148.9049,RGI60-01.09162,1,1267.0,16.749,11.0,188.0,0.1
94,WOLVERINE,2014,-1.66,2013-09-18,2014-10-02,945.8147455851276,2077.483667605264,7.191635040614939,,,,,False,training_population,60.4298,-148.9049,RGI60-01.09162,1,1267.0,16.749,11.0,188.0,0.1
94,WOLVERINE,2015,-0.74,2014-10-02,2015-09-09,939.9742772420276,2707.0477351654,8.667513991093312,,,,,False,training_population,60.4298,-148.9049,RGI60-01.09162,1,1267.0,16.749,11.0,188.0,0.1
94,WOLVERINE,2016,-0.03,2015-09-09,2016-10-15,1168.3186693827352,3627.5671604309528,9.28319210107778,,,,,False,training_population,60.4298,-148.9049,RGI60-01.09162,1,1267.0,16.749,11.0,188.0,0.1
94,WOLVERINE,2017,-0.97,2016-10-15,2017-09-30,821.7610277811718,2117.167122718939,7.446438677414626,,,,,False,training_population,60.4298,-148.9049,RGI60-01.09162,1,1267.0,16.749,11.0,188.0,0.1
94,WOLVERINE,2018,-1.77,2017-09-30,2018-10-02,955.5757279713982,2257.9650701884048,7.692958643816541,,,,,False,training_population,60.4298,-148.9049,RGI60-01.09162,1,1267.0,16.749,11.0,188.0,0.1
94,WOLVERINE,2019,-1.36,2018-10-02,2019-09-19,1301.1650371551548,2881.6586896842864,11.955508078699545,,,,,False,training_population,60.4298,-148.9049,RGI60-01.09162,1,1267.0,16.749,11.0,188.0,0.1
94,WOLVERINE,2020,-1.72,2019-09-19,2020-09-17,1012.309825770064,2117.984078738232,8.658296169059888,,,,,False,training_population,60.4298,-148.9049,RGI60-01.09162,1,1267.0,16.749,11.0,188.0,0.1
94,WOLVERINE,2021,-0.82,2020-09-17,2021-09-19,967.8759887695352,2254.4942872556853,8.180282577569956,,,,,False,training_population,60.4298,-148.9049,RGI60-01.09162,1,1267.0,16.749,11.0,188.0,0.1
94,WOLVERINE,2022,-1.11,2021-09-19,2022-09-21,1059.113696161909,2636.0658321217907,9.407958119157454,,,,,False,training_population,60.4298,-148.9049,RGI60-01.09162,1,1267.0,16.749,11.0,188.0,0.1
94,WOLVERINE,2023,-1.09,2022-09-20,2023-09-29,866.460204188033,2385.8990996291886,7.803620039898441,,,,,False,training_population,60.4298,-148.9049,RGI60-01.09162,1,1267.0,16.749,11.0,188.0,0.1
94,WOLVERINE,2024,-0.65,2023-09-12,2024-09-21,857.4053516387976,2513.45494650338,7.611639138926651,,,,,False,training_population,60.4298,-148.9049,RGI60-01.09162,1,1267.0,16.749,11.0,188.0,0.1
94,WOLVERINE,2025,0.64,2024-09-21,2025-10-10,964.5585671742798,3687.00067561548,7.971233255966875,,,,,False,training_population,60.4298,-148.9049,RGI60-01.09162,1,1267.0,16.749,11.0,188.0,0.1
124,TAKU,1946,0.13,1945-07-02,1946-07-02,,,,,,,,False,training_population,58.651001,-134.278,RGI60-01.01390,1,1367.0,521.396,5.0,118.0,0.1
124,TAKU,1947,0.53,1946-07-02,1947-07-02,,,,,,,,False,training_population,58.651001,-134.278,RGI60-01.01390,1,1367.0,521.396,5.0,118.0,0.1
124,TAKU,1948,0.69,1947-07-02,1948-07-01,,,,,,,,False,training_population,58.651001,-134.278,RGI60-01.01390,1,1367.0,521.396,5.0,118.0,0.1
124,TAKU,1949,1.1,1948-07-01,1949-07-02,,,,,,,,False,training_population,58.651001,-134.278,RGI60-01.01390,1,1367.0,521.396,5.0,118.0,0.1
124,TAKU,1950,-0.01,1949-07-02,1950-07-02,142.96157430013085,800.1439643757174,4.353835082054159,,,,,False,training_population,58.651001,-134.278,RGI60-01.01390,1,1367.0,521.396,5.0,118.0,0.1
124,TAKU,1951,-0.17,1950-07-02,1951-07-02,390.1772422790562,2089.222072538785,3.374084207404925,,,,,False,training_population,58.651001,-134.278,RGI60-01.01390,1,1367.0,521.396,5.0,118.0,0.1
124,TAKU,1952,0.33,1951-07-02,1952-07-01,468.81954409281656,2323.8848287909377,3.860256746540919,,,,,False,training_population,58.651001,-134.278,RGI60-01.01390,1,1367.0,521.396,5.0,118.0,0.1
124,TAKU,1953,0.02,1952-07-01,1953-07-02,453.0340774536167,2973.131848295647,3.716801938266642,,,,,False,training_population,58.651001,-134.278,RGI60-01.01390,1,1367.0,521.396,5.0,118.0,0.1
124,TAKU,1954,0.1,1953-07-02,1954-07-02,399.8275632222524,2574.3896049077543,3.641092807674087,,,,,False,training_population,58.651001,-134.278,RGI60-01.01390,1,1367.0,521.396,5.0,118.0,0.1
124,TAKU,1955,1.14,1954-07-02,1955-07-02,342.7130257924423,2680.7624920713665,2.866284840081351,,,,,False,training_population,58.651001,-134.278,RGI60-01.01390,1,1367.0,521.396,5.0,118.0,0.1
124,TAKU,1956,0.04,1955-07-02,1956-07-01,285.2890673319527,2375.29354076392,2.477613247304747,,,,,False,training_population,58.651001,-134.278,RGI60-01.01390,1,1367.0,521.396,5.0,118.0,0.1
124,TAKU,1957,0.13,1956-07-01,1957-07-02,443.05106086731286,2616.528139314642,3.7189801439326096,,,,,False,training_population,58.651001,-134.278,RGI60-01.01390,1,1367.0,521.396,5.0,118.0,0.1
124,TAKU,1958,0.38,1957-07-02,1958-07-02,568.8691098531123,2017.1006733341665,4.300481893341198,,,,,False,training_population,58.651001,-134.278,RGI60-01.01390,1,1367.0,521.396,5.0,118.0,0.1
124,TAKU,1959,0.52,1958-07-02,1959-07-02,361.7158167521187,2754.106494115188,3.3893071601895244,,,,,False,training_population,58.651001,-134.278,RGI60-01.01390,1,1367.0,521.396,5.0,118.0,0.1
124,TAKU,1960,0.33,1959-07-02,1960-07-01,289.96738103231087,2644.0023324181293,2.4073903581370706,,,,,False,training_population,58.651001,-134.278,RGI60-01.01390,1,1367.0,521.396,5.0,118.0,0.1
124,TAKU,1961,0.65,1960-07-01,1961-07-02,335.5092564900751,3032.230159716452,2.7892045271312327,,,,,False,training_population,58.651001,-134.278,RGI60-01.01390,1,1367.0,521.396,5.0,118.0,0.1
124,TAKU,1962,0.56,1961-07-02,1962-07-02,350.4586556752548,2567.9673796692487,3.010086156646862,,,,,False,training_population,58.651001,-134.278,RGI60-01.01390,1,1367.0,521.396,5.0,118.0,0.1
124,TAKU,1963,0.74,1962-07-02,1963-07-02,337.2106346130398,2745.994043363652,2.798173495603741,,,,,False,training_population,58.651001,-134.278,RGI60-01.01390,1,1367.0,521.396,5.0,118.0,0.1
124,TAKU,1964,1.3,1963-07-02,1964-07-01,468.7972949981719,2711.0653325730173,3.86599517075914,,,,,False,training_population,58.651001,-134.278,RGI60-01.01390,1,1367.0,521.396,5.0,118.0,0.1
124,TAKU,1965,0.96,1964-07-01,1965-07-02,301.19858754476195,2626.0650833814443,2.302294430834204,,,,,False,training_population,58.651001,-134.278,RGI60-01.01390,1,1367.0,521.396,5.0,118.0,0.1
124,TAKU,1966,0.25,1965-07-02,1966-07-02,429.8827496846549,2326.2918221759464,3.678550639545645,,,,,False,training_population,58.651001,-134.278,RGI60-01.01390,1,1367.0,521.396,5.0,118.0,0.1
124,TAKU,1967,0.42,1966-07-02,1967-07-02,417.27548332214656,2264.304808096064,3.6950033946704055,,,,,False,training_population,58.651001,-134.278,RGI60-01.01390,1,1367.0,521.396,5.0,118.0,0.1
124,TAKU,1968,0.63,1967-07-02,1968-07-01,371.84532814026215,2272.888589318434,2.9540294412253822,,,,,False,training_population,58.651001,-134.278,RGI60-01.01390,1,1367.0,521.396,5.0,118.0,0.1
124,TAKU,1969,1.34,1968-07-01,1969-07-02,463.5923927307159,1900.078844689752,4.238506808179514,,,,,False,training_population,58.651001,-134.278,RGI60-01.01390,1,1367.0,521.396,5.0,118.0,0.1
124,TAKU,1970,0.93,1969-07-02,1970-07-02,255.6523972829212,2566.745577705461,1.9398268026263268,,,,,False,training_population,58.651001,-134.278,RGI60-01.01390,1,1367.0,521.396,5.0,118.0,0.1
124,TAKU,1971,0.8,1970-07-02,1971-07-02,286.2837715148954,2287.822716947944,2.4331560524561304,,,,,False,training_population,58.651001,-134.278,RGI60-01.01390,1,1367.0,521.396,5.0,118.0,0.1
124,TAKU,1972,0.59,1971-07-02,1972-07-01,361.10047086080186,2218.787844803472,3.0719502683999105,,,,,False,training_population,58.651001,-134.278,RGI60-01.01390,1,1367.0,521.396,5.0,118.0,0.1
124,TAKU,1973,0.69,1972-07-01,1973-07-02,342.9221806844099,2332.818903627164,2.993667768924817,,,,,False,training_population,58.651001,-134.278,RGI60-01.01390,1,1367.0,521.396,5.0,118.0,0.1
124,TAKU,1974,0.75,1973-07-02,1974-07-02,203.7114807128929,2050.0345385535966,1.6385724891471405,,,,,False,training_population,58.651001,-134.278,RGI60-01.01390,1,1367.0,521.396,5.0,118.0,0.1
124,TAKU,1975,1.02,1974-07-02,1975-07-02,341.7243689219184,3218.91777482324,2.3254450945016965,,,,,False,training_population,58.651001,-134.278,RGI60-01.01390,1,1367.0,521.396,5.0,118.0,0.1
124,TAKU,1976,0.83,1975-07-02,1976-07-01,313.999534734093,2629.4908997187786,2.4984452261441263,,,,,False,training_population,58.651001,-134.278,RGI60-01.01390,1,1367.0,521.396,5.0,118.0,0.1
124,TAKU,1977,0.64,1976-07-01,1977-07-02,331.0711596171091,2709.534592466842,2.783004974473476,,,,,False,training_population,58.651001,-134.278,RGI60-01.01390,1,1367.0,521.396,5.0,118.0,0.1
124,TAKU,1978,0.48,1977-07-02,1978-07-02,401.4050914764432,2092.635002373182,3.829488160875131,,,,,False,training_population,58.651001,-134.278,RGI60-01.01390,1,1367.0,521.396,5.0,118.0,0.1
124,TAKU,1979,0.31,1978-07-02,1979-07-02,333.79372545878425,2542.8947684020286,2.8127305102604927,,,,,False,training_population,58.651001,-134.278,RGI60-01.01390,1,1367.0,521.396,5.0,118.0,0.1
124,TAKU,1980,0.71,1979-07-02,1980-07-01,466.6361915588412,2256.046959974636,3.927315544736581,,,,,False,training_population,58.651001,-134.278,RGI60-01.01390,1,1367.0,521.396,5.0,118.0,0.1
124,TAKU,1981,0.29,1980-07-01,1981-07-02,340.79187088013026,2410.1030170966314,2.718436001716797,,,,,False,training_population,58.651001,-134.278,RGI60-01.01390,1,1367.0,521.396,5.0,118.0,0.1
124,TAKU,1982,0.32,1981-07-02,1982-07-02,387.8282843271918,1841.346886545356,3.573993000591124,,,,,False,training_population,58.651001,-134.278,RGI60-01.01390,1,1367.0,521.396,5.0,118.0,0.1
124,TAKU,1983,-0.25,1982-07-02,1983-07-02,432.7232407887812,2087.2540801548566,3.437335313092876,,,,,False,training_population,58.651001,-134.278,RGI60-01.01390,1,1367.0,521.396,5.0,118.0,0.1
124,TAKU,1984,0.81,1983-07-02,1984-07-01,293.7223309834826,2138.3865034548817,2.7078771646472224,,,,,False,training_population,58.651001,-134.278,RGI60-01.01390,1,1367.0,521.396,5.0,118.0,0.1
124,TAKU,1985,1.57,1984-07-01,1985-07-02,279.98908983866664,2651.524956627188,2.3329881884527794,,,,,False,training_population,58.651001,-134.278,RGI60-01.01390,1,1367.0,521.396,5.0,118.0,0.1
124,TAKU,1986,1.37,1985-07-02,1986-07-02,323.28756078084587,2521.465178545068,2.8072073481843707,,,,,False,training_population,58.651001,-134.278,RGI60-01.01390,1,1367.0,521.396,5.0,118.0,0.1
124,TAKU,1987,0.56,1986-07-02,1987-07-02,350.2410120646192,2337.734398276524,2.765059933952984,,,,,False,training_population,58.651001,-134.278,RGI60-01.01390,1,1367.0,521.396,5.0,118.0,0.1
124,TAKU,1988,0.77,1987-07-02,1988-07-01,355.39740473429663,3145.270251663497,3.0833634763524373,,,,,False,training_population,58.651001,-134.278,RGI60-01.01390,1,1367.0,521.396,5.0,118.0,0.1
124,TAKU,1989,-0.64,1988-07-01,1989-07-02,355.7157875061068,2160.0887439719327,2.7179489649779645,,,,,False,training_population,58.651001,-134.278,RGI60-01.01390,1,1367.0,521.396,5.0,118.0,0.1
124,TAKU,1990,-0.28,1989-07-02,1990-07-02,480.6589993794792,2269.146676396634,3.9828369742226224,,,,,False,training_population,58.651001,-134.278,RGI60-01.01390,1,1367.0,521.396,5.0,118.0,0.1
124,TAKU,1991,0.55,1990-07-02,1991-07-02,457.744802347822,2366.86636975524,3.88860347843514,,,,,False,training_population,58.651001,-134.278,RGI60-01.01390,1,1367.0,521.396,5.0,118.0,0.1
124,TAKU,1992,0.34,1991-07-02,1992-07-01,372.0373933156365,2943.9784690452125,3.1613655145617767,,,,,False,training_population,58.651001,-134.278,RGI60-01.01390,1,1367.0,521.396,5.0,118.0,0.1
124,TAKU,1993,0.13,1992-07-01,1993-07-02,386.2707288106311,2548.3515207660366,3.221026018832614,,,,,False,training_population,58.651001,-134.278,RGI60-01.01390,1,1367.0,521.396,5.0,118.0,0.1
124,TAKU,1994,0.26,1993-07-02,1994-07-02,445.4422776540156,2508.682967086564,3.598572599076052,,,,,False,training_population,58.651001,-134.278,RGI60-01.01390,1,1367.0,521.396,5.0,118.0,0.1
124,TAKU,1995,-0.42,1994-07-02,1995-10-06,803.3368850708068,1932.936058430233,3.771108777746422,,,,,False,training_population,58.651001,-134.278,RGI60-01.01390,1,1367.0,521.396,5.0,118.0,0.1
124,TAKU,1996,-0.21,1995-10-06,1996-09-20,323.8636301676461,1813.654007563312,3.0177112855773287,,,,,False,training_population,58.651001,-134.278,RGI60-01.01390,1,1367.0,521.396,5.0,118.0,0.1
124,TAKU,1997,-0.7,1996-09-20,1997-10-03,457.0565619150832,2034.7276994171536,3.80411745016128,,,,,False,training_population,58.651001,-134.278,RGI60-01.01390,1,1367.0,521.396,5.0,118.0,0.1
124,TAKU,1998,-0.23,1997-10-03,1998-09-28,389.5250722249377,2265.258984271998,3.3947569377180664,,,,,False,training_population,58.651001,-134.278,RGI60-01.01390,1,1367.0,521.396,5.0,118.0,0.1
124,TAKU,1999,0.41,1998-09-28,1999-09-28,377.7749951680531,2315.8589369500824,3.494899547963925,,,,,False,training_population,58.651001,-134.278,RGI60-01.01390,1,1367.0,521.396,5.0,118.0,0.1
124,TAKU,2000,0.88,1999-09-28,2000-09-28,284.6809696197539,2993.079960969769,2.612067801710513,,,,,False,training_population,58.651001,-134.278,RGI60-01.01390,1,1367.0,521.396,5.0,118.0,0.1
124,TAKU,2001,0.37,2000-09-28,2001-09-28,308.36451365153243,2711.593744252088,2.8988393133965284,,,,,False,training_population,58.651001,-134.278,RGI60-01.01390,1,1367.0,521.396,5.0,118.0,0.1
124,TAKU,2002,-0.21,2001-09-28,2002-09-30,331.83746643066723,2067.03066153662,2.7481585848158905,,,,,False,training_population,58.651001,-134.278,RGI60-01.01390,1,1367.0,521.396,5.0,118.0,0.1
124,TAKU,2003,-1.41,2002-09-30,2003-10-12,384.8201736450229,2059.0210771019247,2.9133044450179617,,,,,False,training_population,58.651001,-134.278,RGI60-01.01390,1,1367.0,521.396,5.0,118.0,0.1
124,TAKU,2004,-0.77,2003-10-12,2004-10-05,500.3763147989941,2559.377337764377,4.617632422239906,,,,,False,training_population,58.651001,-134.278,RGI60-01.01390,1,1367.0,521.396,5.0,118.0,0.1
124,TAKU,2005,-0.26,2004-10-05,2005-09-26,432.8794610341428,2601.638538258367,3.44017191762512,,,,,False,training_population,58.651001,-134.278,RGI60-01.01390,1,1367.0,521.396,5.0,118.0,0.1
124,TAKU,2006,0.23,2005-09-26,2006-09-23,316.11563453674603,2483.243572153462,2.781972531304864,,,,,False,training_population,58.651001,-134.278,RGI60-01.01390,1,1367.0,521.396,5.0,118.0,0.1
124,TAKU,2007,0.02,2006-09-23,2007-09-15,367.9000387827586,2446.005581862423,3.129188232145471,,,,,False,training_population,58.651001,-134.278,RGI60-01.01390,1,1367.0,521.396,5.0,118.0,0.1
124,TAKU,2008,0.57,2007-09-15,2008-10-02,286.6368382771837,2706.040391129917,2.0119887006455803,,,,,False,training_population,58.651001,-134.278,RGI60-01.01390,1,1367.0,521.396,5.0,118.0,0.1
124,TAKU,2009,-0.17,2008-10-02,2009-09-21,427.8294423421252,2280.123508710446,3.773563694608407,,,,,False,training_population,58.651001,-134.278,RGI60-01.01390,1,1367.0,521.396,5.0,118.0,0.1
124,TAKU,2010,-0.21,2009-09-21,2010-10-02,333.76237678528145,2393.9655643864057,2.5356272324272027,,,,,False,training_population,58.651001,-134.278,RGI60-01.01390,1,1367.0,521.396,5.0,118.0,0.1
124,TAKU,2011,-0.29,2010-10-02,2011-09-27,285.95997645060504,2195.7159260754224,2.347372226438684,,,,,False,training_population,58.651001,-134.278,RGI60-01.01390,1,1367.0,521.396,5.0,118.0,0.1
124,TAKU,2012,1.13,2011-09-27,2012-10-11,289.641780344648,3069.261467610825,2.456776914734794,,,,,False,training_population,58.651001,-134.278,RGI60-01.01390,1,1367.0,521.396,5.0,118.0,0.1
124,TAKU,2013,-0.68,2012-10-11,2013-10-02,471.2743593851754,2279.2519582498016,3.799357772219029,,,,,False,training_population,58.651001,-134.278,RGI60-01.01390,1,1367.0,521.396,5.0,118.0,0.1
124,TAKU,2014,-0.62,2013-10-02,2014-09-29,382.9327515920037,2106.462157662133,2.946936253533873,,,,,False,training_population,58.651001,-134.278,RGI60-01.01390,1,1367.0,521.396,5.0,118.0,0.1
124,TAKU,2015,-0.96,2014-09-29,2015-10-12,417.9083357493112,2589.6508846171323,3.1854698264080747,,,,,False,training_population,58.651001,-134.278,RGI60-01.01390,1,1367.0,521.396,5.0,118.0,0.1
124,TAKU,2016,-0.86,2015-10-12,2016-10-14,442.2607411702509,2307.619785124697,3.6752545232358433,,,,,False,training_population,58.651001,-134.278,RGI60-01.01390,1,1367.0,521.396,5.0,118.0,0.1
124,TAKU,2017,-0.52,2016-10-14,2017-10-01,349.19412549337017,1922.5621998560564,2.82747938874841,,,,,False,training_population,58.651001,-134.278,RGI60-01.01390,1,1367.0,521.396,5.0,118.0,0.1
124,TAKU,2018,-1.35,2017-10-01,2018-10-04,399.4005261739126,1980.2405452569192,3.5748697695525022,,,,,False,training_population,58.651001,-134.278,RGI60-01.01390,1,1367.0,521.396,5.0,118.0,0.1
124,TAKU,2019,-2.27,2018-10-04,2019-10-05,490.88094660441465,1863.1407319369832,3.819409410504352,,,,,False,training_population,58.651001,-134.278,RGI60-01.01390,1,1367.0,521.396,5.0,118.0,0.1
124,TAKU,2020,-0.18,2019-10-05,2020-10-16,417.5438925425247,2770.830846918173,3.1367596045784585,,,,,False,training_population,58.651001,-134.278,RGI60-01.01390,1,1367.0,521.396,5.0,118.0,0.1
124,TAKU,2021,0.03,2020-10-16,2021-09-26,416.071939086917,2799.282624460005,3.76986980300021,,,,,False,training_population,58.651001,-134.278,RGI60-01.01390,1,1367.0,521.396,5.0,118.0,0.1
124,TAKU,2022,-0.28,2021-09-26,2022-10-12,524.4102722168002,2712.928253938927,4.418616272746674,,,,,False,training_population,58.651001,-134.278,RGI60-01.01390,1,1367.0,521.396,5.0,118.0,0.1
124,TAKU,2023,-1.13,2022-10-12,2023-10-21,522.0893543243444,2359.6139674733186,4.051635070469091,,,,,False,training_population,58.651001,-134.278,RGI60-01.01390,1,1367.0,521.396,5.0,118.0,0.1
124,TAKU,2024,-0.32,2023-10-29,2024-09-24,395.2904661814399,2345.01918754858,3.7204462466032817,,,,,False,training_population,58.651001,-134.278,RGI60-01.01390,1,1367.0,521.396,5.0,118.0,0.1
124,TAKU,2025,-0.16,2024-09-24,2025-10-14,405.299458058678,2794.5380841910214,3.363279755910259,,,,,False,training_population,58.651001,-134.278,RGI60-01.01390,1,1367.0,521.396,5.0,118.0,0.1
205,SOUTH CASCADE,1953,-0.6,1952-10-01,1953-09-30,1065.446612294519,1301.953209291515,7.423268123295019,,,,,True,training_population,48.3475,-121.0479,RGI60-02.18778,2,1891.0,2.924,12.8,350.0,0.1
205,SOUTH CASCADE,1955,0.3,1954-10-01,1955-09-30,1047.3719526926725,1498.2006802839755,7.261097339961863,,,,,True,training_population,48.3475,-121.0479,RGI60-02.18778,2,1891.0,2.924,12.8,350.0,0.1
205,SOUTH CASCADE,1956,0.2,1955-10-01,1956-09-30,1255.312255859379,1979.278131964449,8.192614104782347,,,,,True,training_population,48.3475,-121.0479,RGI60-02.18778,2,1891.0,2.924,12.8,350.0,0.1
205,SOUTH CASCADE,1957,-0.2,1956-10-01,1957-09-30,1318.0878429412887,1684.4986191329313,7.656716525036381,,,,,True,training_population,48.3475,-121.0479,RGI60-02.18778,2,1891.0,2.924,12.8,350.0,0.1
205,SOUTH CASCADE,1958,-3.3,1957-10-01,1958-09-30,1603.0415387471555,1531.1216790997903,12.11336591831154,,,,,True,training_population,48.3475,-121.0479,RGI60-02.18778,2,1891.0,2.924,12.8,350.0,0.1
205,SOUTH CASCADE,1959,0.54,1958-07-02,1959-07-02,1457.4571802775104,2051.2557043013294,11.185661501867392,,,,,False,training_population,48.3475,-121.0479,RGI60-02.18778,2,1891.0,2.924,12.8,350.0,0.1
205,SOUTH CASCADE,1960,-0.66,1959-07-02,1960-07-01,1043.3052347819057,1498.954041276505,7.140801179581813,,,,,False,training_population,48.3475,-121.0479,RGI60-02.18778,2,1891.0,2.924,12.8,350.0,0.1
205,SOUTH CASCADE,1961,-1.26,1960-07-01,1961-07-02,1366.8335077921597,1766.4862526443378,9.472780096446394,,,,,False,training_population,48.3475,-121.0479,RGI60-02.18778,2,1891.0,2.924,12.8,350.0,0.1
205,SOUTH CASCADE,1962,0.04,1961-07-02,1962-07-02,1309.8122248331752,1567.3973488672068,10.090224660511108,,,,,False,training_population,48.3475,-121.0479,RGI60-02.18778,2,1891.0,2.924,12.8,350.0,0.1
205,SOUTH CASCADE,1963,-1.46,1962-07-02,1963-07-02,1207.9320241292369,1381.964897647592,7.635168063256073,,,,,False,training_population,48.3475,-121.0479,RGI60-02.18778,2,1891.0,2.924,12.8,350.0,0.1
205,SOUTH CASCADE,1964,1.04,1963-07-02,1964-07-01,1329.225887425745,2035.5696105494696,8.434070599597456,,,,,False,training_population,48.3475,-121.0479,RGI60-02.18778,2,1891.0,2.924,12.8,350.0,0.1
205,SOUTH CASCADE,1965,-0.33,1964-07-01,1965-07-02,983.754956690475,1595.5507140799518,6.264724478484912,,,,,False,training_population,48.3475,-121.0479,RGI60-02.18778,2,1891.0,2.924,12.8,350.0,0.1
205,SOUTH CASCADE,1966,-1.19,1965-07-02,1966-07-02,1320.2990671793668,1469.1096912741095,8.6799568545434,,,,,False,training_population,48.3475,-121.0479,RGI60-02.18778,2,1891.0,2.924,12.8,350.0,0.1
205,SOUTH CASCADE,1967,-0.79,1966-07-02,1967-07-02,1307.3954207102497,2083.3998457152848,8.82021253305526,,,,,False,training_population,48.3475,-121.0479,RGI60-02.18778,2,1891.0,2.924,12.8,350.0,0.1
205,SOUTH CASCADE,1968,-0.15,1967-07-02,1968-07-01,1405.7610468546598,1766.9036434381055,9.217457175600378,,,,,False,training_population,48.3475,-121.0479,RGI60-02.18778,2,1891.0,2.924,12.8,350.0,0.1
205,SOUTH CASCADE,1969,-0.89,1968-07-01,1969-07-02,1336.397953542078,1726.932572858875,9.309711893230489,,,,,False,training_population,48.3475,-121.0479,RGI60-02.18778,2,1891.0,2.924,12.8,350.0,0.1
205,SOUTH CASCADE,1970,-1.36,1969-07-02,1970-07-02,1252.073975499475,1338.836515824319,9.149861244830632,,,,,False,training_population,48.3475,-121.0479,RGI60-02.18778,2,1891.0,2.924,12.8,350.0,0.1
205,SOUTH CASCADE,1971,0.44,1970-07-02,1971-07-02,1243.260837809249,2101.6001951736243,9.121537233851738,,,,,False,training_population,48.3475,-121.0479,RGI60-02.18778,2,1891.0,2.924,12.8,350.0,0.1
205,SOUTH CASCADE,1972,1.27,1971-07-02,1972-07-01,1180.7603280385376,2193.3753303592453,8.451373105809331,,,,,False,training_population,48.3475,-121.0479,RGI60-02.18778,2,1891.0,2.924,12.8,350.0,0.1
205,SOUTH CASCADE,1973,-1.2,1972-07-01,1973-07-02,1078.5308685302778,1382.909114658627,7.363337365278983,,,,,False,training_population,48.3475,-121.0479,RGI60-02.18778,2,1891.0,2.924,12.8,350.0,0.1
205,SOUTH CASCADE,1974,0.86,1973-07-02,1974-07-02,1218.2448268890423,2289.208076218429,8.907976856026622,,,,,False,training_population,48.3475,-121.0479,RGI60-02.18778,2,1891.0,2.924,12.8,350.0,0.1
205,SOUTH CASCADE,1975,-0.21,1974-07-02,1975-07-02,1145.1325464884485,1588.5116410809414,6.750748563923737,,,,,False,training_population,48.3475,-121.0479,RGI60-02.18778,2,1891.0,2.924,12.8,350.0,0.1
205,SOUTH CASCADE,1976,0.79,1975-07-02,1976-07-01,1155.2610754648892,2110.710896169955,7.328349091350192,,,,,False,training_population,48.3475,-121.0479,RGI60-02.18778,2,1891.0,2.924,12.8,350.0,0.1
205,SOUTH CASCADE,1977,-1.46,1976-07-01,1977-07-02,1339.3853200276744,910.6243896102732,8.044406861109117,,,,,False,training_population,48.3475,-121.0479,RGI60-02.18778,2,1891.0,2.924,12.8,350.0,0.1
205,SOUTH CASCADE,1978,-0.54,1977-07-02,1978-07-02,1403.2701685587615,1545.2029143291738,10.90851096833481,,,,,False,training_population,48.3475,-121.0479,RGI60-02.18778,2,1891.0,2.924,12.8,350.0,0.1
205,SOUTH CASCADE,1979,-1.72,1978-07-02,1979-07-02,1430.93300018311,1121.2792140880906,9.931249845497948,,,,,False,training_population,48.3475,-121.0479,RGI60-02.18778,2,1891.0,2.924,12.8,350.0,0.1
205,SOUTH CASCADE,1980,-1.18,1979-07-02,1980-07-01,1639.1587847391806,1272.082772096752,10.833912295189478,,,,,False,training_population,48.3475,-121.0479,RGI60-02.18778,2,1891.0,2.924,12.8,350.0,0.1
205,SOUTH CASCADE,1981,-1.0,1980-07-01,1981-07-02,1424.9851203918506,1131.3517404496342,9.002371548591796,,,,,False,training_population,48.3475,-121.0479,RGI60-02.18778,2,1891.0,2.924,12.8,350.0,0.1
205,SOUTH CASCADE,1982,-0.08,1981-07-02,1982-07-02,1561.2234378814742,1691.0745842979827,12.074539035537358,,,,,False,training_population,48.3475,-121.0479,RGI60-02.18778,2,1891.0,2.924,12.8,350.0,0.1
205,SOUTH CASCADE,1983,-0.93,1982-07-02,1983-07-02,1468.6231693267864,1429.60745516244,9.78919008179807,,,,,False,training_population,48.3475,-121.0479,RGI60-02.18778,2,1891.0,2.924,12.8,350.0,0.1
205,SOUTH CASCADE,1984,-0.04,1983-07-02,1984-07-01,1233.8339653015182,1400.4301766818016,9.522340904457002,,,,,False,training_population,48.3475,-121.0479,RGI60-02.18778,2,1891.0,2.924,12.8,350.0,0.1
205,SOUTH CASCADE,1985,-1.36,1984-07-01,1985-07-02,1446.856006495162,1220.2359873853334,10.73028030530783,,,,,False,training_population,48.3475,-121.0479,RGI60-02.18778,2,1891.0,2.924,12.8,350.0,0.1
205,SOUTH CASCADE,1986,-0.92,1985-07-02,1986-10-24,2680.881132507331,1207.2805318060168,12.629077288891516,,,,,False,training_population,48.3475,-121.0479,RGI60-02.18778,2,1891.0,2.924,12.8,350.0,0.1
205,SOUTH CASCADE,1987,-2.22,1986-10-24,1987-10-31,1869.0330748240203,1181.826459874056,11.567605134715222,,,,,False,training_population,48.3475,-121.0479,RGI60-02.18778,2,1891.0,2.924,12.8,350.0,0.1
205,SOUTH CASCADE,1988,-1.28,1987-10-31,1988-07-01,463.67839406331626,1303.2768740058564,7.53072811249766,,,,,False,training_population,48.3475,-121.0479,RGI60-02.18778,2,1891.0,2.924,12.8,350.0,0.1
205,SOUTH CASCADE,1989,-1.34,1988-07-01,1989-10-10,2777.1011150360173,1334.54463518148,11.23745657190102,,,,,False,training_population,48.3475,-121.0479,RGI60-02.18778,2,1891.0,2.924,12.8,350.0,0.1
205,SOUTH CASCADE,1990,-0.4,1989-10-10,1990-10-01,1689.474702707931,1415.056066237799,11.714823928777744,,,,,False,training_population,48.3475,-121.0479,RGI60-02.18778,2,1891.0,2.924,12.8,350.0,0.1
205,SOUTH CASCADE,1991,-0.44,1990-10-01,1991-10-16,1599.55800539653,1917.2988565678463,10.29180812697482,,,,,False,training_population,48.3475,-121.0479,RGI60-02.18778,2,1891.0,2.924,12.8,350.0,0.1
205,SOUTH CASCADE,1992,-2.43,1991-10-16,1992-10-12,1770.005545171107,1214.140193094721,12.574539300669818,,,,,False,training_population,48.3475,-121.0479,RGI60-02.18778,2,1891.0,2.924,12.8,350.0,0.1
205,SOUTH CASCADE,1993,-1.1,1992-10-12,1993-10-14,1549.2541517893526,993.6506318192784,9.130515885007584,,,,,False,training_population,48.3475,-121.0479,RGI60-02.18778,2,1891.0,2.924,12.8,350.0,0.1
205,SOUTH CASCADE,1994,-1.83,1993-10-14,1994-10-10,1768.876715469366,1127.6747993517945,11.462543679665853,,,,,False,training_population,48.3475,-121.0479,RGI60-02.18778,2,1891.0,2.924,12.8,350.0,0.1
205,SOUTH CASCADE,1995,-1.12,1994-10-10,1995-09-27,1468.564820988977,1625.7009542171195,9.71344311202784,,,,,False,training_population,48.3475,-121.0479,RGI60-02.18778,2,1891.0,2.924,12.8,350.0,0.1
205,SOUTH CASCADE,1996,-0.22,1995-09-27,1996-10-11,1499.8006038665817,1623.1000996182204,10.840506766498974,,,,,False,training_population,48.3475,-121.0479,RGI60-02.18778,2,1891.0,2.924,12.8,350.0,0.1
205,SOUTH CASCADE,1997,0.19,1996-10-11,1997-10-02,1438.5119859059694,1990.7532489609173,10.353641729769524,,,,,False,training_population,48.3475,-121.0479,RGI60-02.18778,2,1891.0,2.924,12.8,350.0,0.1
205,SOUTH CASCADE,1998,-1.99,1997-10-02,1998-10-08,1787.538137563075,1321.687323997665,12.579533354441349,,,,,False,training_population,48.3475,-121.0479,RGI60-02.18778,2,1891.0,2.924,12.8,350.0,0.1
205,SOUTH CASCADE,1999,1.2,1998-10-08,1999-09-24,1270.16368204753,2032.4699265159684,9.314653001315376,,,,,False,training_population,48.3475,-121.0479,RGI60-02.18778,2,1891.0,2.924,12.8,350.0,0.1
205,SOUTH CASCADE,2000,0.43,1999-09-24,2000-10-14,1445.741482289637,1540.6040606589604,9.70662010441658,,,,,False,training_population,48.3475,-121.0479,RGI60-02.18778,2,1891.0,2.924,12.8,350.0,0.1
205,SOUTH CASCADE,2001,-0.9,2000-10-14,2001-10-06,1412.04763412476,879.0912698328519,9.974059393786025,,,,,False,training_population,48.3475,-121.0479,RGI60-02.18778,2,1891.0,2.924,12.8,350.0,0.1
205,SOUTH CASCADE,2002,0.38,2001-10-06,2002-10-24,1479.286676788335,1905.3353254931128,10.916804913507011,,,,,False,training_population,48.3475,-121.0479,RGI60-02.18778,2,1891.0,2.924,12.8,350.0,0.1
205,SOUTH CASCADE,2003,-2.42,2002-10-24,2003-10-07,1649.905663935348,1282.0477230486454,12.15868700276253,,,,,False,training_population,48.3475,-121.0479,RGI60-02.18778,2,1891.0,2.924,12.8,350.0,0.1
205,SOUTH CASCADE,2004,-1.73,2003-10-07,2004-10-08,1761.2599225362192,1280.2738386978908,12.661497239099056,,,,,False,training_population,48.3475,-121.0479,RGI60-02.18778,2,1891.0,2.924,12.8,350.0,0.1
205,SOUTH CASCADE,2005,-2.52,2004-10-08,2005-09-30,1654.2671610514374,1036.9913475699695,11.136390214726566,,,,,False,training_population,48.3475,-121.0479,RGI60-02.18778,2,1891.0,2.924,12.8,350.0,0.1
205,SOUTH CASCADE,2006,-1.29,2005-09-30,2006-10-14,1808.5923416137744,1447.7136108289378,11.941992557912652,,,,,False,training_population,48.3475,-121.0479,RGI60-02.18778,2,1891.0,2.924,12.8,350.0,0.1
205,SOUTH CASCADE,2007,-0.07,2006-10-14,2007-09-28,1460.5579619089804,1530.264268193495,10.75403697110607,,,,,False,training_population,48.3475,-121.0479,RGI60-02.18778,2,1891.0,2.924,12.8,350.0,0.1
205,SOUTH CASCADE,2008,0.1,2007-09-28,2008-10-04,1472.5901629130092,1470.0652637894968,10.244441535507448,,,,,False,training_population,48.3475,-121.0479,RGI60-02.18778,2,1891.0,2.924,12.8,350.0,0.1
205,SOUTH CASCADE,2009,-1.73,2008-10-04,2009-09-29,1673.531374740605,1183.689616483953,12.317010111048624,,,,,False,training_population,48.3475,-121.0479,RGI60-02.18778,2,1891.0,2.924,12.8,350.0,0.1
205,SOUTH CASCADE,2010,-0.33,2009-09-29,2010-10-10,1432.367399851486,1417.891684933597,9.96259734112286,,,,,False,training_population,48.3475,-121.0479,RGI60-02.18778,2,1891.0,2.924,12.8,350.0,0.1
205,SOUTH CASCADE,2011,1.33,2010-10-10,2011-09-25,1263.9064060211224,1787.9346902107222,8.934832067075007,,,,,False,training_population,48.3475,-121.0479,RGI60-02.18778,2,1891.0,2.924,12.8,350.0,0.1
205,SOUTH CASCADE,2012,0.01,2011-09-25,2012-10-12,1677.941758728032,1634.0417488030496,10.72931215590327,,,,,False,training_population,48.3475,-121.0479,RGI60-02.18778,2,1891.0,2.924,12.8,350.0,0.1
205,SOUTH CASCADE,2013,-0.76,2012-10-12,2013-09-22,1617.663437398279,1462.2580962102488,11.75337264710581,,,,,False,training_population,48.3475,-121.0479,RGI60-02.18778,2,1891.0,2.924,12.8,350.0,0.1
205,SOUTH CASCADE,2014,-0.28,2013-09-22,2014-10-11,1779.4600180308073,1561.746608841048,11.929504082168378,,,,,False,training_population,48.3475,-121.0479,RGI60-02.18778,2,1891.0,2.924,12.8,350.0,0.1
205,SOUTH CASCADE,2015,-3.52,2014-10-11,2015-10-23,2107.7581877390603,973.6149626558548,14.082310682103278,,,,,False,training_population,48.3475,-121.0479,RGI60-02.18778,2,1891.0,2.924,12.8,350.0,0.1
205,SOUTH CASCADE,2016,-0.9,2015-10-23,2016-10-04,1617.895343144739,1558.7424885713797,11.181265159275242,,,,,False,training_population,48.3475,-121.0479,RGI60-02.18778,2,1891.0,2.924,12.8,350.0,0.1
205,SOUTH CASCADE,2017,-0.71,2016-10-04,2017-10-06,1830.12353719076,1502.5763417716466,13.006572459400584,,,,,False,training_population,48.3475,-121.0479,RGI60-02.18778,2,1891.0,2.924,12.8,350.0,0.1
205,SOUTH CASCADE,2018,-0.75,2017-10-06,2018-09-29,1697.7359661102337,1670.909405167581,12.262803207618624,,,,,False,training_population,48.3475,-121.0479,RGI60-02.18778,2,1891.0,2.924,12.8,350.0,0.1
205,SOUTH CASCADE,2019,-2.07,2018-09-29,2019-09-27,1711.7807966868131,1079.9130985565562,11.360833705680978,,,,,False,training_population,48.3475,-121.0479,RGI60-02.18778,2,1891.0,2.924,12.8,350.0,0.1
205,SOUTH CASCADE,2020,-0.16,2019-09-27,2020-10-10,1726.9014920552625,1477.305586644839,10.717373777472476,,,,,False,training_population,48.3475,-121.0479,RGI60-02.18778,2,1891.0,2.924,12.8,350.0,0.1
205,SOUTH CASCADE,2021,-1.32,2020-10-10,2021-09-27,1750.9740208943726,1544.9360592110716,13.681920796546402,,,,,False,training_population,48.3475,-121.0479,RGI60-02.18778,2,1891.0,2.924,12.8,350.0,0.1
205,SOUTH CASCADE,2022,-1.35,2021-09-27,2022-10-21,1950.895191828415,1526.6282352648586,12.43530363829242,,,,,False,training_population,48.3475,-121.0479,RGI60-02.18778,2,1891.0,2.924,12.8,350.0,0.1
205,SOUTH CASCADE,2023,-2.62,2022-10-21,2023-10-23,1927.956189727788,1356.7273378687296,13.122917940996716,,,,,False,training_population,48.3475,-121.0479,RGI60-02.18778,2,1891.0,2.924,12.8,350.0,0.1
205,SOUTH CASCADE,2024,-1.75,2023-10-23,2024-10-15,1741.4336592356408,1054.629771282624,12.084570489413512,,,,,False,training_population,48.3475,-121.0479,RGI60-02.18778,2,1891.0,2.924,12.8,350.0,0.1
205,SOUTH CASCADE,2025,-3.55,2024-10-15,2025-10-11,1909.7529201507616,1213.560508330044,12.865795465828738,,,,,False,training_population,48.3475,-121.0479,RGI60-02.18778,2,1891.0,2.924,12.8,350.0,0.1
290,NIGARDSBREEN,1962,2.296,1961-07-02,1962-09-21,370.1109029134138,742.7017388754145,3.489796505803668,,,,,False,training_population,61.720001,7.13,RGI60-08.01126,8,1651.0,41.872,7.4,117.0,0.1
290,NIGARDSBREEN,1963,-0.173,1962-09-21,1963-10-27,862.2722009023064,1023.6254241870528,7.396923271123932,,,,,False,training_population,61.720001,7.13,RGI60-08.01126,8,1651.0,41.872,7.4,117.0,0.1
290,NIGARDSBREEN,1964,0.786,1963-10-27,1964-10-26,462.2270865122512,1163.3424201571393,3.601676207003414,,,,,False,training_population,61.720001,7.13,RGI60-08.01126,8,1651.0,41.872,7.4,117.0,0.1
290,NIGARDSBREEN,1965,0.776,1964-10-26,1965-10-21,622.670327885949,1100.8968638242463,4.82619578458263,,,,,False,training_population,61.720001,7.13,RGI60-08.01126,8,1651.0,41.872,7.4,117.0,0.1
290,NIGARDSBREEN,1966,-0.92,1965-10-21,1966-09-20,676.9468093872098,701.0186903793283,6.536863463857918,,,,,False,training_population,61.720001,7.13,RGI60-08.01126,8,1651.0,41.872,7.4,117.0,0.1
290,NIGARDSBREEN,1967,1.823,1966-09-20,1967-10-11,619.700690078739,1404.145131434383,4.319526104305127,,,,,False,training_population,61.720001,7.13,RGI60-08.01126,8,1651.0,41.872,7.4,117.0,0.1
290,NIGARDSBREEN,1968,0.117,1967-10-11,1968-11-07,710.8600669860871,1669.994552514165,5.705971737184408,,,,,False,training_population,61.720001,7.13,RGI60-08.01126,8,1651.0,41.872,7.4,117.0,0.1
290,NIGARDSBREEN,1969,-1.449,1968-11-07,1969-10-22,965.7236131032336,713.5096159669665,8.435967996846095,,,,,False,training_population,61.720001,7.13,RGI60-08.01126,8,1651.0,41.872,7.4,117.0,0.1
290,NIGARDSBREEN,1970,-0.631,1969-10-22,1970-09-02,715.1447630564398,690.2457361912227,7.075455373957558,,,,,False,training_population,61.720001,7.13,RGI60-08.01126,8,1651.0,41.872,7.4,117.0,0.1
290,NIGARDSBREEN,1971,0.853,1970-09-02,1971-09-12,604.7725280761754,1292.275567751684,4.522579454339094,,,,,False,training_population,61.720001,7.13,RGI60-08.01126,8,1651.0,41.872,7.4,117.0,0.1
290,NIGARDSBREEN,1972,-0.226,1971-09-12,1972-09-01,673.3913319905629,1312.3534543265691,6.525317356551924,,,,,False,training_population,61.720001,7.13,RGI60-08.01126,8,1651.0,41.872,7.4,117.0,0.1
290,NIGARDSBREEN,1973,1.061,1972-09-01,1973-09-16,559.6845246632928,1715.473866207912,4.361618261751944,,,,,False,training_population,61.720001,7.13,RGI60-08.01126,8,1651.0,41.872,7.4,117.0,0.1
290,NIGARDSBREEN,1974,0.208,1973-09-16,1974-10-15,617.1726062774692,1295.9381604583627,4.577064961972464,,,,,False,training_population,61.720001,7.13,RGI60-08.01126,8,1651.0,41.872,7.4,117.0,0.1
290,NIGARDSBREEN,1975,0.02,1974-10-15,1975-10-10,635.0295991261831,1444.0409652961,5.546365563765841,,,,,False,training_population,61.720001,7.13,RGI60-08.01126,8,1651.0,41.872,7.4,117.0,0.1
290,NIGARDSBREEN,1976,0.436,1975-10-10,1976-10-10,516.6421138763459,1838.985490305184,4.565265654135465,,,,,False,training_population,61.720001,7.13,RGI60-08.01126,8,1651.0,41.872,7.4,117.0,0.1
290,NIGARDSBREEN,1977,-0.834,1976-10-10,1977-11-05,706.7208882649772,840.7857193224011,6.500770629661696,,,,,False,training_population,61.720001,7.13,RGI60-08.01126,8,1651.0,41.872,7.4,117.0,0.1
290,NIGARDSBREEN,1978,-0.238,1977-11-05,1978-11-28,788.2319381713897,1567.5409333877149,7.203593501491844,,,,,False,training_population,61.720001,7.13,RGI60-08.01126,8,1651.0,41.872,7.4,117.0,0.1
290,NIGARDSBREEN,1979,0.337,1978-11-28,1979-10-06,550.127847798668,801.678209168326,5.061530471193642,,,,,False,training_population,61.720001,7.13,RGI60-08.01126,8,1651.0,41.872,7.4,117.0,0.1
290,NIGARDSBREEN,1980,-1.276,1979-10-06,1980-09-04,920.7506060282416,791.5916210413521,8.765919455929097,,,,,False,training_population,61.720001,7.13,RGI60-08.01126,8,1651.0,41.872,7.4,117.0,0.1
290,NIGARDSBREEN,1981,0.211,1980-09-04,1981-08-27,731.5120964050323,1375.5760267882308,5.91478385491807,,,,,False,training_population,61.720001,7.13,RGI60-08.01126,8,1651.0,41.872,7.4,117.0,0.1
290,NIGARDSBREEN,1982,-0.419,1981-08-27,1982-09-07,856.3509840647412,1031.8376059199786,6.7669324304639895,,,,,False,training_population,61.720001,7.13,RGI60-08.01126,8,1651.0,41.872,7.4,117.0,0.1
290,NIGARDSBREEN,1983,0.911,1982-09-07,1983-09-19,820.700816345219,1455.0300104822754,6.418605885989445,,,,,False,training_population,61.720001,7.13,RGI60-08.01126,8,1651.0,41.872,7.4,117.0,0.1
290,NIGARDSBREEN,1984,0.191,1983-09-19,1984-09-16,781.7876384735141,1524.4194118343728,6.578788064873758,,,,,False,training_population,61.720001,7.13,RGI60-08.01126,8,1651.0,41.872,7.4,117.0,0.1
290,NIGARDSBREEN,1985,-0.791,1984-09-16,1985-09-25,729.9250338236523,1093.0907549271287,6.288272607499297,,,,,False,training_population,61.720001,7.13,RGI60-08.01126,8,1651.0,41.872,7.4,117.0,0.1
290,NIGARDSBREEN,1986,-0.616,1985-09-25,1986-12-23,648.9570420583123,1800.9061788884642,6.007392564027226,,,,,False,training_population,61.720001,7.13,RGI60-08.01126,8,1651.0,41.872,7.4,117.0,0.1
290,NIGARDSBREEN,1987,0.91,1986-12-23,1987-11-25,625.119653701785,756.5770494492874,5.667502878714319,,,,,False,training_population,61.720001,7.13,RGI60-08.01126,8,1651.0,41.872,7.4,117.0,0.1
290,NIGARDSBREEN,1988,-1.297,1987-11-25,1988-10-18,993.3834166208936,819.688097843514,8.59051784432455,,,,,False,training_population,61.720001,7.13,RGI60-08.01126,8,1651.0,41.872,7.4,117.0,0.1
290,NIGARDSBREEN,1989,2.422,1988-10-18,1989-09-13,650.1797557830837,1860.281422945715,6.192652210290902,,,,,False,training_population,61.720001,7.13,RGI60-08.01126,8,1651.0,41.872,7.4,117.0,0.1
290,NIGARDSBREEN,1990,1.121,1989-09-13,1990-10-19,907.2049331665078,2198.042849648786,7.396403518621496,,,,,False,training_population,61.720001,7.13,RGI60-08.01126,8,1651.0,41.872,7.4,117.0,0.1
290,NIGARDSBREEN,1991,-0.243,1990-10-19,1991-09-28,747.6729100545273,1015.6961601047278,7.180684337063133,,,,,False,training_population,61.720001,7.13,RGI60-08.01126,8,1651.0,41.872,7.4,117.0,0.1
290,NIGARDSBREEN,1992,1.132,1991-09-28,1992-09-18,767.5530742645293,1565.6788115895351,6.545078780685668,,,,,False,training_population,61.720001,7.13,RGI60-08.01126,8,1651.0,41.872,7.4,117.0,0.1
290,NIGARDSBREEN,1993,1.123,1992-09-18,1993-09-16,675.253726832075,1518.5546657815898,4.894052421182846,,,,,False,training_population,61.720001,7.13,RGI60-08.01126,8,1651.0,41.872,7.4,117.0,0.1
290,NIGARDSBREEN,1994,0.152,1993-09-16,1994-09-21,810.801870473229,1012.3118364383324,6.937084058402262,,,,,False,training_population,61.720001,7.13,RGI60-08.01126,8,1651.0,41.872,7.4,117.0,0.1
290,NIGARDSBREEN,1995,0.817,1994-09-21,1995-09-30,874.1504863739046,1517.5479000571245,7.191277620066792,,,,,False,training_population,61.720001,7.13,RGI60-08.01126,8,1651.0,41.872,7.4,117.0,0.1
290,NIGARDSBREEN,1996,-0.741,1995-09-30,1996-09-16,737.7764390309684,787.0166082325376,6.774077517744445,,,,,False,training_population,61.720001,7.13,RGI60-08.01126,8,1651.0,41.872,7.4,117.0,0.1
290,NIGARDSBREEN,1997,-0.53,1996-09-16,1997-09-24,1015.2248316446972,1710.156683340042,9.53220140623012,,,,,False,training_population,61.720001,7.13,RGI60-08.01126,8,1651.0,41.872,7.4,117.0,0.1
290,NIGARDSBREEN,1998,0.458,1997-09-24,1998-09-22,726.5184183756544,1266.457225636838,5.6155555960061125,,,,,False,training_population,61.720001,7.13,RGI60-08.01126,8,1651.0,41.872,7.4,117.0,0.1
290,NIGARDSBREEN,1999,-0.18,1998-09-22,1999-09-30,929.5832939147988,1227.8094904587213,6.782904105255596,,,,,False,training_population,61.720001,7.13,RGI60-08.01126,8,1651.0,41.872,7.4,117.0,0.1
290,NIGARDSBREEN,2000,1.271,1999-09-30,2000-09-13,686.4110181172719,1776.3508936557848,6.110781640591849,,,,,False,training_population,61.720001,7.13,RGI60-08.01126,8,1651.0,41.872,7.4,117.0,0.1
290,NIGARDSBREEN,2001,-0.398,2000-09-13,2001-09-19,893.5168677012165,665.2012209349109,6.649286904542367,,,,,False,training_population,61.720001,7.13,RGI60-08.01126,8,1651.0,41.872,7.4,117.0,0.1
290,NIGARDSBREEN,2002,-1.225,2001-09-19,2002-10-07,1218.839959971114,1200.0323937867138,9.52732719753102,,,,,False,training_population,61.720001,7.13,RGI60-08.01126,8,1651.0,41.872,7.4,117.0,0.1
290,NIGARDSBREEN,2003,-1.52,2002-10-07,2003-09-20,945.8992605845164,837.6191172148033,8.598774362647037,,,,,False,training_population,61.720001,7.13,RGI60-08.01126,8,1651.0,41.872,7.4,117.0,0.1
290,NIGARDSBREEN,2004,-0.398,2003-09-20,2004-09-29,860.6888782501255,1216.397091777644,7.410952345530217,,,,,False,training_population,61.720001,7.13,RGI60-08.01126,8,1651.0,41.872,7.4,117.0,0.1
290,NIGARDSBREEN,2005,0.888,2004-09-29,2005-10-16,849.3012825012243,1533.342264363604,7.086008789228379,,,,,False,training_population,61.720001,7.13,RGI60-08.01126,8,1651.0,41.872,7.4,117.0,0.1
290,NIGARDSBREEN,2006,-1.727,2005-10-16,2006-10-11,1231.6344188690225,906.7729999286236,9.679716530399068,,,,,False,training_population,61.720001,7.13,RGI60-08.01126,8,1651.0,41.872,7.4,117.0,0.1
290,NIGARDSBREEN,2007,0.66,2006-10-11,2007-09-27,849.3086065928173,1793.8408900262884,7.957601601144567,,,,,False,training_population,61.720001,7.13,RGI60-08.01126,8,1651.0,41.872,7.4,117.0,0.1
290,NIGARDSBREEN,2008,0.781,2007-09-27,2008-10-30,1020.74835929871,1599.2596930446048,7.9576859875002,,,,,False,training_population,61.720001,7.13,RGI60-08.01126,8,1651.0,41.872,7.4,117.0,0.1
290,NIGARDSBREEN,2009,-0.06,2008-10-30,2009-10-13,911.7561027526888,1107.922525271764,7.732655986841201,,,,,False,training_population,61.720001,7.13,RGI60-08.01126,8,1651.0,41.872,7.4,117.0,0.1
290,NIGARDSBREEN,2010,-1.1,2009-10-13,2010-09-29,847.2416999816928,653.4614131735452,7.599626574308998,,,,,False,training_population,61.720001,7.13,RGI60-08.01126,8,1651.0,41.872,7.4,117.0,0.1
290,NIGARDSBREEN,2011,-1.133,2010-09-29,2011-10-13,981.3526092529338,1365.026382870425,7.891261811187326,,,,,False,training_population,61.720001,7.13,RGI60-08.01126,8,1651.0,41.872,7.4,117.0,0.1
290,NIGARDSBREEN,2012,0.983,2011-10-13,2012-10-11,701.8181278228793,1636.6070723625585,6.359009209232078,,,,,False,training_population,61.720001,7.13,RGI60-08.01126,8,1651.0,41.872,7.4,117.0,0.1
290,NIGARDSBREEN,2013,-0.654,2012-10-11,2013-09-25,945.13099912008,845.2716481144655,7.538436017520209,,,,,False,training_population,61.720001,7.13,RGI60-08.01126,8,1651.0,41.872,7.4,117.0,0.1
290,NIGARDSBREEN,2014,-0.751,2013-09-25,2014-11-17,1198.452848688766,1412.85322673253,8.91968626768695,,,,,False,training_population,61.720001,7.13,RGI60-08.01126,8,1651.0,41.872,7.4,117.0,0.1
290,NIGARDSBREEN,2015,1.305,2014-11-17,2015-10-14,787.5786570231152,1299.8772479873996,6.413429058461969,,,,,False,training_population,61.720001,7.13,RGI60-08.01126,8,1651.0,41.872,7.4,117.0,0.1
290,NIGARDSBREEN,2016,0.079,2015-10-14,2016-10-05,1021.3082247416212,1231.203027691116,7.622369771763923,,,,,False,training_population,61.720001,7.13,RGI60-08.01126,8,1651.0,41.872,7.4,117.0,0.1
290,NIGARDSBREEN,2017,0.227,2016-10-05,2017-10-18,854.1394140879347,1435.91386191693,6.57959704330004,,,,,False,training_population,61.720001,7.13,RGI60-08.01126,8,1651.0,41.872,7.4,117.0,0.1
290,NIGARDSBREEN,2018,-1.203,2017-10-18,2018-10-26,1184.1293379465776,1408.1608745783103,9.074027661309753,,,,,False,training_population,61.720001,7.13,RGI60-08.01126,8,1651.0,41.872,7.4,117.0,0.1
290,NIGARDSBREEN,2019,-0.622,2018-10-26,2019-09-25,961.9429676055942,1035.6339124472102,8.736491823887501,,,,,False,training_population,61.720001,7.13,RGI60-08.01126,8,1651.0,41.872,7.4,117.0,0.1
290,NIGARDSBREEN,2020,1.247,2019-09-25,2020-09-25,955.467028427127,1592.762655951322,8.603105350162693,,,,,False,training_population,61.720001,7.13,RGI60-08.01126,8,1651.0,41.872,7.4,117.0,0.1
290,NIGARDSBREEN,2021,-0.566,2020-09-25,2021-10-14,1255.340122350061,1054.9459085735684,9.425925198154191,,,,,False,training_population,61.720001,7.13,RGI60-08.01126,8,1651.0,41.872,7.4,117.0,0.1
290,NIGARDSBREEN,2022,0.736,2021-10-14,2022-09-20,857.4769861857129,1416.5505841138106,7.655577748063706,,,,,False,training_population,61.720001,7.13,RGI60-08.01126,8,1651.0,41.872,7.4,117.0,0.1
290,NIGARDSBREEN,2023,-0.44,2022-09-20,2023-09-22,1103.2855152130164,988.8025979323417,8.982977596227698,,,,,False,training_population,61.720001,7.13,RGI60-08.01126,8,1651.0,41.872,7.4,117.0,0.1
290,NIGARDSBREEN,2024,-0.58,2023-09-22,2024-09-22,1143.680993143721,1069.310558028917,7.795880392323392,,,,,False,training_population,61.720001,7.13,RGI60-08.01126,8,1651.0,41.872,7.4,117.0,0.1
290,NIGARDSBREEN,2025,0.1,2024-09-22,2025-09-24,1076.0591720581097,1492.7054920963485,8.549562591055189,,,,,False,training_population,61.720001,7.13,RGI60-08.01126,8,1651.0,41.872,7.4,117.0,0.1
291,MIDTRE LOVENBREEN,1968,-0.03,1967-10-01,1968-09-30,44.98665237426849,236.9197170598696,-0.6028979978699398,,,,,True,training_population,78.881,12.048,RGI60-07.00493,7,345.0,5.205,13.9,12.0,0.1
291,MIDTRE LOVENBREEN,1969,-0.84,1968-10-01,1969-09-30,118.26463394165182,411.16481296734975,0.4221448608066939,,,,,True,training_population,78.881,12.048,RGI60-07.00493,7,345.0,5.205,13.9,12.0,0.1
291,MIDTRE LOVENBREEN,1970,-0.53,1969-10-01,1970-09-30,93.56923497518028,538.0361487956798,0.1139720958212368,,,,,True,training_population,78.881,12.048,RGI60-07.00493,7,345.0,5.205,13.9,12.0,0.1
291,MIDTRE LOVENBREEN,1971,-0.46,1970-10-01,1971-09-30,116.07985229492368,464.92960075884326,0.6883474004441649,,,,,True,training_population,78.881,12.048,RGI60-07.00493,7,345.0,5.205,13.9,12.0,0.1
291,MIDTRE LOVENBREEN,1972,-0.22,1971-10-01,1972-09-30,160.85297304789407,605.0554475480183,1.4068286577860727,,,,,True,training_population,78.881,12.048,RGI60-07.00493,7,345.0,5.205,13.9,12.0,0.1
291,MIDTRE LOVENBREEN,1973,-0.02,1972-10-01,1973-09-30,82.94571189880531,630.5268969407009,0.232654514865625,,,,,True,training_population,78.881,12.048,RGI60-07.00493,7,345.0,5.205,13.9,12.0,0.1
291,MIDTRE LOVENBREEN,1974,-0.89,1973-10-01,1974-09-30,118.7133265177426,483.4187902038707,0.9274952155956556,,,,,True,training_population,78.881,12.048,RGI60-07.00493,7,345.0,5.205,13.9,12.0,0.1
291,MIDTRE LOVENBREEN,1975,-0.21,1974-10-01,1975-09-30,90.10532124837384,518.9695091589285,0.3322091226992633,,,,,True,training_population,78.881,12.048,RGI60-07.00493,7,345.0,5.205,13.9,12.0,0.1
291,MIDTRE LOVENBREEN,1976,-0.35,1975-07-02,1976-07-01,111.23229916890624,556.5827800939082,0.7905647913615116,,,,,False,training_population,78.881,12.048,RGI60-07.00493,7,345.0,5.205,13.9,12.0,0.1
291,MIDTRE LOVENBREEN,1977,-0.04,1976-07-01,1977-07-02,92.9466349283868,592.8237764524695,0.2392509920377495,,,,,False,training_population,78.881,12.048,RGI60-07.00493,7,345.0,5.205,13.9,12.0,0.1
291,MIDTRE LOVENBREEN,1978,-0.48,1977-07-02,1978-07-02,126.5140267690038,543.6018625653887,0.5520210279786287,,,,,False,training_population,78.881,12.048,RGI60-07.00493,7,345.0,5.205,13.9,12.0,0.1
291,MIDTRE LOVENBREEN,1979,-0.66,1978-07-02,1979-07-02,90.4307989756282,541.056250436874,-0.0306012129697944,,,,,False,training_population,78.881,12.048,RGI60-07.00493,7,345.0,5.205,13.9,12.0,0.1
291,MIDTRE LOVENBREEN,1980,-0.43,1979-07-02,1980-07-01,154.13890126546363,569.1900545870894,1.0114449888036077,,,,,False,training_population,78.881,12.048,RGI60-07.00493,7,345.0,5.205,13.9,12.0,0.1
291,MIDTRE LOVENBREEN,1981,-0.46,1980-07-01,1981-07-02,76.84866727193304,502.51778070814976,-0.2847153169888753,,,,,False,training_population,78.881,12.048,RGI60-07.00493,7,345.0,5.205,13.9,12.0,0.1
291,MIDTRE LOVENBREEN,1982,0.02,1981-07-02,1982-07-02,96.17382405599096,444.9727145857168,-0.0675621839406828,,,,,False,training_population,78.881,12.048,RGI60-07.00493,7,345.0,5.205,13.9,12.0,0.1
291,MIDTRE LOVENBREEN,1983,-0.17,1982-07-02,1983-07-02,69.09552612304827,503.6890436445845,-0.3481954608766594,,,,,False,training_population,78.881,12.048,RGI60-07.00493,7,345.0,5.205,13.9,12.0,0.1
291,MIDTRE LOVENBREEN,1984,-0.68,1983-07-02,1984-07-01,91.21461601257435,542.7599224492603,0.1658911691195921,,,,,False,training_population,78.881,12.048,RGI60-07.00493,7,345.0,5.205,13.9,12.0,0.1
291,MIDTRE LOVENBREEN,1985,-0.48,1984-07-01,1985-07-02,145.8875186920182,578.1192243442135,0.7898272426416074,,,,,False,training_population,78.881,12.048,RGI60-07.00493,7,345.0,5.205,13.9,12.0,0.1
291,MIDTRE LOVENBREEN,1986,-0.21,1985-10-01,1986-09-30,109.80202624003294,573.8705490536553,1.0322648324828478,,,,,True,training_population,78.881,12.048,RGI60-07.00493,7,345.0,5.205,13.9,12.0,0.1
291,MIDTRE LOVENBREEN,1987,0.24,1986-10-01,1987-09-30,51.49327557881753,621.6932569310031,-0.2193087508712778,,,,,True,training_population,78.881,12.048,RGI60-07.00493,7,345.0,5.205,13.9,12.0,0.1
291,MIDTRE LOVENBREEN,1988,-0.49,1987-10-01,1988-09-30,126.64743258158536,549.5647412550966,0.8324072450831552,,,,,True,training_population,78.881,12.048,RGI60-07.00493,7,345.0,5.205,13.9,12.0,0.1
291,MIDTRE LOVENBREEN,1989,-0.24,1988-10-01,1989-09-30,93.50367635091276,475.6365194204299,0.176961752297244,,,,,True,training_population,78.881,12.048,RGI60-07.00493,7,345.0,5.205,13.9,12.0,0.1
291,MIDTRE LOVENBREEN,1990,-0.51,1989-10-01,1990-09-30,167.53688748677752,500.2612194204588,0.9483842421269282,,,,,True,training_population,78.881,12.048,RGI60-07.00493,7,345.0,5.205,13.9,12.0,0.1
291,MIDTRE LOVENBREEN,1991,0.1,1990-09-15,1991-09-15,116.79889920552732,709.2508449182162,0.6556156946265425,,,,,False,training_population,78.881,12.048,RGI60-07.00493,7,345.0,5.205,13.9,12.0,0.1
291,MIDTRE LOVENBREEN,1992,-0.14,1991-09-15,1992-09-15,92.38313535054688,587.9648794034082,0.4961418538853955,,,,,False,training_population,78.881,12.048,RGI60-07.00493,7,345.0,5.205,13.9,12.0,0.1
291,MIDTRE LOVENBREEN,1993,-0.88,1992-09-15,1993-09-15,180.06019668579296,490.0166940089434,1.4942066897516906,,,,,False,training_population,78.881,12.048,RGI60-07.00493,7,345.0,5.205,13.9,12.0,0.1
291,MIDTRE LOVENBREEN,1994,-0.12,1993-09-15,1994-09-15,95.64102274576992,718.421190793137,0.283668212614222,,,,,False,training_population,78.881,12.048,RGI60-07.00493,7,345.0,5.205,13.9,12.0,0.1
291,MIDTRE LOVENBREEN,1995,-0.79,1994-09-15,1995-09-15,85.25108222961546,326.39474422394346,0.3568580378657048,,,,,False,training_population,78.881,12.048,RGI60-07.00493,7,345.0,5.205,13.9,12.0,0.1
291,MIDTRE LOVENBREEN,1996,0.02,1995-09-15,1996-09-15,101.58214658101548,713.572122501354,0.5470470815465301,,,,,False,training_population,78.881,12.048,RGI60-07.00493,7,345.0,5.205,13.9,12.0,0.1
291,MIDTRE LOVENBREEN,1997,-0.43,1996-09-15,1997-09-15,98.506579717002,457.672306303671,0.4108104415562081,,,,,False,training_population,78.881,12.048,RGI60-07.00493,7,345.0,5.205,13.9,12.0,0.1
291,MIDTRE LOVENBREEN,1998,-0.59,1997-07-02,1998-07-02,101.233782323203,479.75565932177847,0.3405463119561789,,,,,False,training_population,78.881,12.048,RGI60-07.00493,7,345.0,5.205,13.9,12.0,0.1
291,MIDTRE LOVENBREEN,1999,-0.27,1998-07-02,1999-07-02,163.20882085164567,454.6616032237197,1.4246337931643485,,,,,False,training_population,78.881,12.048,RGI60-07.00493,7,345.0,5.205,13.9,12.0,0.1
291,MIDTRE LOVENBREEN,2000,-0.028,2000-05-05,2000-09-05,63.943459065756144,95.96623204457444,-0.1850575308868619,,,,,False,training_population,78.881,12.048,RGI60-07.00493,7,345.0,5.205,13.9,12.0,0.1
291,MIDTRE LOVENBREEN,2001,-0.331,2001-04-24,2001-09-05,135.82339235941737,111.27914423258645,0.7238320599431836,,,,,False,training_population,78.881,12.048,RGI60-07.00493,7,345.0,5.205,13.9,12.0,0.1
291,MIDTRE LOVENBREEN,2002,-0.529,2002-04-26,2002-09-03,151.5609591166197,54.036985673818094,1.3405605039734996,,,,,False,training_population,78.881,12.048,RGI60-07.00493,7,345.0,5.205,13.9,12.0,0.1
291,MIDTRE LOVENBREEN,2003,-0.783,2003-04-22,2003-09-09,125.30390014648594,94.43419028912103,0.8131439844767477,,,,,False,training_population,78.881,12.048,RGI60-07.00493,7,345.0,5.205,13.9,12.0,0.1
291,MIDTRE LOVENBREEN,2004,-0.975,2004-04-28,2004-09-10,153.17182375590164,75.7819820090937,1.1249141817507746,,,,,False,training_population,78.881,12.048,RGI60-07.00493,7,345.0,5.205,13.9,12.0,0.1
291,MIDTRE LOVENBREEN,2005,-0.739,2005-05-04,2005-09-21,117.63713022868012,96.5650793569388,1.1673129247582683,,,,,False,training_population,78.881,12.048,RGI60-07.00493,7,345.0,5.205,13.9,12.0,0.1
291,MIDTRE LOVENBREEN,2006,-0.486,2006-04-29,2006-09-20,126.23078943888544,91.26252053809836,1.0308800904647395,,,,,False,training_population,78.881,12.048,RGI60-07.00493,7,345.0,5.205,13.9,12.0,0.1
291,MIDTRE LOVENBREEN,2007,-0.251,2007-04-16,2007-09-21,90.8112477620458,137.57624412477298,0.5325766563415767,,,,,False,training_population,78.881,12.048,RGI60-07.00493,7,345.0,5.205,13.9,12.0,0.1
291,MIDTRE LOVENBREEN,2008,-0.009,2008-05-04,2008-09-19,101.7151962280289,106.26903728946502,0.4642645158629715,,,,,False,training_population,78.881,12.048,RGI60-07.00493,7,345.0,5.205,13.9,12.0,0.1
291,MIDTRE LOVENBREEN,2009,-0.14,2009-05-03,2009-09-13,123.92923800150731,99.34695297901186,0.8204917686573215,,,,,False,training_population,78.881,12.048,RGI60-07.00493,7,345.0,5.205,13.9,12.0,0.1
291,MIDTRE LOVENBREEN,2010,-0.2,2009-10-01,2010-09-30,92.78169047037898,545.1233939292201,0.4008775296418765,,,,,True,training_population,78.881,12.048,RGI60-07.00493,7,345.0,5.205,13.9,12.0,0.1
291,MIDTRE LOVENBREEN,2011,-0.92,2010-10-01,2011-09-30,175.4961062113466,462.5903565638652,1.256649216361688,,,,,True,training_population,78.881,12.048,RGI60-07.00493,7,345.0,5.205,13.9,12.0,0.1
291,MIDTRE LOVENBREEN,2012,-0.26,2011-10-01,2012-09-30,142.64005114237682,646.8223595419431,0.9933962393498292,,,,,True,training_population,78.881,12.048,RGI60-07.00493,7,345.0,5.205,13.9,12.0,0.1
291,MIDTRE LOVENBREEN,2013,-0.94,2012-10-01,2013-09-30,196.66916758219617,417.0187622030319,1.5061263056769094,,,,,True,training_population,78.881,12.048,RGI60-07.00493,7,345.0,5.205,13.9,12.0,0.1
291,MIDTRE LOVENBREEN,2014,0.03,2013-10-01,2014-09-30,112.19791552225904,520.2126199742843,0.6180124890977293,,,,,True,training_population,78.881,12.048,RGI60-07.00493,7,345.0,5.205,13.9,12.0,0.1
291,MIDTRE LOVENBREEN,2015,-0.45,2014-10-01,2015-09-30,176.7848715464296,519.6507106755739,1.541840835239601,,,,,True,training_population,78.881,12.048,RGI60-07.00493,7,345.0,5.205,13.9,12.0,0.1
291,MIDTRE LOVENBREEN,2016,-1.2,2015-10-01,2016-09-30,156.4161261240665,523.9657884464855,0.9324717093205342,,,,,True,training_population,78.881,12.048,RGI60-07.00493,7,345.0,5.205,13.9,12.0,0.1
291,MIDTRE LOVENBREEN,2017,-0.64,2016-10-01,2017-09-30,202.03830197652468,552.7084445429438,1.2021476759427074,,,,,True,training_population,78.881,12.048,RGI60-07.00493,7,345.0,5.205,13.9,12.0,0.1
291,MIDTRE LOVENBREEN,2018,-0.77,2017-10-01,2018-09-30,177.55668042501014,478.31020263149423,1.3764259006666308,,,,,True,training_population,78.881,12.048,RGI60-07.00493,7,345.0,5.205,13.9,12.0,0.1
291,MIDTRE LOVENBREEN,2019,-0.6,2018-10-01,2019-09-30,180.21654815674023,517.6630992590638,1.3016738324925738,,,,,True,training_population,78.881,12.048,RGI60-07.00493,7,345.0,5.205,13.9,12.0,0.1
291,MIDTRE LOVENBREEN,2020,-1.574,2019-10-01,2020-09-30,227.6238828023296,373.1624603511321,1.9378601834394145,,,,,True,training_population,78.881,12.048,RGI60-07.00493,7,345.0,5.205,13.9,12.0,0.1
291,MIDTRE LOVENBREEN,2021,-0.51,2020-10-01,2021-09-30,167.8880833943706,514.8799070294033,1.2528976067253008,,,,,True,training_population,78.881,12.048,RGI60-07.00493,7,345.0,5.205,13.9,12.0,0.1
291,MIDTRE LOVENBREEN,2022,-1.416,2021-10-01,2022-09-30,253.54267870585383,445.08936413212655,2.112018106985805,,,,,True,training_population,78.881,12.048,RGI60-07.00493,7,345.0,5.205,13.9,12.0,0.1
291,MIDTRE LOVENBREEN,2023,-0.975,2022-07-02,2023-07-02,225.5822470347109,616.4798026657401,1.6783392451570245,,,,,False,training_population,78.881,12.048,RGI60-07.00493,7,345.0,5.205,13.9,12.0,0.1
291,MIDTRE LOVENBREEN,2024,-1.962,2023-07-02,2024-07-01,243.6803437550884,432.382233438684,2.4019415537516475,,,,,False,training_population,78.881,12.048,RGI60-07.00493,7,345.0,5.205,13.9,12.0,0.1
291,MIDTRE LOVENBREEN,2025,-1.421,2024-07-01,2025-07-02,293.05010986328386,436.8043817872049,2.613853174574856,,,,,False,training_population,78.881,12.048,RGI60-07.00493,7,345.0,5.205,13.9,12.0,0.1
292,AUSTRE BROEGGERBREEN,1967,-0.65,1966-10-01,1967-09-30,139.40910758972365,349.080375171404,1.024654649651594,,,,,True,training_population,78.890364,11.867832,RGI60-07.00504,7,292.0,9.811,12.5,349.0,0.1
292,AUSTRE BROEGGERBREEN,1968,-0.1,1967-10-01,1968-09-30,62.94145215352512,417.4538520649022,-0.106296506135336,,,,,True,training_population,78.890364,11.867832,RGI60-07.00504,7,292.0,9.811,12.5,349.0,0.1
292,AUSTRE BROEGGERBREEN,1969,-0.93,1968-10-01,1969-09-30,150.70211906433263,372.56919331139926,0.8944039400073278,,,,,True,training_population,78.890364,11.867832,RGI60-07.00504,7,292.0,9.811,12.5,349.0,0.1
292,AUSTRE BROEGGERBREEN,1970,-0.54,1969-10-01,1970-09-30,116.30745989481755,501.9299420833221,0.5286228331966937,,,,,True,training_population,78.890364,11.867832,RGI60-07.00504,7,292.0,9.811,12.5,349.0,0.1
292,AUSTRE BROEGGERBREEN,1971,-0.58,1970-10-01,1971-09-30,166.61795107523818,462.2767340802199,1.2932783334151785,,,,,True,training_population,78.890364,11.867832,RGI60-07.00504,7,292.0,9.811,12.5,349.0,0.1
292,AUSTRE BROEGGERBREEN,1972,-0.31,1971-10-01,1972-09-30,213.8453735351584,553.4509651051031,1.988260171033356,,,,,True,training_population,78.890364,11.867832,RGI60-07.00504,7,292.0,9.811,12.5,349.0,0.1
292,AUSTRE BROEGGERBREEN,1973,-0.08,1972-10-01,1973-09-30,118.30942242940426,559.8177503182349,0.77999302822613,,,,,True,training_population,78.890364,11.867832,RGI60-07.00504,7,292.0,9.811,12.5,349.0,0.1
292,AUSTRE BROEGGERBREEN,1974,-0.92,1973-10-01,1974-09-30,164.9472076416037,462.9765190567028,1.49167235554131,,,,,True,training_population,78.890364,11.867832,RGI60-07.00504,7,292.0,9.811,12.5,349.0,0.1
292,AUSTRE BROEGGERBREEN,1975,-0.31,1974-10-01,1975-09-30,137.0637166341166,476.28671197791664,0.9394876977671976,,,,,True,training_population,78.890364,11.867832,RGI60-07.00504,7,292.0,9.811,12.5,349.0,0.1
292,AUSTRE BROEGGERBREEN,1976,-0.45,1975-07-02,1976-07-01,160.86311124166065,500.5273253136621,1.3555716556051731,,,,,False,training_population,78.890364,11.867832,RGI60-07.00504,7,292.0,9.811,12.5,349.0,0.1
292,AUSTRE BROEGGERBREEN,1977,-0.11,1976-07-01,1977-07-02,125.506741078696,551.1090520942118,0.7869216134362386,,,,,False,training_population,78.890364,11.867832,RGI60-07.00504,7,292.0,9.811,12.5,349.0,0.1
292,AUSTRE BROEGGERBREEN,1978,-0.56,1977-07-02,1978-07-02,160.061709721885,542.6386559763259,1.0914072986999523,,,,,False,training_population,78.890364,11.867832,RGI60-07.00504,7,292.0,9.811,12.5,349.0,0.1
292,AUSTRE BROEGGERBREEN,1979,-0.71,1978-07-02,1979-07-02,118.59763463338372,536.035252450219,0.468283965681639,,,,,False,training_population,78.890364,11.867832,RGI60-07.00504,7,292.0,9.811,12.5,349.0,0.1
292,AUSTRE BROEGGERBREEN,1980,-0.52,1979-07-02,1980-07-01,190.8048561096212,514.4069880090569,1.5506861714349525,,,,,False,training_population,78.890364,11.867832,RGI60-07.00504,7,292.0,9.811,12.5,349.0,0.1
292,AUSTRE BROEGGERBREEN,1981,-0.55,1980-07-01,1981-07-02,99.18216260274392,489.8308623433962,0.2436655977939295,,,,,False,training_population,78.890364,11.867832,RGI60-07.00504,7,292.0,9.811,12.5,349.0,0.1
292,AUSTRE BROEGGERBREEN,1982,-0.04,1981-07-02,1982-07-02,131.99819335937678,428.3353205107154,0.4689372770248172,,,,,False,training_population,78.890364,11.867832,RGI60-07.00504,7,292.0,9.811,12.5,349.0,0.1
292,AUSTRE BROEGGERBREEN,1983,-0.27,1982-07-02,1983-07-02,97.71858495076668,480.5574305124303,0.2300669229159037,,,,,False,training_population,78.890364,11.867832,RGI60-07.00504,7,292.0,9.811,12.5,349.0,0.1
292,AUSTRE BROEGGERBREEN,1984,-0.73,1983-07-02,1984-07-01,120.89956499735688,543.4589364304472,0.6779814374619878,,,,,False,training_population,78.890364,11.867832,RGI60-07.00504,7,292.0,9.811,12.5,349.0,0.1
292,AUSTRE BROEGGERBREEN,1985,-0.55,1984-07-01,1985-07-02,179.03986676534208,558.4234870818179,1.2232426487807917,,,,,False,training_population,78.890364,11.867832,RGI60-07.00504,7,292.0,9.811,12.5,349.0,0.1
292,AUSTRE BROEGGERBREEN,1986,-0.32,1985-10-01,1986-09-30,159.33580500285058,557.8594636844728,1.6298742004063065,,,,,True,training_population,78.890364,11.867832,RGI60-07.00504,7,292.0,9.811,12.5,349.0,0.1
292,AUSTRE BROEGGERBREEN,1987,0.22,1986-10-01,1987-09-30,74.61860071818165,598.6786862554716,0.2919402937958423,,,,,True,training_population,78.890364,11.867832,RGI60-07.00504,7,292.0,9.811,12.5,349.0,0.1
292,AUSTRE BROEGGERBREEN,1988,-0.52,1987-10-01,1988-09-30,172.82024803161806,504.4677038738215,1.4498671918675765,,,,,True,training_population,78.890364,11.867832,RGI60-07.00504,7,292.0,9.811,12.5,349.0,0.1
292,AUSTRE BROEGGERBREEN,1989,-0.45,1988-10-01,1989-09-30,126.16364034017109,474.07127349750766,0.6538311972134568,,,,,True,training_population,78.890364,11.867832,RGI60-07.00504,7,292.0,9.811,12.5,349.0,0.1
292,AUSTRE BROEGGERBREEN,1990,-0.66,1989-10-01,1990-09-30,214.36330986023177,488.2104544559738,1.4209768032682344,,,,,True,training_population,78.890364,11.867832,RGI60-07.00504,7,292.0,9.811,12.5,349.0,0.1
292,AUSTRE BROEGGERBREEN,1991,0.13,1990-09-15,1991-09-15,157.98628590901865,688.7617453470157,1.1620597687320633,,,,,False,training_population,78.890364,11.867832,RGI60-07.00504,7,292.0,9.811,12.5,349.0,0.1
292,AUSTRE BROEGGERBREEN,1992,-0.1,1991-09-15,1992-09-15,135.5551017761249,565.656325925854,1.0907728830973544,,,,,False,training_population,78.890364,11.867832,RGI60-07.00504,7,292.0,9.811,12.5,349.0,0.1
292,AUSTRE BROEGGERBREEN,1993,-1.03,1992-09-15,1993-09-15,224.188670984906,485.4164477588938,2.016212074998518,,,,,False,training_population,78.890364,11.867832,RGI60-07.00504,7,292.0,9.811,12.5,349.0,0.1
292,AUSTRE BROEGGERBREEN,1994,-0.16,1993-09-15,1994-09-15,133.16048672994168,684.5939408618626,0.8616826416789851,,,,,False,training_population,78.890364,11.867832,RGI60-07.00504,7,292.0,9.811,12.5,349.0,0.1
292,AUSTRE BROEGGERBREEN,1995,-0.78,1994-09-15,1995-09-15,114.541168212892,319.62430014123555,0.8726909112239443,,,,,False,training_population,78.890364,11.867832,RGI60-07.00504,7,292.0,9.811,12.5,349.0,0.1
292,AUSTRE BROEGGERBREEN,1996,-0.17,1995-09-15,1996-09-15,146.41635335286657,674.8490560075453,1.129287974039736,,,,,False,training_population,78.890364,11.867832,RGI60-07.00504,7,292.0,9.811,12.5,349.0,0.1
292,AUSTRE BROEGGERBREEN,1997,-0.71,1996-09-15,1997-09-15,131.00053011576512,458.6541971169389,0.9208511670430743,,,,,False,training_population,78.890364,11.867832,RGI60-07.00504,7,292.0,9.811,12.5,349.0,0.1
292,AUSTRE BROEGGERBREEN,1998,-0.86,1997-10-01,1998-09-30,192.09026845296387,423.0355312000072,1.7818799350572878,,,,,True,training_population,78.890364,11.867832,RGI60-07.00504,7,292.0,9.811,12.5,349.0,0.1
292,AUSTRE BROEGGERBREEN,1999,-0.36,1998-07-02,1999-07-02,205.55643882751644,432.6635632168597,1.9543708213341484,,,,,False,training_population,78.890364,11.867832,RGI60-07.00504,7,292.0,9.811,12.5,349.0,0.1
292,AUSTRE BROEGGERBREEN,2000,-0.022,1999-07-02,2000-09-07,218.9833610534697,493.997065431401,0.8790192996754593,,,,,False,training_population,78.890364,11.867832,RGI60-07.00504,7,292.0,9.811,12.5,349.0,0.1
292,AUSTRE BROEGGERBREEN,2001,-0.476,2000-09-07,2001-09-04,214.8388168334984,550.3185389989582,1.3992479835731633,,,,,False,training_population,78.890364,11.867832,RGI60-07.00504,7,292.0,9.811,12.5,349.0,0.1
292,AUSTRE BROEGGERBREEN,2002,-0.565,2001-09-04,2002-09-07,227.88074976603423,535.368489587583,1.81761040065602,,,,,False,training_population,78.890364,11.867832,RGI60-07.00504,7,292.0,9.811,12.5,349.0,0.1
292,AUSTRE BROEGGERBREEN,2003,-0.899,2002-09-07,2003-09-07,170.39370663960983,487.6605967509491,1.3319914638132524,,,,,False,training_population,78.890364,11.867832,RGI60-07.00504,7,292.0,9.811,12.5,349.0,0.1
292,AUSTRE BROEGGERBREEN,2004,-1.142,2003-09-07,2004-09-11,201.99593607584808,487.3446277136218,1.7544528975003189,,,,,False,training_population,78.890364,11.867832,RGI60-07.00504,7,292.0,9.811,12.5,349.0,0.1
292,AUSTRE BROEGGERBREEN,2005,-0.981,2004-09-11,2005-09-20,162.3567236582461,480.9027445295691,1.6566919230032895,,,,,False,training_population,78.890364,11.867832,RGI60-07.00504,7,292.0,9.811,12.5,349.0,0.1
292,AUSTRE BROEGGERBREEN,2006,-0.725,2005-09-20,2006-09-22,185.780874760948,571.9570413281083,1.628141823367817,,,,,False,training_population,78.890364,11.867832,RGI60-07.00504,7,292.0,9.811,12.5,349.0,0.1
292,AUSTRE BROEGGERBREEN,2007,-0.457,2006-09-22,2007-09-19,133.89514427185208,498.45452588099454,1.167820832349272,,,,,False,training_population,78.890364,11.867832,RGI60-07.00504,7,292.0,9.811,12.5,349.0,0.1
292,AUSTRE BROEGGERBREEN,2008,-0.127,2007-09-19,2008-09-16,143.00352147420432,540.1809446722261,1.0819066835486593,,,,,False,training_population,78.890364,11.867832,RGI60-07.00504,7,292.0,9.811,12.5,349.0,0.1
292,AUSTRE BROEGGERBREEN,2009,-0.25,2008-09-16,2009-09-14,191.20408808390505,529.2948916316434,1.4590344968049649,,,,,False,training_population,78.890364,11.867832,RGI60-07.00504,7,292.0,9.811,12.5,349.0,0.1
292,AUSTRE BROEGGERBREEN,2010,-0.44,2009-10-01,2010-09-30,134.54940236409686,527.5558753048308,0.9524858502374416,,,,,True,training_population,78.890364,11.867832,RGI60-07.00504,7,292.0,9.811,12.5,349.0,0.1
292,AUSTRE BROEGGERBREEN,2011,-1.004,2010-10-01,2011-09-30,244.9656059265161,440.3893266452634,1.8789044034654023,,,,,True,training_population,78.890364,11.867832,RGI60-07.00504,7,292.0,9.811,12.5,349.0,0.1
292,AUSTRE BROEGGERBREEN,2012,-0.175,2011-10-01,2012-09-30,201.84291381836164,634.8189704616871,1.5894868049068938,,,,,True,training_population,78.890364,11.867832,RGI60-07.00504,7,292.0,9.811,12.5,349.0,0.1
292,AUSTRE BROEGGERBREEN,2013,-1.05,2012-10-01,2013-09-30,252.4345573425317,394.7250505276827,2.0739540556203018,,,,,True,training_population,78.890364,11.867832,RGI60-07.00504,7,292.0,9.811,12.5,349.0,0.1
292,AUSTRE BROEGGERBREEN,2014,0.01,2013-10-01,2014-09-30,160.21168734232765,529.5148053280627,1.2587215230085074,,,,,True,training_population,78.890364,11.867832,RGI60-07.00504,7,292.0,9.811,12.5,349.0,0.1
292,AUSTRE BROEGGERBREEN,2015,-0.61,2014-10-01,2015-09-30,244.79041315714773,501.5008971726082,2.22007233716442,,,,,True,training_population,78.890364,11.867832,RGI60-07.00504,7,292.0,9.811,12.5,349.0,0.1
292,AUSTRE BROEGGERBREEN,2016,-1.45,2015-10-01,2016-09-30,228.30166333516684,476.2295206618959,1.6101751244586662,,,,,True,training_population,78.890364,11.867832,RGI60-07.00504,7,292.0,9.811,12.5,349.0,0.1
292,AUSTRE BROEGGERBREEN,2017,-0.79,2016-10-01,2017-09-30,279.0058026631702,468.1380793000933,1.757619787299138,,,,,True,training_population,78.890364,11.867832,RGI60-07.00504,7,292.0,9.811,12.5,349.0,0.1
292,AUSTRE BROEGGERBREEN,2018,-0.88,2017-10-01,2018-09-30,248.4065553029408,410.4738940508384,2.010705013551599,,,,,True,training_population,78.890364,11.867832,RGI60-07.00504,7,292.0,9.811,12.5,349.0,0.1
292,AUSTRE BROEGGERBREEN,2019,-0.71,2018-10-01,2019-09-30,238.6680765787784,521.5728646681725,1.935036533466308,,,,,True,training_population,78.890364,11.867832,RGI60-07.00504,7,292.0,9.811,12.5,349.0,0.1
292,AUSTRE BROEGGERBREEN,2020,-1.744,2019-10-01,2020-09-30,305.88761838277406,347.19201471724404,2.6813400365304463,,,,,True,training_population,78.890364,11.867832,RGI60-07.00504,7,292.0,9.811,12.5,349.0,0.1
292,AUSTRE BROEGGERBREEN,2021,-0.78,2020-10-01,2021-09-30,242.0199793497748,481.28353966851023,1.9141286062157925,,,,,True,training_population,78.890364,11.867832,RGI60-07.00504,7,292.0,9.811,12.5,349.0,0.1
292,AUSTRE BROEGGERBREEN,2022,-1.516,2021-10-01,2022-09-30,349.62034467061665,445.3935176920716,2.936212089096313,,,,,True,training_population,78.890364,11.867832,RGI60-07.00504,7,292.0,9.811,12.5,349.0,0.1
292,AUSTRE BROEGGERBREEN,2023,-0.948,2022-07-02,2023-07-02,311.661616261803,582.2991244207643,2.419274540015896,,,,,False,training_population,78.890364,11.867832,RGI60-07.00504,7,292.0,9.811,12.5,349.0,0.1
292,AUSTRE BROEGGERBREEN,2024,-2.048,2023-07-02,2024-07-01,322.85779813130915,438.7414059478445,3.187714347286521,,,,,False,training_population,78.890364,11.867832,RGI60-07.00504,7,292.0,9.811,12.5,349.0,0.1
292,AUSTRE BROEGGERBREEN,2025,-1.551,2024-07-01,2025-07-02,378.529766845706,384.85701902027006,3.3351805030877086,,,,,False,training_population,78.890364,11.867832,RGI60-07.00504,7,292.0,9.811,12.5,349.0,0.1
298,ENGABREEN,1970,-1.269,1969-09-08,1970-09-08,743.4052654266386,446.24634128758703,7.301043080592525,,,,,False,training_population,66.650002,13.85,RGI60-08.01657,8,1186.0,36.049,6.6,330.0,0.1
298,ENGABREEN,1971,0.744,1970-09-08,1971-09-09,669.9983091990185,1211.4732398866297,5.355806639574598,,,,,False,training_population,66.650002,13.85,RGI60-08.01657,8,1186.0,36.049,6.6,330.0,0.1
298,ENGABREEN,1972,-0.574,1971-09-09,1972-10-22,868.5695206960083,1577.2748043990318,7.415744213435984,,,,,False,training_population,66.650002,13.85,RGI60-08.01657,8,1186.0,36.049,6.6,330.0,0.1
298,ENGABREEN,1973,1.932,1972-10-22,1973-08-31,481.1807839711532,1833.6573980919084,4.940917967367885,,,,,False,training_population,66.650002,13.85,RGI60-08.01657,8,1186.0,36.049,6.6,330.0,0.1
298,ENGABREEN,1974,0.453,1973-08-31,1974-10-05,824.4915163675984,1406.5877875161025,6.1963263016020775,,,,,False,training_population,66.650002,13.85,RGI60-08.01657,8,1186.0,36.049,6.6,330.0,0.1
298,ENGABREEN,1975,0.994,1974-10-05,1975-10-01,485.9773342132603,1338.079140545574,3.972205195219645,,,,,False,training_population,66.650002,13.85,RGI60-08.01657,8,1186.0,36.049,6.6,330.0,0.1
298,ENGABREEN,1976,1.799,1975-10-01,1976-09-04,575.3353998820016,1452.7509864978576,5.112348527493706,,,,,False,training_population,66.650002,13.85,RGI60-08.01657,8,1186.0,36.049,6.6,330.0,0.1
298,ENGABREEN,1977,0.333,1976-09-04,1977-09-01,554.059327443443,1076.3483743009594,5.694603248264498,,,,,False,training_population,66.650002,13.85,RGI60-08.01657,8,1186.0,36.049,6.6,330.0,0.1
298,ENGABREEN,1978,-1.26,1977-09-01,1978-09-01,838.8734048207637,975.5380626296104,7.587885882889037,,,,,False,training_population,66.650002,13.85,RGI60-08.01657,8,1186.0,36.049,6.6,330.0,0.1
298,ENGABREEN,1979,-0.195,1978-09-01,1979-09-11,788.1028737386101,1481.178743466728,6.610813263879329,,,,,False,training_population,66.650002,13.85,RGI60-08.01657,8,1186.0,36.049,6.6,330.0,0.1
298,ENGABREEN,1980,-0.928,1979-09-11,1980-09-02,931.724686304731,1152.7331703347982,9.519779708420046,,,,,False,training_population,66.650002,13.85,RGI60-08.01657,8,1186.0,36.049,6.6,330.0,0.1
298,ENGABREEN,1981,0.034,1980-09-02,1981-11-27,918.1615835825648,1441.4230968477,5.504856405396415,,,,,False,training_population,66.650002,13.85,RGI60-08.01657,8,1186.0,36.049,6.6,330.0,0.1
298,ENGABREEN,1982,0.41,1981-11-27,1982-10-09,632.7155701955187,1228.843650304686,5.456522442638032,,,,,False,training_population,66.650002,13.85,RGI60-08.01657,8,1186.0,36.049,6.6,330.0,0.1
298,ENGABREEN,1983,0.451,1982-10-09,1983-10-01,711.7845400492383,1268.8959913532613,5.022020670296511,,,,,False,training_population,66.650002,13.85,RGI60-08.01657,8,1186.0,36.049,6.6,330.0,0.1
298,ENGABREEN,1984,0.795,1983-10-01,1984-09-21,756.2179447174104,1466.080598583094,5.850595307004647,,,,,False,training_population,66.650002,13.85,RGI60-08.01657,8,1186.0,36.049,6.6,330.0,0.1
298,ENGABREEN,1985,-1.62,1984-09-21,1985-11-14,933.8969539642368,1326.7778548242893,8.049179324550927,,,,,False,training_population,66.650002,13.85,RGI60-08.01657,8,1186.0,36.049,6.6,330.0,0.1
298,ENGABREEN,1986,-0.218,1985-11-14,1986-10-29,809.4615439097121,905.4508601599558,7.1463643074035845,,,,,False,training_population,66.650002,13.85,RGI60-08.01657,8,1186.0,36.049,6.6,330.0,0.1
298,ENGABREEN,1987,0.439,1986-10-29,1987-09-17,658.5493325551377,951.961546593406,6.153658513055353,,,,,False,training_population,66.650002,13.85,RGI60-08.01657,8,1186.0,36.049,6.6,330.0,0.1
298,ENGABREEN,1988,-1.737,1987-09-19,1988-09-19,1074.6031088511188,1047.6062610606114,8.804492064489859,,,,,False,training_population,66.650002,13.85,RGI60-08.01657,8,1186.0,36.049,6.6,330.0,0.1
298,ENGABREEN,1989,2.14,1988-09-19,1989-10-05,753.1887779235876,2175.362355404076,6.103621377806755,,,,,False,training_population,66.650002,13.85,RGI60-08.01657,8,1186.0,36.049,6.6,330.0,0.1
298,ENGABREEN,1990,0.284,1989-10-05,1990-08-31,765.5205265045192,1544.0016826188662,7.894526466424936,,,,,False,training_population,66.650002,13.85,RGI60-08.01657,8,1186.0,36.049,6.6,330.0,0.1
298,ENGABREEN,1991,0.296,1990-08-31,1991-09-30,878.9821160634394,1510.8634923404766,7.0650282159074,,,,,False,training_population,66.650002,13.85,RGI60-08.01657,8,1186.0,36.049,6.6,330.0,0.1
298,ENGABREEN,1992,1.342,1991-09-30,1992-09-13,766.8682423909542,1743.6087830940287,6.581969667517647,,,,,False,training_population,66.650002,13.85,RGI60-08.01657,8,1186.0,36.049,6.6,330.0,0.1
298,ENGABREEN,1993,0.693,1992-09-13,1993-09-23,776.3442565918008,1677.905217306257,6.285866279878503,,,,,False,training_population,66.650002,13.85,RGI60-08.01657,8,1186.0,36.049,6.6,330.0,0.1
298,ENGABREEN,1994,-0.04,1993-09-23,1994-09-16,730.9471136728953,930.638208513738,6.580466255243294,,,,,False,training_population,66.650002,13.85,RGI60-08.01657,8,1186.0,36.049,6.6,330.0,0.1
298,ENGABREEN,1995,1.216,1994-09-16,1995-09-15,684.717008845015,1577.136605499696,5.556449190775577,,,,,False,training_population,66.650002,13.85,RGI60-08.01657,8,1186.0,36.049,6.6,330.0,0.1
298,ENGABREEN,1996,0.3,1995-09-15,1996-09-19,823.5672733306915,1221.286216121577,7.347619573620803,,,,,False,training_population,66.650002,13.85,RGI60-08.01657,8,1186.0,36.049,6.6,330.0,0.1
298,ENGABREEN,1997,0.509,1996-09-19,1997-10-10,1079.4263081868526,1892.5071186859627,9.317946778173056,,,,,False,training_population,66.650002,13.85,RGI60-08.01657,8,1186.0,36.049,6.6,330.0,0.1
298,ENGABREEN,1998,-0.372,1997-10-10,1998-09-29,894.4818412780794,1259.806156472706,7.5415367582570205,,,,,False,training_population,66.650002,13.85,RGI60-08.01657,8,1186.0,36.049,6.6,330.0,0.1
298,ENGABREEN,1999,-0.605,1998-09-29,1999-09-22,718.644716771447,1079.0918433901134,5.7787625603054105,,,,,False,training_population,66.650002,13.85,RGI60-08.01657,8,1186.0,36.049,6.6,330.0,0.1
298,ENGABREEN,2000,0.61,1999-09-22,2000-09-21,793.1370845794715,1526.762272218427,6.441770870098193,,,,,False,training_population,66.650002,13.85,RGI60-08.01657,8,1186.0,36.049,6.6,330.0,0.1
298,ENGABREEN,2001,-1.589,2000-09-21,2001-09-26,957.2867852528929,840.9485445858245,6.748044441057312,,,,,False,training_population,66.650002,13.85,RGI60-08.01657,8,1186.0,36.049,6.6,330.0,0.1
298,ENGABREEN,2002,-1.025,2001-09-26,2002-09-26,1210.620503489181,1361.418188467411,10.004636272485731,,,,,False,training_population,66.650002,13.85,RGI60-08.01657,8,1186.0,36.049,6.6,330.0,0.1
298,ENGABREEN,2003,-1.092,2002-09-26,2003-09-28,1004.271116002404,1252.2007669565269,8.964630588586802,,,,,False,training_population,66.650002,13.85,RGI60-08.01657,8,1186.0,36.049,6.6,330.0,0.1
298,ENGABREEN,2004,0.183,2003-09-28,2004-10-16,874.7155097961459,1309.6786561187273,7.345591654293798,,,,,False,training_population,66.650002,13.85,RGI60-08.01657,8,1186.0,36.049,6.6,330.0,0.1
298,ENGABREEN,2005,0.483,2004-10-16,2005-09-29,819.180108133955,1458.5067210669536,7.581170205102473,,,,,False,training_population,66.650002,13.85,RGI60-08.01657,8,1186.0,36.049,6.6,330.0,0.1
298,ENGABREEN,2006,-1.838,2005-09-29,2006-10-04,1173.727465947473,967.1562059321914,8.829070442310302,,,,,False,training_population,66.650002,13.85,RGI60-08.01657,8,1186.0,36.049,6.6,330.0,0.1
298,ENGABREEN,2007,0.676,2006-10-04,2007-11-13,926.888077672327,1701.9255922863294,7.982013894509601,,,,,False,training_population,66.650002,13.85,RGI60-08.01657,8,1186.0,36.049,6.6,330.0,0.1
298,ENGABREEN,2008,-0.138,2007-11-13,2008-10-03,888.1950077056916,1059.5592891563435,7.838177382427736,,,,,False,training_population,66.650002,13.85,RGI60-08.01657,8,1186.0,36.049,6.6,330.0,0.1
298,ENGABREEN,2009,-0.068,2008-10-03,2009-10-20,945.7089187622108,1384.8627587159256,8.22437555064328,,,,,False,training_population,66.650002,13.85,RGI60-08.01657,8,1186.0,36.049,6.6,330.0,0.1
298,ENGABREEN,2010,-0.749,2009-10-20,2010-09-28,820.402618662519,837.197444902614,6.894670519621497,,,,,False,training_population,66.650002,13.85,RGI60-08.01657,8,1186.0,36.049,6.6,330.0,0.1
298,ENGABREEN,2011,-0.972,2010-09-28,2011-11-04,1152.2771909078006,1601.9146479133256,9.07720497241921,,,,,False,training_population,66.650002,13.85,RGI60-08.01657,8,1186.0,36.049,6.6,330.0,0.1
298,ENGABREEN,2012,1.072,2011-11-04,2012-09-25,681.9627132415801,1312.6301868281976,6.093093186530537,,,,,False,training_population,66.650002,13.85,RGI60-08.01657,8,1186.0,36.049,6.6,330.0,0.1
298,ENGABREEN,2013,-1.854,2012-09-25,2013-10-21,1042.494984181726,999.6375853091948,7.679306042712691,,,,,False,training_population,66.650002,13.85,RGI60-08.01657,8,1186.0,36.049,6.6,330.0,0.1
298,ENGABREEN,2014,-0.89,2013-10-21,2014-10-14,1147.8441501617465,1381.0595847320997,9.905420847906605,,,,,False,training_population,66.650002,13.85,RGI60-08.01657,8,1186.0,36.049,6.6,330.0,0.1
298,ENGABREEN,2015,0.653,2014-10-14,2015-10-27,843.0048723856644,1650.8233466419106,6.566012526249563,,,,,False,training_population,66.650002,13.85,RGI60-08.01657,8,1186.0,36.049,6.6,330.0,0.1
298,ENGABREEN,2016,-0.226,2015-10-27,2016-10-18,963.9374984741246,1044.824274103352,7.374439659671529,,,,,False,training_population,66.650002,13.85,RGI60-08.01657,8,1186.0,36.049,6.6,330.0,0.1
298,ENGABREEN,2017,1.249,2016-10-18,2017-11-21,900.4960285186806,1769.2231658204348,7.089719148995243,,,,,False,training_population,66.650002,13.85,RGI60-08.01657,8,1186.0,36.049,6.6,330.0,0.1
298,ENGABREEN,2018,-1.629,2017-11-21,2018-10-26,1001.189639790856,969.4765155718378,7.694687973243623,,,,,False,training_population,66.650002,13.85,RGI60-08.01657,8,1186.0,36.049,6.6,330.0,0.1
298,ENGABREEN,2019,0.788,2018-10-26,2019-09-27,1004.3988332112666,1261.3058613502162,8.810598233817302,,,,,False,training_population,66.650002,13.85,RGI60-08.01657,8,1186.0,36.049,6.6,330.0,0.1
298,ENGABREEN,2020,1.17,2019-09-27,2020-10-01,901.6875348409046,1938.2877448186591,8.01330405940182,,,,,False,training_population,66.650002,13.85,RGI60-08.01657,8,1186.0,36.049,6.6,330.0,0.1
298,ENGABREEN,2021,-0.5,2020-10-01,2021-10-23,1032.985842386886,1163.0092567360357,8.269796383899216,,,,,False,training_population,66.650002,13.85,RGI60-08.01657,8,1186.0,36.049,6.6,330.0,0.1
298,ENGABREEN,2022,0.145,2021-10-23,2022-11-07,902.9031925201456,1751.1986992091445,7.034116017991239,,,,,False,training_population,66.650002,13.85,RGI60-08.01657,8,1186.0,36.049,6.6,330.0,0.1
298,ENGABREEN,2023,-1.101,2022-11-07,2023-10-18,1088.5663286844924,1164.2772063418647,9.40381057573404,,,,,False,training_population,66.650002,13.85,RGI60-08.01657,8,1186.0,36.049,6.6,330.0,0.1
298,ENGABREEN,2024,-3.88,2023-10-18,2024-11-19,1166.291675059005,1324.6064003445997,9.36261658599414,,,,,False,training_population,66.650002,13.85,RGI60-08.01657,8,1186.0,36.049,6.6,330.0,0.1
298,ENGABREEN,2025,0.6,2024-11-19,2025-10-01,1095.5379197438592,1525.370369550856,8.978844959148486,,,,,False,training_population,66.650002,13.85,RGI60-08.01657,8,1186.0,36.049,6.6,330.0,0.1
299,GRAASUBREEN,1962,0.77,1961-01-01,1962-09-01,286.8723075866719,333.157404329878,2.869460830135646,,,,,False,training_population,61.657001,8.6,RGI60-08.00987,8,2083.0,2.166,11.5,44.0,0.1
299,GRAASUBREEN,1963,-0.706,1962-09-01,1963-08-20,610.9846307118761,422.7799146942317,6.693768547591874,,,,,False,training_population,61.657001,8.6,RGI60-08.00987,8,2083.0,2.166,11.5,44.0,0.1
299,GRAASUBREEN,1964,-0.352,1963-08-20,1964-10-01,581.7122938791942,521.6991076562003,4.074398539616532,,,,,False,training_population,61.657001,8.6,RGI60-08.00987,8,2083.0,2.166,11.5,44.0,0.1
299,GRAASUBREEN,1965,0.407,1964-10-01,1965-09-08,425.7589953104678,564.191412905803,4.138695784582628,,,,,False,training_population,61.657001,8.6,RGI60-08.00987,8,2083.0,2.166,11.5,44.0,0.1
299,GRAASUBREEN,1966,-0.285,1965-09-08,1966-09-04,668.4511582692492,348.7466572992588,6.13658164065819,,,,,False,training_population,61.657001,8.6,RGI60-08.00987,8,2083.0,2.166,11.5,44.0,0.1
299,GRAASUBREEN,1967,0.71,1966-09-04,1967-10-08,608.1788365681998,696.878680328009,4.696902937128948,,,,,False,training_population,61.657001,8.6,RGI60-08.00987,8,2083.0,2.166,11.5,44.0,0.1
299,GRAASUBREEN,1968,-0.079,1967-10-08,1968-09-15,653.3831832885767,591.7843450307387,5.863251373733318,,,,,False,training_population,61.657001,8.6,RGI60-08.00987,8,2083.0,2.166,11.5,44.0,0.1
299,GRAASUBREEN,1969,-1.358,1968-09-15,1969-10-06,822.4740524292022,571.9677454276848,7.491789512357871,,,,,False,training_population,61.657001,8.6,RGI60-08.00987,8,2083.0,2.166,11.5,44.0,0.1
299,GRAASUBREEN,1970,-0.663,1969-10-06,1970-09-01,666.8257212320991,320.6869051984746,6.790376965895966,,,,,False,training_population,61.657001,8.6,RGI60-08.00987,8,2083.0,2.166,11.5,44.0,0.1
299,GRAASUBREEN,1971,-0.47,1970-09-23,1971-09-18,549.0393419901554,548.9046862327101,4.796062951848148,,,,,False,training_population,61.657001,8.6,RGI60-08.00987,8,2083.0,2.166,11.5,44.0,0.1
299,GRAASUBREEN,1972,-0.643,1971-09-18,1972-09-03,634.4804524739609,601.3902726211704,6.472063740440057,,,,,False,training_population,61.657001,8.6,RGI60-08.00987,8,2083.0,2.166,11.5,44.0,0.1
299,GRAASUBREEN,1973,-0.891,1972-09-03,1973-10-04,661.3193667093943,667.4828848699583,5.647613966292251,,,,,False,training_population,61.657001,8.6,RGI60-08.00987,8,2083.0,2.166,11.5,44.0,0.1
299,GRAASUBREEN,1974,0.343,1973-10-04,1974-09-24,509.9379711151148,588.5578172078922,4.523534476238771,,,,,False,training_population,61.657001,8.6,RGI60-08.00987,8,2083.0,2.166,11.5,44.0,0.1
299,GRAASUBREEN,1975,-0.946,1974-09-24,1975-10-12,692.0259578704857,678.4887462343789,6.3549027014469965,,,,,False,training_population,61.657001,8.6,RGI60-08.00987,8,2083.0,2.166,11.5,44.0,0.1
299,GRAASUBREEN,1976,-1.002,1975-10-12,1976-11-17,588.1405713399279,891.1482951583806,5.85806810544887,,,,,False,training_population,61.657001,8.6,RGI60-08.00987,8,2083.0,2.166,11.5,44.0,0.1
299,GRAASUBREEN,1977,-0.389,1976-11-17,1977-09-24,554.8915129343693,358.67635007244303,5.381925450200642,,,,,False,training_population,61.657001,8.6,RGI60-08.00987,8,2083.0,2.166,11.5,44.0,0.1
299,GRAASUBREEN,1978,-0.217,1977-09-24,1978-09-06,596.7611653645863,469.8166905066863,5.8886078668677495,,,,,False,training_population,61.657001,8.6,RGI60-08.00987,8,2083.0,2.166,11.5,44.0,0.1
299,GRAASUBREEN,1979,0.042,1978-09-06,1979-10-01,507.0737269083688,744.318953085088,4.584356735063658,,,,,False,training_population,61.657001,8.6,RGI60-08.00987,8,2083.0,2.166,11.5,44.0,0.1
299,GRAASUBREEN,1980,-0.888,1979-10-01,1980-09-05,741.234317779544,314.5647895717971,7.081404871180461,,,,,False,training_population,61.657001,8.6,RGI60-08.00987,8,2083.0,2.166,11.5,44.0,0.1
299,GRAASUBREEN,1981,-0.188,1980-09-05,1981-08-14,561.7908167521186,601.588141278235,5.622270236545162,,,,,False,training_population,61.657001,8.6,RGI60-08.00987,8,2083.0,2.166,11.5,44.0,0.1
299,GRAASUBREEN,1982,-0.513,1981-08-14,1982-10-01,833.4065460205115,588.8738673733301,5.804765938267589,,,,,False,training_population,61.657001,8.6,RGI60-08.00987,8,2083.0,2.166,11.5,44.0,0.1
299,GRAASUBREEN,1983,-0.053,1982-10-01,1983-10-01,632.910167312625,759.4679894447545,5.891493008102217,,,,,False,training_population,61.657001,8.6,RGI60-08.00987,8,2083.0,2.166,11.5,44.0,0.1
299,GRAASUBREEN,1984,-0.37,1983-10-01,1984-09-15,619.379250717166,618.903519622382,5.465468778472038,,,,,False,training_population,61.657001,8.6,RGI60-08.00987,8,2083.0,2.166,11.5,44.0,0.1
299,GRAASUBREEN,1985,0.001,1984-09-15,1985-10-01,540.9018934885687,627.5729279245575,5.06159069088924,,,,,False,training_population,61.657001,8.6,RGI60-08.00987,8,2083.0,2.166,11.5,44.0,0.1
299,GRAASUBREEN,1986,-0.764,1985-10-01,1986-10-10,565.1089715321889,494.0365387188699,5.503161677761377,,,,,False,training_population,61.657001,8.6,RGI60-08.00987,8,2083.0,2.166,11.5,44.0,0.1
299,GRAASUBREEN,1987,0.711,1986-10-10,1987-10-01,474.0991767883332,609.1460415298258,4.421567466293578,,,,,False,training_population,61.657001,8.6,RGI60-08.00987,8,2083.0,2.166,11.5,44.0,0.1
299,GRAASUBREEN,1988,-0.603,1987-10-01,1988-09-18,803.6292592366563,530.7173218624364,7.362083599532881,,,,,False,training_population,61.657001,8.6,RGI60-08.00987,8,2083.0,2.166,11.5,44.0,0.1
299,GRAASUBREEN,1989,0.451,1988-09-18,1989-10-01,650.5628955841098,834.7637758541779,5.414786565476593,,,,,False,training_population,61.657001,8.6,RGI60-08.00987,8,2083.0,2.166,11.5,44.0,0.1
299,GRAASUBREEN,1990,0.714,1989-10-01,1990-09-23,676.7296549479191,824.5624708250787,6.292566795625567,,,,,False,training_population,61.657001,8.6,RGI60-08.00987,8,2083.0,2.166,11.5,44.0,0.1
299,GRAASUBREEN,1991,-0.532,1990-09-23,1991-10-04,678.0750943501814,518.0721059490666,6.387398027337135,,,,,False,training_population,61.657001,8.6,RGI60-08.00987,8,2083.0,2.166,11.5,44.0,0.1
299,GRAASUBREEN,1992,-0.078,1991-10-04,1992-09-15,655.8460173289008,652.575980183748,5.818058959297532,,,,,False,training_population,61.657001,8.6,RGI60-08.00987,8,2083.0,2.166,11.5,44.0,0.1
299,GRAASUBREEN,1993,0.416,1992-09-15,1993-09-20,532.9182528177931,657.7200158254009,4.056704036049245,,,,,False,training_population,61.657001,8.6,RGI60-08.00987,8,2083.0,2.166,11.5,44.0,0.1
299,GRAASUBREEN,1994,0.01,1993-09-20,1994-10-13,628.3076288859072,557.7900988259223,6.022719920890937,,,,,False,training_population,61.657001,8.6,RGI60-08.00987,8,2083.0,2.166,11.5,44.0,0.1
299,GRAASUBREEN,1995,-0.11,1994-10-13,1995-09-17,716.114865239464,598.2501945806255,6.573314354385176,,,,,False,training_population,61.657001,8.6,RGI60-08.00987,8,2083.0,2.166,11.5,44.0,0.1
299,GRAASUBREEN,1996,-0.452,1995-09-17,1996-09-18,649.9002122243276,423.5737573142657,5.986480746061926,,,,,False,training_population,61.657001,8.6,RGI60-08.00987,8,2083.0,2.166,11.5,44.0,0.1
299,GRAASUBREEN,1997,-1.684,1996-09-18,1997-09-27,828.3819076538115,763.4491635487527,8.098800491941175,,,,,False,training_population,61.657001,8.6,RGI60-08.00987,8,2083.0,2.166,11.5,44.0,0.1
299,GRAASUBREEN,1998,0.114,1997-09-27,1998-09-25,585.1112134297716,613.9146113793679,4.500883805924588,,,,,False,training_population,61.657001,8.6,RGI60-08.00987,8,2083.0,2.166,11.5,44.0,0.1
299,GRAASUBREEN,1999,-0.395,1998-09-25,1999-09-25,719.7060822804798,556.7945280876252,5.910461389845721,,,,,False,training_population,61.657001,8.6,RGI60-08.00987,8,2083.0,2.166,11.5,44.0,0.1
299,GRAASUBREEN,2000,-0.052,1999-09-26,2000-09-21,578.243195851647,702.4443564284581,5.107008075714134,,,,,False,training_population,61.657001,8.6,RGI60-08.00987,8,2083.0,2.166,11.5,44.0,0.1
299,GRAASUBREEN,2001,0.023,2000-09-21,2001-09-28,687.7044685363803,605.9913374052499,5.519387285260209,,,,,False,training_population,61.657001,8.6,RGI60-08.00987,8,2083.0,2.166,11.5,44.0,0.1
299,GRAASUBREEN,2002,-1.414,2001-09-28,2002-09-25,929.3904019673696,543.1297163092843,8.18726849763292,,,,,False,training_population,61.657001,8.6,RGI60-08.00987,8,2083.0,2.166,11.5,44.0,0.1
299,GRAASUBREEN,2003,-1.391,2002-09-25,2003-09-27,789.9214093526236,461.4426096088273,7.289500380253467,,,,,False,training_population,61.657001,8.6,RGI60-08.00987,8,2083.0,2.166,11.5,44.0,0.1
299,GRAASUBREEN,2004,-0.493,2003-09-27,2004-09-16,663.4392454783151,501.2730355574746,6.105328088566904,,,,,False,training_population,61.657001,8.6,RGI60-08.00987,8,2083.0,2.166,11.5,44.0,0.1
299,GRAASUBREEN,2005,-0.492,2004-09-16,2005-09-28,661.1227270762154,726.8924233866123,5.910625594595227,,,,,False,training_population,61.657001,8.6,RGI60-08.00987,8,2083.0,2.166,11.5,44.0,0.1
299,GRAASUBREEN,2006,-2.082,2005-09-28,2006-09-13,906.8815175374376,516.8988195949247,8.384680546193902,,,,,False,training_population,61.657001,8.6,RGI60-08.00987,8,2083.0,2.166,11.5,44.0,0.1
299,GRAASUBREEN,2007,-0.722,2006-09-13,2007-09-12,818.2601781209339,726.281585312492,6.607485368977443,,,,,False,training_population,61.657001,8.6,RGI60-08.00987,8,2083.0,2.166,11.5,44.0,0.1
299,GRAASUBREEN,2008,0.08,2007-09-12,2008-09-16,705.7813343048128,729.5023076835747,6.30490614573163,,,,,False,training_population,61.657001,8.6,RGI60-08.00987,8,2083.0,2.166,11.5,44.0,0.1
299,GRAASUBREEN,2009,-0.277,2008-09-16,2009-09-15,717.8105973561637,567.4696850672483,6.229943018374261,,,,,False,training_population,61.657001,8.6,RGI60-08.00987,8,2083.0,2.166,11.5,44.0,0.1
299,GRAASUBREEN,2010,-1.103,2009-09-15,2010-09-28,754.2319675445585,463.5179945193286,6.6369836282039225,,,,,False,training_population,61.657001,8.6,RGI60-08.00987,8,2083.0,2.166,11.5,44.0,0.1
299,GRAASUBREEN,2011,-1.287,2010-09-27,2011-09-09,503.3336601257355,464.5508144350856,4.728581890161511,,,,,False,training_population,61.657001,8.6,RGI60-08.00987,8,2083.0,2.166,11.5,44.0,0.1
299,GRAASUBREEN,2012,-0.109,2011-09-09,2012-09-13,594.6768783569366,737.6606065003273,4.995461704420032,,,,,False,training_population,61.657001,8.6,RGI60-08.00987,8,2083.0,2.166,11.5,44.0,0.1
299,GRAASUBREEN,2013,-0.808,2012-09-13,2013-09-13,769.7758953094508,565.9276321546897,6.540034430959973,,,,,False,training_population,61.657001,8.6,RGI60-08.00987,8,2083.0,2.166,11.5,44.0,0.1
299,GRAASUBREEN,2014,-1.169,2013-09-13,2014-09-10,833.0056579589875,658.2200144971573,7.246820552107239,,,,,False,training_population,61.657001,8.6,RGI60-08.00987,8,2083.0,2.166,11.5,44.0,0.1
299,GRAASUBREEN,2015,0.293,2014-09-10,2015-09-22,677.2295604705843,682.2779455240067,5.267256935783078,,,,,False,training_population,61.657001,8.6,RGI60-08.00987,8,2083.0,2.166,11.5,44.0,0.1
299,GRAASUBREEN,2016,-0.415,2015-09-22,2016-09-14,798.5995887756383,493.3081915942594,6.635860310430135,,,,,False,training_population,61.657001,8.6,RGI60-08.00987,8,2083.0,2.166,11.5,44.0,0.1
299,GRAASUBREEN,2017,-0.708,2016-09-14,2017-09-28,747.1592062632278,536.4621129872411,5.457409967892435,,,,,False,training_population,61.657001,8.6,RGI60-08.00987,8,2083.0,2.166,11.5,44.0,0.1
299,GRAASUBREEN,2018,-1.819,2017-09-28,2018-10-16,1032.7048362731969,643.0679948449658,8.547236765985927,,,,,False,training_population,61.657001,8.6,RGI60-08.00987,8,2083.0,2.166,11.5,44.0,0.1
299,GRAASUBREEN,2019,-1.69,2018-10-16,2019-09-23,787.8458988189727,543.2965561769834,7.424801203133424,,,,,False,training_population,61.657001,8.6,RGI60-08.00987,8,2083.0,2.166,11.5,44.0,0.1
299,GRAASUBREEN,2020,-0.643,2019-09-23,2020-09-17,723.6261981964141,693.5903249249229,6.855200005959795,,,,,False,training_population,61.657001,8.6,RGI60-08.00987,8,2083.0,2.166,11.5,44.0,0.1
299,GRAASUBREEN,2021,-1.541,2020-09-17,2021-09-17,952.6302029927606,569.9311392893271,8.029778727932278,,,,,False,training_population,61.657001,8.6,RGI60-08.00987,8,2083.0,2.166,11.5,44.0,0.1
299,GRAASUBREEN,2022,-1.616,2021-09-26,2022-09-21,761.1318353017203,529.2771417830195,6.717778764254828,,,,,False,training_population,61.657001,8.6,RGI60-08.00987,8,2083.0,2.166,11.5,44.0,0.1
299,GRAASUBREEN,2023,-0.918,2022-09-21,2023-09-22,848.3398890177446,623.5518930608207,7.352927600473621,,,,,False,training_population,61.657001,8.6,RGI60-08.00987,8,2083.0,2.166,11.5,44.0,0.1
299,GRAASUBREEN,2024,-1.3,2023-09-22,2024-09-20,924.4708363850948,527.547027349975,6.678277145606908,,,,,False,training_population,61.657001,8.6,RGI60-08.00987,8,2083.0,2.166,11.5,44.0,0.1
299,GRAASUBREEN,2025,-1.5,2024-09-20,2025-09-26,805.2895538330108,677.684110917049,6.738986525328282,,,,,False,training_population,61.657001,8.6,RGI60-08.00987,8,2083.0,2.166,11.5,44.0,0.1
300,HELLSTUGUBREEN,1962,0.783,1961-09-01,1962-09-01,239.8243864695248,378.4249676571818,2.2855445668317493,,,,,False,training_population,61.560001,8.44,RGI60-08.00449,8,1904.0,2.799,12.3,25.0,0.1
300,HELLSTUGUBREEN,1963,-0.988,1962-09-01,1963-09-01,598.8315444946318,494.47698681482063,5.879882078585439,,,,,False,training_population,61.560001,8.44,RGI60-08.00449,8,1904.0,2.799,12.3,25.0,0.1
300,HELLSTUGUBREEN,1964,-0.09,1963-10-01,1964-10-30,397.55580507914505,730.839123195146,3.3625811549200777,,,,,False,training_population,61.560001,8.44,RGI60-08.00449,8,1904.0,2.799,12.3,25.0,0.1
300,HELLSTUGUBREEN,1965,0.546,1964-10-30,1965-09-07,365.2962926228864,453.818034488215,3.563646425717142,,,,,False,training_population,61.560001,8.44,RGI60-08.00449,8,1904.0,2.799,12.3,25.0,0.1
300,HELLSTUGUBREEN,1966,-0.632,1965-09-07,1966-09-04,607.484434254967,397.3665722790578,5.575001590839355,,,,,False,training_population,61.560001,8.44,RGI60-08.00449,8,1904.0,2.799,12.3,25.0,0.1
300,HELLSTUGUBREEN,1967,0.597,1966-10-10,1967-10-04,502.7630661010771,711.2268805116422,3.9527401979418992,,,,,False,training_population,61.560001,8.44,RGI60-08.00449,8,1904.0,2.799,12.3,25.0,0.1
300,HELLSTUGUBREEN,1968,-0.075,1967-10-04,1968-09-17,592.1417930603058,714.5162744927376,5.219440161663578,,,,,False,training_population,61.560001,8.44,RGI60-08.00449,8,1904.0,2.799,12.3,25.0,0.1
300,HELLSTUGUBREEN,1969,-1.242,1968-09-17,1969-09-20,742.7198258717885,553.5015672379977,6.853832367883237,,,,,False,training_population,61.560001,8.44,RGI60-08.00449,8,1904.0,2.799,12.3,25.0,0.1
300,HELLSTUGUBREEN,1970,-0.962,1969-09-20,1970-09-01,611.473737843834,446.0074154485412,6.203640701459824,,,,,False,training_population,61.560001,8.44,RGI60-08.00449,8,1904.0,2.799,12.3,25.0,0.1
300,HELLSTUGUBREEN,1971,-0.112,1970-10-28,1971-10-21,474.1679194132513,689.3111764300706,4.1635759726814845,,,,,False,training_population,61.560001,8.44,RGI60-08.00449,8,1904.0,2.799,12.3,25.0,0.1
300,HELLSTUGUBREEN,1972,-0.479,1971-10-21,1972-11-09,604.3206306457544,739.7222461374824,5.797798639104009,,,,,False,training_population,61.560001,8.44,RGI60-08.00449,8,1904.0,2.799,12.3,25.0,0.1
300,HELLSTUGUBREEN,1973,-0.212,1972-11-09,1973-10-02,532.1541870117212,603.2930299388041,4.958633200327579,,,,,False,training_population,61.560001,8.44,RGI60-08.00449,8,1904.0,2.799,12.3,25.0,0.1
300,HELLSTUGUBREEN,1974,0.285,1973-10-02,1974-09-23,451.14265683492295,646.4560265913874,3.917157275434879,,,,,False,training_population,61.560001,8.44,RGI60-08.00449,8,1904.0,2.799,12.3,25.0,0.1
300,HELLSTUGUBREEN,1975,-0.334,1974-09-23,1975-10-13,623.1793554941839,762.4650709846073,5.688817195615931,,,,,False,training_population,61.560001,8.44,RGI60-08.00449,8,1904.0,2.799,12.3,25.0,0.1
300,HELLSTUGUBREEN,1976,-0.715,1975-10-13,1976-11-16,525.3727780660013,991.2937592943792,5.211980901248236,,,,,False,training_population,61.560001,8.44,RGI60-08.00449,8,1904.0,2.799,12.3,25.0,0.1
300,HELLSTUGUBREEN,1977,-0.685,1976-11-16,1977-09-25,507.4094481150335,403.30718393419215,4.894486308443398,,,,,False,training_population,61.560001,8.44,RGI60-08.00449,8,1904.0,2.799,12.3,25.0,0.1
300,HELLSTUGUBREEN,1978,-0.482,1977-09-25,1978-09-05,534.2239926656114,528.3087435994638,5.329484260946104,,,,,False,training_population,61.560001,8.44,RGI60-08.00449,8,1904.0,2.799,12.3,25.0,0.1
300,HELLSTUGUBREEN,1979,0.01,1978-09-05,1979-10-01,447.8832466125518,854.0714618867362,4.016649286297809,,,,,False,training_population,61.560001,8.44,RGI60-08.00449,8,1904.0,2.799,12.3,25.0,0.1
300,HELLSTUGUBREEN,1980,-1.197,1979-10-01,1980-09-21,713.9877104441352,394.7072458094532,6.572629961760168,,,,,False,training_population,61.560001,8.44,RGI60-08.00449,8,1904.0,2.799,12.3,25.0,0.1
300,HELLSTUGUBREEN,1981,-0.338,1980-09-21,1981-10-17,622.9204310099319,798.1282647689234,4.731476402282737,,,,,False,training_population,61.560001,8.44,RGI60-08.00449,8,1904.0,2.799,12.3,25.0,0.1
300,HELLSTUGUBREEN,1982,-0.367,1981-10-17,1982-09-05,529.4427759806337,493.4915554003112,5.561424184882144,,,,,False,training_population,61.560001,8.44,RGI60-08.00449,8,1904.0,2.799,12.3,25.0,0.1
300,HELLSTUGUBREEN,1983,0.156,1982-09-05,1983-09-01,557.688436889651,864.0918971819929,5.287267075414266,,,,,False,training_population,61.560001,8.44,RGI60-08.00449,8,1904.0,2.799,12.3,25.0,0.1
300,HELLSTUGUBREEN,1984,-0.522,1983-09-01,1984-12-31,610.8810976664256,1148.5394271828682,4.8873252025549165,,,,,False,training_population,61.560001,8.44,RGI60-08.00449,8,1904.0,2.799,12.3,25.0,0.1
300,HELLSTUGUBREEN,1985,-0.306,1985-01-01,1985-09-12,442.66639010111726,293.8588845915682,4.3465169533439525,,,,,False,training_population,61.560001,8.44,RGI60-08.00449,8,1904.0,2.799,12.3,25.0,0.1
300,HELLSTUGUBREEN,1986,-0.507,1985-09-12,1986-10-10,498.12143313090286,620.4845587717891,4.878348321500057,,,,,False,training_population,61.560001,8.44,RGI60-08.00449,8,1904.0,2.799,12.3,25.0,0.1
300,HELLSTUGUBREEN,1987,0.441,1986-10-10,1987-10-08,400.7264414469426,763.0820627417662,3.7936368942260943,,,,,False,training_population,61.560001,8.44,RGI60-08.00449,8,1904.0,2.799,12.3,25.0,0.1
300,HELLSTUGUBREEN,1988,-1.046,1987-10-08,1988-09-16,731.7393035888699,558.3242282577246,6.797449138199098,,,,,False,training_population,61.560001,8.44,RGI60-08.00449,8,1904.0,2.799,12.3,25.0,0.1
300,HELLSTUGUBREEN,1989,0.787,1988-09-16,1989-09-23,563.2239663442006,950.1844343887776,4.7672716693601975,,,,,False,training_population,61.560001,8.44,RGI60-08.00449,8,1904.0,2.799,12.3,25.0,0.1
300,HELLSTUGUBREEN,1990,0.724,1989-09-23,1990-09-16,624.5158135732045,905.9538632705398,5.6968389027360775,,,,,False,training_population,61.560001,8.44,RGI60-08.00449,8,1904.0,2.799,12.3,25.0,0.1
300,HELLSTUGUBREEN,1991,-0.418,1990-09-16,1991-10-02,623.2861518859887,617.1591607866134,5.830330156243389,,,,,False,training_population,61.560001,8.44,RGI60-08.00449,8,1904.0,2.799,12.3,25.0,0.1
300,HELLSTUGUBREEN,1992,0.185,1991-10-02,1992-09-17,576.0854422251407,747.3074922292681,5.148308690389016,,,,,False,training_population,61.560001,8.44,RGI60-08.00449,8,1904.0,2.799,12.3,25.0,0.1
300,HELLSTUGUBREEN,1993,0.341,1992-09-17,1993-09-19,465.49337526957504,763.7640364907093,3.512980749987196,,,,,False,training_population,61.560001,8.44,RGI60-08.00449,8,1904.0,2.799,12.3,25.0,0.1
300,HELLSTUGUBREEN,1994,0.123,1993-09-19,1994-10-11,568.1301695505801,634.4977078153278,5.407453701461594,,,,,False,training_population,61.560001,8.44,RGI60-08.00449,8,1904.0,2.799,12.3,25.0,0.1
300,HELLSTUGUBREEN,1995,-0.064,1994-10-11,1995-09-14,644.0489875793482,699.4861301523904,5.990070362367513,,,,,False,training_population,61.560001,8.44,RGI60-08.00449,8,1904.0,2.799,12.3,25.0,0.1
300,HELLSTUGUBREEN,1996,-0.677,1995-09-15,1996-09-17,581.9736287434921,476.69689904226686,5.3953676417254215,,,,,False,training_population,61.560001,8.44,RGI60-08.00449,8,1904.0,2.799,12.3,25.0,0.1
300,HELLSTUGUBREEN,1997,-1.586,1996-09-17,1997-10-14,770.2456396738716,906.8323215883752,7.51420841908112,,,,,False,training_population,61.560001,8.44,RGI60-08.00449,8,1904.0,2.799,12.3,25.0,0.1
300,HELLSTUGUBREEN,1998,0.031,1997-10-14,1998-09-23,502.8396011352565,623.2518122390154,3.88371576640919,,,,,False,training_population,61.560001,8.44,RGI60-08.00449,8,1904.0,2.799,12.3,25.0,0.1
300,HELLSTUGUBREEN,1999,-0.364,1998-09-23,1999-09-23,652.1599347432484,626.6227582301162,5.294414097329868,,,,,False,training_population,61.560001,8.44,RGI60-08.00449,8,1904.0,2.799,12.3,25.0,0.1
300,HELLSTUGUBREEN,2000,0.194,1999-09-24,2000-09-21,524.5662576039659,826.7782344416262,4.59067630629611,,,,,False,training_population,61.560001,8.44,RGI60-08.00449,8,1904.0,2.799,12.3,25.0,0.1
300,HELLSTUGUBREEN,2001,-0.361,2000-09-21,2001-09-27,610.4442021687855,675.9550621805274,4.895074594193633,,,,,False,training_population,61.560001,8.44,RGI60-08.00449,8,1904.0,2.799,12.3,25.0,0.1
300,HELLSTUGUBREEN,2002,-1.409,2001-09-26,2002-09-22,847.6482990264925,651.4191669996769,7.572687818002035,,,,,False,training_population,61.560001,8.44,RGI60-08.00449,8,1904.0,2.799,12.3,25.0,0.1
300,HELLSTUGUBREEN,2003,-1.433,2002-09-22,2003-09-10,686.8472035725943,485.3997197434233,6.709659319338615,,,,,False,training_population,61.560001,8.44,RGI60-08.00449,8,1904.0,2.799,12.3,25.0,0.1
300,HELLSTUGUBREEN,2004,-0.814,2003-09-10,2004-10-11,634.7376665751171,708.288228860809,5.466510259932389,,,,,False,training_population,61.560001,8.44,RGI60-08.00449,8,1904.0,2.799,12.3,25.0,0.1
300,HELLSTUGUBREEN,2005,-0.259,2004-10-11,2005-09-30,580.287010447187,741.5517085690695,5.265996157604739,,,,,False,training_population,61.560001,8.44,RGI60-08.00449,8,1904.0,2.799,12.3,25.0,0.1
300,HELLSTUGUBREEN,2006,-1.988,2005-09-30,2006-09-22,895.0344801584909,580.4599582607431,7.788105237656766,,,,,False,training_population,61.560001,8.44,RGI60-08.00449,8,1904.0,2.799,12.3,25.0,0.1
300,HELLSTUGUBREEN,2007,-0.646,2006-09-22,2007-09-11,681.4545255025256,833.3796945507538,6.011951196366485,,,,,False,training_population,61.560001,8.44,RGI60-08.00449,8,1904.0,2.799,12.3,25.0,0.1
300,HELLSTUGUBREEN,2008,-0.027,2007-09-11,2008-09-18,641.2119478861525,838.6646237834477,5.743875412319043,,,,,False,training_population,61.560001,8.44,RGI60-08.00449,8,1904.0,2.799,12.3,25.0,0.1
300,HELLSTUGUBREEN,2009,-0.234,2008-09-18,2009-09-16,651.0972427368196,655.6884003718899,5.73494790118676,,,,,False,training_population,61.560001,8.44,RGI60-08.00449,8,1904.0,2.799,12.3,25.0,0.1
300,HELLSTUGUBREEN,2010,-1.339,2009-09-16,2010-09-28,678.7799307505318,508.7483051563951,6.105125930343869,,,,,False,training_population,61.560001,8.44,RGI60-08.00449,8,1904.0,2.799,12.3,25.0,0.1
300,HELLSTUGUBREEN,2011,-2.041,2010-09-28,2011-09-14,465.659308115644,528.678239179932,4.394381680695929,,,,,False,training_population,61.560001,8.44,RGI60-08.00449,8,1904.0,2.799,12.3,25.0,0.1
300,HELLSTUGUBREEN,2012,-0.018,2011-09-14,2012-09-20,531.1751935323109,864.3478116604299,4.4697154832923145,,,,,False,training_population,61.560001,8.44,RGI60-08.00449,8,1904.0,2.799,12.3,25.0,0.1
300,HELLSTUGUBREEN,2013,-0.779,2012-09-20,2013-09-10,680.8825794220002,617.6944002527023,5.989226643935519,,,,,False,training_population,61.560001,8.44,RGI60-08.00449,8,1904.0,2.799,12.3,25.0,0.1
300,HELLSTUGUBREEN,2014,-1.22,2013-09-10,2014-09-16,826.6254929860465,754.8819472635948,6.721374199355881,,,,,False,training_population,61.560001,8.44,RGI60-08.00449,8,1904.0,2.799,12.3,25.0,0.1
300,HELLSTUGUBREEN,2015,0.475,2014-09-16,2015-09-23,567.7309252421088,800.1562366824223,4.660574559197929,,,,,False,training_population,61.560001,8.44,RGI60-08.00449,8,1904.0,2.799,12.3,25.0,0.1
300,HELLSTUGUBREEN,2016,-0.339,2015-09-23,2016-09-12,705.9889806111686,570.1856994343543,6.118277762592727,,,,,False,training_population,61.560001,8.44,RGI60-08.00449,8,1904.0,2.799,12.3,25.0,0.1
300,HELLSTUGUBREEN,2017,-0.591,2016-09-12,2017-09-19,656.5371810913118,597.5461781204708,4.882563174980296,,,,,False,training_population,61.560001,8.44,RGI60-08.00449,8,1904.0,2.799,12.3,25.0,0.1
300,HELLSTUGUBREEN,2018,-1.63,2017-09-19,2018-10-16,983.1175665537552,781.130145148449,8.02102083952533,,,,,False,training_population,61.560001,8.44,RGI60-08.00449,8,1904.0,2.799,12.3,25.0,0.1
300,HELLSTUGUBREEN,2019,-1.873,2018-10-16,2019-09-23,716.9717647552519,605.097584428524,6.832501893803715,,,,,False,training_population,61.560001,8.44,RGI60-08.00449,8,1904.0,2.799,12.3,25.0,0.1
300,HELLSTUGUBREEN,2020,-0.436,2019-09-23,2020-09-28,686.5146691640246,823.6847100718699,6.31247362744983,,,,,False,training_population,61.560001,8.44,RGI60-08.00449,8,1904.0,2.799,12.3,25.0,0.1
300,HELLSTUGUBREEN,2021,-1.279,2020-09-28,2021-09-26,877.6127936045361,614.6949277607412,7.524064421999306,,,,,False,training_population,61.560001,8.44,RGI60-08.00449,8,1904.0,2.799,12.3,25.0,0.1
300,HELLSTUGUBREEN,2022,-0.94,2021-09-27,2022-09-20,682.2820753733348,615.0396704184686,6.177438064243504,,,,,False,training_population,61.560001,8.44,RGI60-08.00449,8,1904.0,2.799,12.3,25.0,0.1
300,HELLSTUGUBREEN,2023,-1.04,2022-09-20,2023-09-22,781.9965062459341,715.5409135232702,6.835123910765738,,,,,False,training_population,61.560001,8.44,RGI60-08.00449,8,1904.0,2.799,12.3,25.0,0.1
300,HELLSTUGUBREEN,2024,-1.11,2023-09-22,2024-09-19,833.1978735605912,607.4378861131145,6.135121751868229,,,,,False,training_population,61.560001,8.44,RGI60-08.00449,8,1904.0,2.799,12.3,25.0,0.1
300,HELLSTUGUBREEN,2025,-0.85,2024-09-19,2025-09-23,736.6101195017528,764.1970674356244,6.130363407687889,,,,,False,training_population,61.560001,8.44,RGI60-08.00449,8,1904.0,2.799,12.3,25.0,0.1
302,STORBREEN,1949,0.2,1948-07-01,1949-09-01,,,,,,,,False,training_population,61.57,8.13,RGI60-08.00312,8,1774.0,5.21,13.7,49.0,0.1
302,STORBREEN,1950,-0.29,1949-07-02,1950-09-01,524.0860396067326,398.38665132334586,5.297129664213785,,,,,False,training_population,61.57,8.13,RGI60-08.00312,8,1774.0,5.21,13.7,49.0,0.1
302,STORBREEN,1951,-0.54,1950-07-02,1951-09-01,973.241701507573,457.76424322435366,5.93191022270388,,,,,False,training_population,61.57,8.13,RGI60-08.00312,8,1774.0,5.21,13.7,49.0,0.1
302,STORBREEN,1952,0.31,1951-07-02,1952-09-01,898.9606664021853,722.6067236737422,4.682211342772132,,,,,False,training_population,61.57,8.13,RGI60-08.00312,8,1774.0,5.21,13.7,49.0,0.1
302,STORBREEN,1953,-0.85,1952-07-01,1953-09-01,1026.7183469136596,611.6423232510577,6.473916964510327,,,,,False,training_population,61.57,8.13,RGI60-08.00312,8,1774.0,5.21,13.7,49.0,0.1
302,STORBREEN,1954,-0.77,1953-07-02,1954-09-01,1103.593820699061,574.9353364592159,6.179720486742763,,,,,False,training_population,61.57,8.13,RGI60-08.00312,8,1774.0,5.21,13.7,49.0,0.1
302,STORBREEN,1955,-0.49,1954-07-02,1955-09-01,1123.5988026936886,734.3775871950129,6.668409227857426,,,,,False,training_population,61.57,8.13,RGI60-08.00312,8,1774.0,5.21,13.7,49.0,0.1
302,STORBREEN,1956,-0.17,1955-07-02,1956-09-01,1145.437224451705,538.7962918678255,6.598649281354276,,,,,False,training_population,61.57,8.13,RGI60-08.00312,8,1774.0,5.21,13.7,49.0,0.1
302,STORBREEN,1957,0.05,1956-07-01,1957-09-01,929.4776864369752,788.3421084091289,5.113819306443805,,,,,False,training_population,61.57,8.13,RGI60-08.00312,8,1774.0,5.21,13.7,49.0,0.1
302,STORBREEN,1958,-0.08,1957-07-02,1958-09-01,932.9176380157512,781.9783475008109,5.6897197474062295,,,,,False,training_population,61.57,8.13,RGI60-08.00312,8,1774.0,5.21,13.7,49.0,0.1
302,STORBREEN,1959,-1.28,1958-07-02,1959-09-01,1196.7282677968387,630.3758642897463,6.352494122208098,,,,,False,training_population,61.57,8.13,RGI60-08.00312,8,1774.0,5.21,13.7,49.0,0.1
302,STORBREEN,1960,-1.09,1959-07-02,1960-09-01,1275.200654856369,456.0118663100319,7.264565192328584,,,,,False,training_population,61.57,8.13,RGI60-08.00312,8,1774.0,5.21,13.7,49.0,0.1
302,STORBREEN,1961,-0.52,1960-07-01,1961-09-01,967.7868535359736,607.4669887860971,5.59522706646942,,,,,False,training_population,61.57,8.13,RGI60-08.00312,8,1774.0,5.21,13.7,49.0,0.1
302,STORBREEN,1962,0.72,1961-07-02,1962-09-01,764.0381380717001,681.3028079746601,3.901203031685379,,,,,False,training_population,61.57,8.13,RGI60-08.00312,8,1774.0,5.21,13.7,49.0,0.1
302,STORBREEN,1963,-1.18,1962-07-02,1963-09-01,950.0384090423628,549.1481813530896,5.726243209007801,,,,,False,training_population,61.57,8.13,RGI60-08.00312,8,1774.0,5.21,13.7,49.0,0.1
302,STORBREEN,1964,0.21,1963-07-02,1964-09-01,862.3077578226766,689.3772018610384,4.8884071948481775,,,,,False,training_population,61.57,8.13,RGI60-08.00312,8,1774.0,5.21,13.7,49.0,0.1
302,STORBREEN,1965,0.34,1964-07-01,1965-09-01,738.9463329315226,792.447692501856,4.394361981478629,,,,,False,training_population,61.57,8.13,RGI60-08.00312,8,1774.0,5.21,13.7,49.0,0.1
302,STORBREEN,1966,-0.61,1965-07-02,1966-09-01,1024.4444943745975,451.1855158249922,5.833154388294782,,,,,False,training_population,61.57,8.13,RGI60-08.00312,8,1774.0,5.21,13.7,49.0,0.1
302,STORBREEN,1967,0.72,1966-07-02,1967-09-16,913.692489496871,878.753820309477,5.014976859664108,,,,,False,training_population,61.57,8.13,RGI60-08.00312,8,1774.0,5.21,13.7,49.0,0.1
302,STORBREEN,1968,0.05,1967-07-02,1968-10-18,1160.9976970672658,913.0706115970816,5.840524134085353,,,,,False,training_population,61.57,8.13,RGI60-08.00312,8,1774.0,5.21,13.7,49.0,0.1
302,STORBREEN,1969,-1.42,1968-07-01,1969-09-20,1386.2973855336554,560.614123416979,7.403424913645846,,,,,False,training_population,61.57,8.13,RGI60-08.00312,8,1774.0,5.21,13.7,49.0,0.1
302,STORBREEN,1970,-0.72,1969-07-02,1970-09-13,1293.9359210968066,526.8241431286854,7.475137794511275,,,,,False,training_population,61.57,8.13,RGI60-08.00312,8,1774.0,5.21,13.7,49.0,0.1
302,STORBREEN,1971,0.18,1970-07-02,1971-09-01,875.613843917851,714.8236581761012,5.173754977556639,,,,,False,training_population,61.57,8.13,RGI60-08.00312,8,1774.0,5.21,13.7,49.0,0.1
302,STORBREEN,1972,-0.31,1971-07-02,1972-09-01,1028.958693695073,817.0635706548487,6.133525899085107,,,,,False,training_population,61.57,8.13,RGI60-08.00312,8,1774.0,5.21,13.7,49.0,0.1
302,STORBREEN,1973,0.08,1972-07-01,1973-09-01,1062.408420435591,866.557342641169,6.181771652419867,,,,,False,training_population,61.57,8.13,RGI60-08.00312,8,1774.0,5.21,13.7,49.0,0.1
302,STORBREEN,1974,0.24,1973-07-02,1974-09-01,896.6491516113322,767.0617914096276,5.225637449210528,,,,,False,training_population,61.57,8.13,RGI60-08.00312,8,1774.0,5.21,13.7,49.0,0.1
302,STORBREEN,1975,-0.15,1974-07-02,1975-09-01,977.8480799357136,733.9987641964889,5.656851148085937,,,,,False,training_population,61.57,8.13,RGI60-08.00312,8,1774.0,5.21,13.7,49.0,0.1
302,STORBREEN,1976,-0.09,1975-07-02,1976-09-01,1106.0356015523314,1132.1741190234852,6.551429018008186,,,,,False,training_population,61.57,8.13,RGI60-08.00312,8,1774.0,5.21,13.7,49.0,0.1
302,STORBREEN,1977,-0.54,1976-07-01,1977-09-01,1004.4707726796504,576.258803378817,6.190777430183466,,,,,False,training_population,61.57,8.13,RGI60-08.00312,8,1774.0,5.21,13.7,49.0,0.1
302,STORBREEN,1978,-0.44,1977-07-02,1978-09-01,1055.9355243682908,582.6328696225502,6.38398853709238,,,,,False,training_population,61.57,8.13,RGI60-08.00312,8,1774.0,5.21,13.7,49.0,0.1
302,STORBREEN,1979,0.1,1978-07-02,1979-09-01,856.4309641520226,898.7009879092583,5.220314911819516,,,,,False,training_population,61.57,8.13,RGI60-08.00312,8,1774.0,5.21,13.7,49.0,0.1
302,STORBREEN,1980,-1.31,1979-07-02,1980-09-01,1106.2865144093878,547.1051109808443,6.516052533650473,,,,,False,training_population,61.57,8.13,RGI60-08.00312,8,1774.0,5.21,13.7,49.0,0.1
302,STORBREEN,1981,-0.1,1980-07-01,1981-09-01,1104.802021662399,793.2553702154977,6.066927858658191,,,,,False,training_population,61.57,8.13,RGI60-08.00312,8,1774.0,5.21,13.7,49.0,0.1
302,STORBREEN,1982,-0.47,1981-07-02,1982-09-01,1088.0297092437788,627.6731434782299,6.2115230527059415,,,,,False,training_population,61.57,8.13,RGI60-08.00312,8,1774.0,5.21,13.7,49.0,0.1
302,STORBREEN,1983,0.2,1982-07-02,1983-09-01,1051.4898291269978,941.0526082484304,6.363726643747255,,,,,False,training_population,61.57,8.13,RGI60-08.00312,8,1774.0,5.21,13.7,49.0,0.1
302,STORBREEN,1984,-0.3,1983-07-02,1984-09-01,1074.0245671590212,867.2562973418678,5.922486599026707,,,,,False,training_population,61.57,8.13,RGI60-08.00312,8,1774.0,5.21,13.7,49.0,0.1
302,STORBREEN,1985,-0.4,1984-07-01,1985-09-01,924.9153745015512,664.7896828790145,5.498822743139252,,,,,False,training_population,61.57,8.13,RGI60-08.00312,8,1774.0,5.21,13.7,49.0,0.1
302,STORBREEN,1986,-0.32,1985-07-02,1986-09-01,916.2025430043582,585.9158685196917,5.5705244949440775,,,,,False,training_population,61.57,8.13,RGI60-08.00312,8,1774.0,5.21,13.7,49.0,0.1
302,STORBREEN,1987,0.32,1986-07-02,1987-09-01,757.4843992869099,882.4939002601262,4.735493135140635,,,,,False,training_population,61.57,8.13,RGI60-08.00312,8,1774.0,5.21,13.7,49.0,0.1
302,STORBREEN,1988,-0.95,1987-07-02,1988-09-07,1138.043695449834,663.9026328350255,6.6408967668454615,,,,,False,training_population,61.57,8.13,RGI60-08.00312,8,1774.0,5.21,13.7,49.0,0.1
302,STORBREEN,1989,1.2,1988-09-07,1989-09-23,657.8260410308868,1126.8330144232868,5.265601605954399,,,,,False,training_population,61.57,8.13,RGI60-08.00312,8,1774.0,5.21,13.7,49.0,0.1
302,STORBREEN,1990,1.254,1989-10-01,1990-10-01,679.3161038716663,1099.755753406086,6.305133845840699,,,,,False,training_population,61.57,8.13,RGI60-08.00312,8,1774.0,5.21,13.7,49.0,0.1
302,STORBREEN,1991,-0.073,1990-10-01,1991-10-01,672.2117935180688,634.1546803275478,6.404506447004258,,,,,False,training_population,61.57,8.13,RGI60-08.00312,8,1774.0,5.21,13.7,49.0,0.1
302,STORBREEN,1992,0.13,1991-10-01,1992-10-14,699.0538588206007,912.7138571953388,5.651086232282135,,,,,False,training_population,61.57,8.13,RGI60-08.00312,8,1774.0,5.21,13.7,49.0,0.1
302,STORBREEN,1993,0.808,1992-10-14,1993-09-17,475.33163579305295,847.2287817561651,4.077748781010747,,,,,False,training_population,61.57,8.13,RGI60-08.00312,8,1774.0,5.21,13.7,49.0,0.1
302,STORBREEN,1994,-0.209,1993-09-17,1994-10-10,638.4089230855333,669.9984935964061,5.94436404877817,,,,,False,training_population,61.57,8.13,RGI60-08.00312,8,1774.0,5.21,13.7,49.0,0.1
302,STORBREEN,1995,-0.102,1994-10-10,1995-09-14,698.7749807993596,769.3600523456396,6.410461942700395,,,,,False,training_population,61.57,8.13,RGI60-08.00312,8,1774.0,5.21,13.7,49.0,0.1
302,STORBREEN,1996,-0.969,1995-09-13,1996-09-27,680.9078750610383,549.8610753422639,5.983797852889374,,,,,False,training_population,61.57,8.13,RGI60-08.00312,8,1774.0,5.21,13.7,49.0,0.1
302,STORBREEN,1997,-0.964,1996-09-27,1997-10-14,822.4828845977811,1047.5210082068854,8.207928697613726,,,,,False,training_population,61.57,8.13,RGI60-08.00312,8,1774.0,5.21,13.7,49.0,0.1
302,STORBREEN,1998,0.22,1997-10-14,1998-09-22,560.5570632934598,700.2831713155153,4.466378597591257,,,,,False,training_population,61.57,8.13,RGI60-08.00312,8,1774.0,5.21,13.7,49.0,0.1
302,STORBREEN,1999,-0.237,1998-09-22,1999-09-21,720.5841269175241,712.9238987624262,5.872286995597533,,,,,False,training_population,61.57,8.13,RGI60-08.00312,8,1774.0,5.21,13.7,49.0,0.1
302,STORBREEN,2000,0.548,1999-09-22,2000-09-21,612.8355790456169,953.9445619262316,5.195312678295657,,,,,False,training_population,61.57,8.13,RGI60-08.00312,8,1774.0,5.21,13.7,49.0,0.1
302,STORBREEN,2001,-0.279,2000-09-21,2001-09-26,707.1139334360789,605.3757164516824,5.614478289562743,,,,,False,training_population,61.57,8.13,RGI60-08.00312,8,1774.0,5.21,13.7,49.0,0.1
302,STORBREEN,2002,-1.786,2001-09-26,2002-09-20,942.9901462554964,729.8956778550689,8.339813044451306,,,,,False,training_population,61.57,8.13,RGI60-08.00312,8,1774.0,5.21,13.7,49.0,0.1
302,STORBREEN,2003,-1.723,2002-09-20,2003-09-28,813.0762697855665,581.9629162644055,7.459387757121675,,,,,False,training_population,61.57,8.13,RGI60-08.00312,8,1774.0,5.21,13.7,49.0,0.1
302,STORBREEN,2004,-0.744,2003-09-28,2004-09-14,673.5316654205351,630.5803707535631,6.2428889468096544,,,,,False,training_population,61.57,8.13,RGI60-08.00312,8,1774.0,5.21,13.7,49.0,0.1
302,STORBREEN,2005,-0.233,2004-09-14,2005-09-30,654.4977862040234,972.1299410951864,5.875433077328473,,,,,False,training_population,61.57,8.13,RGI60-08.00312,8,1774.0,5.21,13.7,49.0,0.1
302,STORBREEN,2006,-2.271,2005-09-30,2006-09-09,898.9338760376008,607.6668751753083,8.56592400039454,,,,,False,training_population,61.57,8.13,RGI60-08.00312,8,1774.0,5.21,13.7,49.0,0.1
302,STORBREEN,2007,-0.509,2006-09-09,2007-09-18,846.8388308207227,965.676631165902,6.677188401982426,,,,,False,training_population,61.57,8.13,RGI60-08.00312,8,1774.0,5.21,13.7,49.0,0.1
302,STORBREEN,2008,-0.102,2007-09-18,2008-09-01,692.112318420413,831.6376255153771,6.593951838949475,,,,,False,training_population,61.57,8.13,RGI60-08.00312,8,1774.0,5.21,13.7,49.0,0.1
302,STORBREEN,2009,-0.223,2008-09-01,2009-09-17,807.9028926849398,703.9710672210724,6.5607234899548725,,,,,False,training_population,61.57,8.13,RGI60-08.00312,8,1774.0,5.21,13.7,49.0,0.1
302,STORBREEN,2010,-1.765,2009-09-17,2010-09-28,759.2024990081819,508.6358883343287,6.793000986956192,,,,,False,training_population,61.57,8.13,RGI60-08.00312,8,1774.0,5.21,13.7,49.0,0.1
302,STORBREEN,2011,-1.584,2010-09-28,2011-09-13,604.4238722483349,621.4252987800819,5.599320928601272,,,,,False,training_population,61.57,8.13,RGI60-08.00312,8,1774.0,5.21,13.7,49.0,0.1
302,STORBREEN,2012,0.058,2011-09-13,2012-10-16,617.5669661204049,1044.0114762930718,5.213207720328093,,,,,False,training_population,61.57,8.13,RGI60-08.00312,8,1774.0,5.21,13.7,49.0,0.1
302,STORBREEN,2013,-1.16,2012-10-16,2013-09-12,752.541795349124,575.3142432533025,6.512854325944124,,,,,False,training_population,61.57,8.13,RGI60-08.00312,8,1774.0,5.21,13.7,49.0,0.1
302,STORBREEN,2014,-1.166,2013-09-12,2014-09-18,943.1649499257436,787.9599396245069,7.580170692222727,,,,,False,training_population,61.57,8.13,RGI60-08.00312,8,1774.0,5.21,13.7,49.0,0.1
302,STORBREEN,2015,0.487,2014-09-18,2015-09-09,563.6466595967635,872.7937201329005,5.157115015776283,,,,,False,training_population,61.57,8.13,RGI60-08.00312,8,1774.0,5.21,13.7,49.0,0.1
302,STORBREEN,2016,-0.804,2015-09-09,2016-09-12,858.3794143676794,658.5366657346476,6.776513616589553,,,,,False,training_population,61.57,8.13,RGI60-08.00312,8,1774.0,5.21,13.7,49.0,0.1
302,STORBREEN,2017,-0.517,2016-09-12,2017-08-27,652.907532755537,739.2141193332159,5.482445422085874,,,,,False,training_population,61.57,8.13,RGI60-08.00312,8,1774.0,5.21,13.7,49.0,0.1
302,STORBREEN,2018,-1.969,2017-09-27,2018-10-16,1050.422503662113,849.1138886968876,8.608478026459204,,,,,False,training_population,61.57,8.13,RGI60-08.00312,8,1774.0,5.21,13.7,49.0,0.1
302,STORBREEN,2019,-1.519,2018-10-16,2019-09-23,795.2829472859733,700.3398442411708,7.503946109440039,,,,,False,training_population,61.57,8.13,RGI60-08.00312,8,1774.0,5.21,13.7,49.0,0.1
302,STORBREEN,2020,-0.046,2019-09-23,2020-09-18,755.9169452667265,875.6132690177303,7.201773545361972,,,,,False,training_population,61.57,8.13,RGI60-08.00312,8,1774.0,5.21,13.7,49.0,0.1
302,STORBREEN,2021,-1.672,2020-09-18,2021-09-26,1034.3897141774537,637.5362646633675,8.463135413847136,,,,,False,training_population,61.57,8.13,RGI60-08.00312,8,1774.0,5.21,13.7,49.0,0.1
302,STORBREEN,2022,-0.681,2021-09-18,2022-09-29,813.9592809041378,774.8134391812478,6.780809504743957,,,,,False,training_population,61.57,8.13,RGI60-08.00312,8,1774.0,5.21,13.7,49.0,0.1
302,STORBREEN,2023,-0.943,2022-09-29,2023-09-17,879.4946019490592,655.608096679721,7.830205715566465,,,,,False,training_population,61.57,8.13,RGI60-08.00312,8,1774.0,5.21,13.7,49.0,0.1
302,STORBREEN,2024,-1.24,2023-09-17,2024-09-18,960.3562737782834,652.7199464000191,6.960680621603285,,,,,False,training_population,61.57,8.13,RGI60-08.00312,8,1774.0,5.21,13.7,49.0,0.1
302,STORBREEN,2025,-0.5,2024-09-18,2025-09-25,865.0656593322789,893.2809477176064,6.932692650781185,,,,,False,training_population,61.57,8.13,RGI60-08.00312,8,1774.0,5.21,13.7,49.0,0.1
306,HANSBREEN,1989,-0.09,1988-09-10,1989-10-01,85.15466677347979,405.9268158016032,0.1265635200169002,,,,,False,training_population,77.077003,15.63,RGI60-07.00240,7,353.0,64.211,7.4,136.0,0.1
306,HANSBREEN,1990,-0.55,1989-10-01,1990-09-30,134.66125348409224,619.6608735232587,0.6365414757659683,,,,,True,training_population,77.077003,15.63,RGI60-07.00240,7,353.0,64.211,7.4,136.0,0.1
306,HANSBREEN,1991,0.13,1990-09-10,1991-09-17,110.6246349334736,725.219506045022,0.3230882022692043,,,,,False,training_population,77.077003,15.63,RGI60-07.00240,7,353.0,64.211,7.4,136.0,0.1
306,HANSBREEN,1992,-0.27,1991-09-17,1992-09-28,78.61958719889486,704.0421922770079,0.3047860242318629,,,,,False,training_population,77.077003,15.63,RGI60-07.00240,7,353.0,64.211,7.4,136.0,0.1
306,HANSBREEN,1993,-0.67,1992-09-28,1993-11-11,86.03684056600099,705.66961067491,0.3426112838413644,,,,,False,training_population,77.077003,15.63,RGI60-07.00240,7,353.0,64.211,7.4,136.0,0.1
306,HANSBREEN,1994,0.15,1993-11-11,1994-10-12,80.86237424214852,680.791942858967,0.1981331908184795,,,,,False,training_population,77.077003,15.63,RGI60-07.00240,7,353.0,64.211,7.4,136.0,0.1
306,HANSBREEN,1995,-0.4,1994-10-12,1995-10-12,76.93454704284818,650.5644729748461,0.301607952947224,,,,,False,training_population,77.077003,15.63,RGI60-07.00240,7,353.0,64.211,7.4,136.0,0.1
306,HANSBREEN,1996,-2.02,1995-10-01,1996-09-30,82.32596435547003,675.42402799873,0.3081607873889196,,,,,True,training_population,77.077003,15.63,RGI60-07.00240,7,353.0,64.211,7.4,136.0,0.1
306,HANSBREEN,1997,-0.15,1996-10-01,1997-09-30,71.33393020630012,569.375818423314,0.133175668854665,,,,,True,training_population,77.077003,15.63,RGI60-07.00240,7,353.0,64.211,7.4,136.0,0.1
306,HANSBREEN,1998,-0.6,1997-10-08,1998-10-10,97.80337181091454,596.0107129631496,0.5053535254105505,,,,,False,training_population,77.077003,15.63,RGI60-07.00240,7,353.0,64.211,7.4,136.0,0.1
306,HANSBREEN,1999,-0.36,1998-10-10,1999-10-04,87.19067967732929,692.930335311484,0.3109829308330403,,,,,False,training_population,77.077003,15.63,RGI60-07.00240,7,353.0,64.211,7.4,136.0,0.1
306,HANSBREEN,2000,-0.48,1999-10-04,2000-09-28,69.674813461305,580.8094404208681,-0.1719261266182932,,,,,False,training_population,77.077003,15.63,RGI60-07.00240,7,353.0,64.211,7.4,136.0,0.1
306,HANSBREEN,2001,-1.1,2000-10-28,2001-10-10,114.55366376241231,423.36107817062543,0.3915310168612055,,,,,False,training_population,77.077003,15.63,RGI60-07.00240,7,353.0,64.211,7.4,136.0,0.1
306,HANSBREEN,2002,-0.6,2001-10-10,2002-10-16,138.3856988271097,619.1899553716133,1.1087870169377192,,,,,False,training_population,77.077003,15.63,RGI60-07.00240,7,353.0,64.211,7.4,136.0,0.1
306,HANSBREEN,2003,-0.56,2002-10-16,2003-10-16,124.79193267822468,493.7256698116883,0.7077238856882562,,,,,False,training_population,77.077003,15.63,RGI60-07.00240,7,353.0,64.211,7.4,136.0,0.1
306,HANSBREEN,2004,-0.57,2003-10-16,2004-10-03,118.78257115682128,626.6796785969113,0.820555740854036,,,,,False,training_population,77.077003,15.63,RGI60-07.00240,7,353.0,64.211,7.4,136.0,0.1
306,HANSBREEN,2005,0.0,2004-10-03,2005-09-07,112.09116147359424,756.6784526773524,0.9577686185422396,,,,,False,training_population,77.077003,15.63,RGI60-07.00240,7,353.0,64.211,7.4,136.0,0.1
306,HANSBREEN,2006,0.09,2005-09-07,2006-09-19,100.43394088745322,900.6230485095834,0.7731250873510618,,,,,False,training_population,77.077003,15.63,RGI60-07.00240,7,353.0,64.211,7.4,136.0,0.1
306,HANSBREEN,2007,0.0,2006-09-19,2007-09-10,53.75221532185981,660.5802689325379,0.2791516110517171,,,,,False,training_population,77.077003,15.63,RGI60-07.00240,7,353.0,64.211,7.4,136.0,0.1
306,HANSBREEN,2008,0.149,2007-09-10,2008-09-24,93.88500989278322,825.5054308657323,0.167634541055452,,,,,False,training_population,77.077003,15.63,RGI60-07.00240,7,353.0,64.211,7.4,136.0,0.1
306,HANSBREEN,2009,-0.843,2008-09-24,2009-09-17,83.88391342163249,652.8689273531683,0.4681517338407448,,,,,False,training_population,77.077003,15.63,RGI60-07.00240,7,353.0,64.211,7.4,136.0,0.1
306,HANSBREEN,2010,-0.014,2009-09-17,2010-09-22,70.22694918314755,739.5184913561685,0.0574486276378011,,,,,False,training_population,77.077003,15.63,RGI60-07.00240,7,353.0,64.211,7.4,136.0,0.1
306,HANSBREEN,2011,-0.28,2010-09-22,2011-10-01,143.8317877451601,646.6754709156888,0.5915208125460194,,,,,False,training_population,77.077003,15.63,RGI60-07.00240,7,353.0,64.211,7.4,136.0,0.1
306,HANSBREEN,2012,-0.151,2011-10-04,2012-09-27,132.49419619242582,768.2167581726062,0.7837201325789982,,,,,False,training_population,77.077003,15.63,RGI60-07.00240,7,353.0,64.211,7.4,136.0,0.1
306,HANSBREEN,2013,0.143,2012-09-27,2013-10-05,209.16245244344287,471.8406094702807,1.5112744884214735,,,,,False,training_population,77.077003,15.63,RGI60-07.00240,7,353.0,64.211,7.4,136.0,0.1
306,HANSBREEN,2014,-0.277,2013-09-15,2014-11-12,138.25127385457586,647.5974519384843,0.7617936258730902,,,,,False,training_population,77.077003,15.63,RGI60-07.00240,7,353.0,64.211,7.4,136.0,0.1
306,HANSBREEN,2015,-0.436,2014-11-12,2015-10-08,111.37030970255688,635.9257007052896,0.848771598373653,,,,,False,training_population,77.077003,15.63,RGI60-07.00240,7,353.0,64.211,7.4,136.0,0.1
306,HANSBREEN,2016,-1.078,2015-09-23,2016-10-29,220.83173497518263,702.2619844076594,1.253640470643,,,,,False,training_population,77.077003,15.63,RGI60-07.00240,7,353.0,64.211,7.4,136.0,0.1
306,HANSBREEN,2017,-0.697,2016-11-15,2017-10-16,189.5791271209742,544.8103231669315,1.007285420790984,,,,,False,training_population,77.077003,15.63,RGI60-07.00240,7,353.0,64.211,7.4,136.0,0.1
306,HANSBREEN,2018,-0.631,2017-11-03,2018-09-24,147.120211029055,605.7239739504467,1.0821453370909997,,,,,False,training_population,77.077003,15.63,RGI60-07.00240,7,353.0,64.211,7.4,136.0,0.1
306,HANSBREEN,2019,-0.483,2018-09-24,2019-10-05,118.94894078572833,669.8994730283055,0.7918153279069778,,,,,False,training_population,77.077003,15.63,RGI60-07.00240,7,353.0,64.211,7.4,136.0,0.1
306,HANSBREEN,2021,-0.725,2020-10-05,2021-09-30,142.9627014160177,591.9578706737241,0.9225204979164224,,,,,False,training_population,77.077003,15.63,RGI60-07.00240,7,353.0,64.211,7.4,136.0,0.1
306,HANSBREEN,2022,-1.457,2021-09-30,2022-10-01,189.0183822631858,529.4665804695419,1.381772267991242,,,,,False,training_population,77.077003,15.63,RGI60-07.00240,7,353.0,64.211,7.4,136.0,0.1
317,AALFOTBREEN,1963,-0.695,1962-11-10,1963-10-22,1339.6627101898234,402.6164611093392,10.36642073064613,,,,,False,training_population,61.75,5.65,RGI60-08.02666,8,1229.0,3.972,9.9,29.0,0.1
317,AALFOTBREEN,1964,0.285,1963-10-22,1964-11-04,1154.6111287434942,934.7864916603754,7.6529598913331185,,,,,False,training_population,61.75,5.65,RGI60-08.02666,8,1229.0,3.972,9.9,29.0,0.1
317,AALFOTBREEN,1965,0.679,1964-11-04,1965-10-22,1206.122855504358,1188.8733584741367,8.023192501068134,,,,,False,training_population,61.75,5.65,RGI60-08.02666,8,1229.0,3.972,9.9,29.0,0.1
317,AALFOTBREEN,1966,-1.528,1965-10-22,1966-11-18,1211.1397951761928,862.2777496189719,9.163605177229751,,,,,False,training_population,61.75,5.65,RGI60-08.02666,8,1229.0,3.972,9.9,29.0,0.1
317,AALFOTBREEN,1967,1.303,1966-11-18,1967-12-10,1116.712917455042,1730.984526714753,7.295369450942351,,,,,False,training_population,61.75,5.65,RGI60-08.02666,8,1229.0,3.972,9.9,29.0,0.1
317,AALFOTBREEN,1968,1.012,1967-12-10,1968-10-01,1206.020167160038,1088.1543728051995,8.945951356749628,,,,,False,training_population,61.75,5.65,RGI60-08.02666,8,1229.0,3.972,9.9,29.0,0.1
317,AALFOTBREEN,1969,-2.341,1968-10-01,1969-11-16,1524.356162897751,1173.9921407327429,10.966588184798994,,,,,False,training_population,61.75,5.65,RGI60-08.02666,8,1229.0,3.972,9.9,29.0,0.1
317,AALFOTBREEN,1970,-1.126,1969-11-16,1970-10-11,1239.2976848602334,697.6190223647656,9.727961884374226,,,,,False,training_population,61.75,5.65,RGI60-08.02666,8,1229.0,3.972,9.9,29.0,0.1
317,AALFOTBREEN,1971,0.831,1970-10-11,1971-11-24,1214.567898050949,1390.9668434418058,8.081878204622154,,,,,False,training_population,61.75,5.65,RGI60-08.02666,8,1229.0,3.972,9.9,29.0,0.1
317,AALFOTBREEN,1972,0.041,1971-11-24,1972-11-28,1323.15991249085,1270.0042062398857,9.500148757989878,,,,,False,training_population,61.75,5.65,RGI60-08.02666,8,1229.0,3.972,9.9,29.0,0.1
317,AALFOTBREEN,1973,2.006,1972-11-28,1973-11-20,1104.8679271698047,1580.0100329422726,7.499259615635547,,,,,False,training_population,61.75,5.65,RGI60-08.02666,8,1229.0,3.972,9.9,29.0,0.1
317,AALFOTBREEN,1974,0.854,1973-11-20,1974-09-20,1093.3568224589071,1066.5742610514428,8.188926481164042,,,,,False,training_population,61.75,5.65,RGI60-08.02666,8,1229.0,3.972,9.9,29.0,0.1
317,AALFOTBREEN,1975,0.82,1974-09-20,1975-10-09,1198.2200674692842,1531.3948959663612,8.540077173537126,,,,,False,training_population,61.75,5.65,RGI60-08.02666,8,1229.0,3.972,9.9,29.0,0.1
317,AALFOTBREEN,1976,1.305,1975-10-09,1976-10-15,1270.7195529937796,1633.8286328109712,8.587250694330208,,,,,False,training_population,61.75,5.65,RGI60-08.02666,8,1229.0,3.972,9.9,29.0,0.1
317,AALFOTBREEN,1977,-0.63,1976-10-15,1977-10-30,1280.269111251836,717.8549486041775,9.277722516267218,,,,,False,training_population,61.75,5.65,RGI60-08.02666,8,1229.0,3.972,9.9,29.0,0.1
317,AALFOTBREEN,1978,-0.617,1977-10-30,1978-10-12,1298.2855161031137,856.2358052696233,9.945100769098277,,,,,False,training_population,61.75,5.65,RGI60-08.02666,8,1229.0,3.972,9.9,29.0,0.1
317,AALFOTBREEN,1979,-0.152,1978-10-12,1979-10-22,1099.665202204391,1251.8289179195249,7.946801184225797,,,,,False,training_population,61.75,5.65,RGI60-08.02666,8,1229.0,3.972,9.9,29.0,0.1
317,AALFOTBREEN,1980,-0.726,1979-10-22,1980-12-06,1466.3911806742394,1284.4553014509472,11.16031978994178,,,,,False,training_population,61.75,5.65,RGI60-08.02666,8,1229.0,3.972,9.9,29.0,0.1
317,AALFOTBREEN,1981,0.235,1980-12-06,1981-10-10,1226.541177113855,1215.3105467834562,8.039242197119693,,,,,False,training_population,61.75,5.65,RGI60-08.02666,8,1229.0,3.972,9.9,29.0,0.1
317,AALFOTBREEN,1982,-0.012,1981-10-10,1982-10-07,1257.8411584218386,1134.1017261529594,9.777362144857236,,,,,False,training_population,61.75,5.65,RGI60-08.02666,8,1229.0,3.972,9.9,29.0,0.1
317,AALFOTBREEN,1983,1.38,1982-10-07,1983-10-02,1223.5101669311568,1489.5522875975223,8.654291814997599,,,,,False,training_population,61.75,5.65,RGI60-08.02666,8,1229.0,3.972,9.9,29.0,0.1
317,AALFOTBREEN,1984,1.376,1983-10-02,1984-10-26,1399.7489505767876,1499.0153190075616,9.245411387733814,,,,,False,training_population,61.75,5.65,RGI60-08.02666,8,1229.0,3.972,9.9,29.0,0.1
317,AALFOTBREEN,1985,-0.497,1984-10-26,1985-11-14,1360.5345770518034,1096.704790573128,9.566841483461705,,,,,False,training_population,61.75,5.65,RGI60-08.02666,8,1229.0,3.972,9.9,29.0,0.1
317,AALFOTBREEN,1986,-0.611,1985-11-14,1986-11-22,1192.6277884165493,1096.93460345866,9.416328110902228,,,,,False,training_population,61.75,5.65,RGI60-08.02666,8,1229.0,3.972,9.9,29.0,0.1
317,AALFOTBREEN,1987,2.073,1986-11-22,1987-10-08,1149.223960495,955.119266248893,8.731575639697112,,,,,False,training_population,61.75,5.65,RGI60-08.02666,8,1229.0,3.972,9.9,29.0,0.1
317,AALFOTBREEN,1988,-2.496,1987-10-08,1988-10-22,1567.73562876384,1042.7943975121038,10.730231739818208,,,,,False,training_population,61.75,5.65,RGI60-08.02666,8,1229.0,3.972,9.9,29.0,0.1
317,AALFOTBREEN,1989,2.343,1988-10-22,1989-10-28,1252.7545925140432,1917.404081258759,8.601004827195343,,,,,False,training_population,61.75,5.65,RGI60-08.02666,8,1229.0,3.972,9.9,29.0,0.1
317,AALFOTBREEN,1990,1.762,1989-10-28,1990-10-20,1380.4354253133188,1763.1579515360618,9.879277407604738,,,,,False,training_population,61.75,5.65,RGI60-08.02666,8,1229.0,3.972,9.9,29.0,0.1
317,AALFOTBREEN,1991,0.567,1990-10-20,1991-10-27,1349.780931599941,1009.4888813608022,9.93216421846033,,,,,False,training_population,61.75,5.65,RGI60-08.02666,8,1229.0,3.972,9.9,29.0,0.1
317,AALFOTBREEN,1992,2.391,1991-10-27,1992-10-28,1397.141328938807,1791.795556175046,9.490186945597353,,,,,False,training_population,61.75,5.65,RGI60-08.02666,8,1229.0,3.972,9.9,29.0,0.1
317,AALFOTBREEN,1993,1.87,1992-10-28,1993-10-15,1121.111387507125,1702.448081074369,7.326210518159749,,,,,False,training_population,61.75,5.65,RGI60-08.02666,8,1229.0,3.972,9.9,29.0,0.1
317,AALFOTBREEN,1994,0.804,1993-10-15,1994-10-20,1213.2022932688435,1273.1683495874186,9.570743089482422,,,,,False,training_population,61.75,5.65,RGI60-08.02666,8,1229.0,3.972,9.9,29.0,0.1
317,AALFOTBREEN,1995,1.233,1994-10-20,1995-11-04,1333.5069538116502,1746.5539611116262,9.170218722025576,,,,,False,training_population,61.75,5.65,RGI60-08.02666,8,1229.0,3.972,9.9,29.0,0.1
317,AALFOTBREEN,1996,-1.943,1995-11-04,1996-09-23,1191.3092997233107,547.4444437906669,9.657730356852236,,,,,False,training_population,61.75,5.65,RGI60-08.02666,8,1229.0,3.972,9.9,29.0,0.1
317,AALFOTBREEN,1997,-0.164,1996-09-23,1997-11-20,1611.2646434783992,1717.5681839106535,11.896255768209288,,,,,False,training_population,61.75,5.65,RGI60-08.02666,8,1229.0,3.972,9.9,29.0,0.1
317,AALFOTBREEN,1998,-0.481,1997-11-20,1998-10-02,1242.0665817260783,991.499911491978,8.626146522466707,,,,,False,training_population,61.75,5.65,RGI60-08.02666,8,1229.0,3.972,9.9,29.0,0.1
317,AALFOTBREEN,1999,-0.373,1998-10-02,1999-10-15,1442.1787059783985,1405.841806740842,9.4845881448276,,,,,False,training_population,61.75,5.65,RGI60-08.02666,8,1229.0,3.972,9.9,29.0,0.1
317,AALFOTBREEN,2000,1.135,1999-10-15,2000-11-08,1514.1088447570858,1718.543319874204,8.721768322543843,,,,,False,training_population,61.75,5.65,RGI60-08.02666,8,1229.0,3.972,9.9,29.0,0.1
317,AALFOTBREEN,2001,-2.523,2000-11-08,2001-10-18,1338.0979511261032,650.4656482135011,9.34463390267416,,,,,False,training_population,61.75,5.65,RGI60-08.02666,8,1229.0,3.972,9.9,29.0,0.1
317,AALFOTBREEN,2002,-2.072,2001-10-18,2002-10-05,1747.711282094324,1203.805666078118,12.173507281317246,,,,,False,training_population,61.75,5.65,RGI60-08.02666,8,1229.0,3.972,9.9,29.0,0.1
317,AALFOTBREEN,2003,-3.028,2002-10-05,2003-10-20,1539.6077208201136,1066.31538660562,11.640331342945943,,,,,False,training_population,61.75,5.65,RGI60-08.02666,8,1229.0,3.972,9.9,29.0,0.1
317,AALFOTBREEN,2004,-0.484,2003-10-20,2004-10-13,1476.4411768595426,942.6551600299716,10.273757698224962,,,,,False,training_population,61.75,5.65,RGI60-08.02666,8,1229.0,3.972,9.9,29.0,0.1
317,AALFOTBREEN,2005,0.319,2004-10-13,2005-10-16,1471.8552853902238,1630.6818090837571,9.584972076139609,,,,,False,training_population,61.75,5.65,RGI60-08.02666,8,1229.0,3.972,9.9,29.0,0.1
317,AALFOTBREEN,2006,-3.649,2005-10-16,2006-10-12,1790.0018636067755,897.9636374000357,11.795297655851968,,,,,False,training_population,61.75,5.65,RGI60-08.02666,8,1229.0,3.972,9.9,29.0,0.1
317,AALFOTBREEN,2007,0.864,2006-10-12,2007-10-05,1484.4304411570283,1657.6304175293578,10.688622321253256,,,,,False,training_population,61.75,5.65,RGI60-08.02666,8,1229.0,3.972,9.9,29.0,0.1
317,AALFOTBREEN,2008,0.331,2007-10-05,2008-10-31,1696.975800196335,1450.4210638291574,10.877915691983898,,,,,False,training_population,61.75,5.65,RGI60-08.02666,8,1229.0,3.972,9.9,29.0,0.1
317,AALFOTBREEN,2009,-0.584,2008-10-31,2009-10-22,1479.867552948003,1074.2329862326228,10.55002022342408,,,,,False,training_population,61.75,5.65,RGI60-08.02666,8,1229.0,3.972,9.9,29.0,0.1
317,AALFOTBREEN,2010,-2.299,2009-10-22,2010-09-28,1287.528216425582,615.4024018831876,9.916116858219777,,,,,False,training_population,61.75,5.65,RGI60-08.02666,8,1229.0,3.972,9.9,29.0,0.1
317,AALFOTBREEN,2011,-0.845,2010-09-28,2011-10-13,1566.061673100795,1234.671938594495,10.244520911617576,,,,,False,training_population,61.75,5.65,RGI60-08.02666,8,1229.0,3.972,9.9,29.0,0.1
317,AALFOTBREEN,2012,1.361,2011-10-13,2012-10-16,1344.3135594685934,1407.7253384713051,9.048017396788696,,,,,False,training_population,61.75,5.65,RGI60-08.02666,8,1229.0,3.972,9.9,29.0,0.1
317,AALFOTBREEN,2013,-0.904,2012-10-16,2013-09-25,1382.6411626180056,926.8013257184648,9.997552193075007,,,,,False,training_population,61.75,5.65,RGI60-08.02666,8,1229.0,3.972,9.9,29.0,0.1
317,AALFOTBREEN,2014,-1.653,2013-09-25,2014-10-15,1919.467206700649,1222.470746555391,11.820471409783874,,,,,False,training_population,61.75,5.65,RGI60-08.02666,8,1229.0,3.972,9.9,29.0,0.1
317,AALFOTBREEN,2015,1.472,2014-10-15,2015-10-16,1387.445707575485,1620.0824549569716,8.937489293969216,,,,,False,training_population,61.75,5.65,RGI60-08.02666,8,1229.0,3.972,9.9,29.0,0.1
317,AALFOTBREEN,2016,-0.509,2015-10-16,2016-10-05,1643.7628014882455,1206.309357444621,10.39557993792108,,,,,False,training_population,61.75,5.65,RGI60-08.02666,8,1229.0,3.972,9.9,29.0,0.1
317,AALFOTBREEN,2017,-0.663,2016-10-05,2017-10-19,1628.3082318623922,1153.2475978175542,9.598035852459915,,,,,False,training_population,61.75,5.65,RGI60-08.02666,8,1229.0,3.972,9.9,29.0,0.1
317,AALFOTBREEN,2018,-1.94,2017-10-19,2018-10-11,1695.347173690801,1011.8400119279868,11.251778843091907,,,,,False,training_population,61.75,5.65,RGI60-08.02666,8,1229.0,3.972,9.9,29.0,0.1
317,AALFOTBREEN,2019,-2.321,2018-10-11,2019-09-25,1666.963949712123,810.386363925204,11.473520526333155,,,,,False,training_population,61.75,5.65,RGI60-08.02666,8,1229.0,3.972,9.9,29.0,0.1
317,AALFOTBREEN,2020,1.003,2019-09-25,2020-10-06,1611.422474416102,1662.1955335490488,11.08883020014005,,,,,False,training_population,61.75,5.65,RGI60-08.02666,8,1229.0,3.972,9.9,29.0,0.1
317,AALFOTBREEN,2021,-1.707,2020-10-06,2021-11-13,1867.0447495778467,855.5014930403573,11.693994258106644,,,,,False,training_population,61.75,5.65,RGI60-08.02666,8,1229.0,3.972,9.9,29.0,0.1
317,AALFOTBREEN,2022,-0.559,2021-11-13,2022-10-19,1456.2278106689505,1223.3099938827436,10.028897954415608,,,,,False,training_population,61.75,5.65,RGI60-08.02666,8,1229.0,3.972,9.9,29.0,0.1
317,AALFOTBREEN,2023,-2.518,2022-10-19,2023-10-23,1689.5503865559951,999.814983787278,11.29799153701121,,,,,False,training_population,61.75,5.65,RGI60-08.02666,8,1229.0,3.972,9.9,29.0,0.1
317,AALFOTBREEN,2024,-2.19,2023-10-23,2024-09-20,1562.187990824386,1022.6482211247544,10.305528369848306,,,,,False,training_population,61.75,5.65,RGI60-08.02666,8,1229.0,3.972,9.9,29.0,0.1
317,AALFOTBREEN,2025,-2.4,2024-09-20,2025-10-17,2019.402512359626,922.4737696395096,11.473112961865878,,,,,False,training_population,61.75,5.65,RGI60-08.02666,8,1229.0,3.972,9.9,29.0,0.1
321,AUSTDALSBREEN,1988,-1.429,1987-09-25,1988-09-21,899.1334550221793,404.8982130932224,8.08749439267147,,,,,False,training_population,61.814999,7.352,RGI60-08.01286,8,1504.0,10.346,5.2,133.0,0.1
321,AUSTDALSBREEN,1989,1.585,1988-09-21,1989-10-11,646.8255818684927,1836.3392934334577,5.50140872070757,,,,,False,training_population,61.814999,7.352,RGI60-08.01286,8,1504.0,10.346,5.2,133.0,0.1
321,AUSTDALSBREEN,1990,0.938,1989-10-11,1990-10-19,750.209219868981,1796.2479170546503,6.695973795738795,,,,,False,training_population,61.814999,7.352,RGI60-08.01286,8,1504.0,10.346,5.2,133.0,0.1
321,AUSTDALSBREEN,1991,0.003,1990-10-19,1991-09-28,678.1837017059352,912.2455578291272,6.531882395260598,,,,,False,training_population,61.814999,7.352,RGI60-08.01286,8,1504.0,10.346,5.2,133.0,0.1
321,AUSTDALSBREEN,1992,0.535,1991-09-28,1992-09-19,689.3984397888212,1408.3367725406538,5.89868020873141,,,,,False,training_population,61.814999,7.352,RGI60-08.01286,8,1504.0,10.346,5.2,133.0,0.1
321,AUSTDALSBREEN,1993,0.825,1992-09-19,1993-09-14,569.6784057617222,1388.9625734194449,4.244157153972705,,,,,False,training_population,61.814999,7.352,RGI60-08.01286,8,1504.0,10.346,5.2,133.0,0.1
321,AUSTDALSBREEN,1994,-0.072,1993-09-14,1994-09-20,725.2556636810334,903.4347732806792,6.387058229031793,,,,,False,training_population,61.814999,7.352,RGI60-08.01286,8,1504.0,10.346,5.2,133.0,0.1
321,AUSTDALSBREEN,1995,0.618,1994-09-20,1995-09-30,787.191868718468,1354.2157702173902,6.507342427018779,,,,,False,training_population,61.814999,7.352,RGI60-08.01286,8,1504.0,10.346,5.2,133.0,0.1
321,AUSTDALSBREEN,1996,-1.089,1995-09-30,1996-09-15,668.3184712727893,756.2676435683819,6.314627860248977,,,,,False,training_population,61.814999,7.352,RGI60-08.01286,8,1504.0,10.346,5.2,133.0,0.1
321,AUSTDALSBREEN,1997,-0.55,1996-09-15,1997-09-27,917.562677892052,1561.715881899985,8.748592264755935,,,,,False,training_population,61.814999,7.352,RGI60-08.01286,8,1504.0,10.346,5.2,133.0,0.1
321,AUSTDALSBREEN,1998,0.153,1997-09-27,1998-09-22,636.2873128255238,1161.1807955824709,5.0199276592420725,,,,,False,training_population,61.814999,7.352,RGI60-08.01286,8,1504.0,10.346,5.2,133.0,0.1
321,AUSTDALSBREEN,1999,-0.462,1998-09-23,1999-09-30,834.190494537357,1059.202278496162,6.178513643016006,,,,,False,training_population,61.814999,7.352,RGI60-08.01286,8,1504.0,10.346,5.2,133.0,0.1
321,AUSTDALSBREEN,2000,1.09,1999-09-30,2000-09-19,625.7216874440544,1571.8552003865618,5.42292250619421,,,,,False,training_population,61.814999,7.352,RGI60-08.01286,8,1504.0,10.346,5.2,133.0,0.1
321,AUSTDALSBREEN,2001,-1.52,2000-09-19,2001-09-20,810.6996462504106,617.104878476706,6.186531618367093,,,,,False,training_population,61.814999,7.352,RGI60-08.01286,8,1504.0,10.346,5.2,133.0,0.1
321,AUSTDALSBREEN,2002,-1.986,2001-09-20,2002-10-07,1102.042952219649,1111.765063235364,8.952567092232103,,,,,False,training_population,61.814999,7.352,RGI60-08.01286,8,1504.0,10.346,5.2,133.0,0.1
321,AUSTDALSBREEN,2003,-2.45,2002-10-01,2003-09-20,886.6708426157663,743.2675101285114,8.015234040522945,,,,,False,training_population,61.814999,7.352,RGI60-08.01286,8,1504.0,10.346,5.2,133.0,0.1
321,AUSTDALSBREEN,2004,-0.948,2003-09-20,2004-09-30,766.0104080200226,1232.582812296425,6.731272806637554,,,,,False,training_population,61.814999,7.352,RGI60-08.01286,8,1504.0,10.346,5.2,133.0,0.1
321,AUSTDALSBREEN,2005,0.077,2004-09-30,2005-10-17,763.4369105021193,1389.641757506773,6.4648221596427815,,,,,False,training_population,61.814999,7.352,RGI60-08.01286,8,1504.0,10.346,5.2,133.0,0.1
321,AUSTDALSBREEN,2006,-2.03,2005-10-17,2006-10-11,1127.4566775004105,841.0270114394649,9.055960232278595,,,,,False,training_population,61.814999,7.352,RGI60-08.01286,8,1504.0,10.346,5.2,133.0,0.1
321,AUSTDALSBREEN,2007,0.195,2006-10-11,2007-09-27,768.4719685872424,1558.9930854527945,7.328754617165853,,,,,False,training_population,61.814999,7.352,RGI60-08.01286,8,1504.0,10.346,5.2,133.0,0.1
321,AUSTDALSBREEN,2008,-0.101,2007-09-27,2008-10-30,910.1230079650912,1402.6809798096097,7.279576555887883,,,,,False,training_population,61.814999,7.352,RGI60-08.01286,8,1504.0,10.346,5.2,133.0,0.1
321,AUSTDALSBREEN,2009,-0.742,2008-10-30,2009-10-13,832.7626293182403,992.6191238553982,7.141185517242011,,,,,False,training_population,61.814999,7.352,RGI60-08.01286,8,1504.0,10.346,5.2,133.0,0.1
321,AUSTDALSBREEN,2010,-2.026,2009-10-13,2010-10-09,803.552257537845,632.747814375552,7.124798711140971,,,,,False,training_population,61.814999,7.352,RGI60-08.01286,8,1504.0,10.346,5.2,133.0,0.1
321,AUSTDALSBREEN,2011,-1.436,2010-10-09,2011-10-13,846.149784851078,1200.1483393380036,7.105543860836332,,,,,False,training_population,61.814999,7.352,RGI60-08.01286,8,1504.0,10.346,5.2,133.0,0.1
321,AUSTDALSBREEN,2012,0.768,2011-10-13,2012-10-11,615.0124481201198,1494.0093531331763,5.726629262730718,,,,,False,training_population,61.814999,7.352,RGI60-08.01286,8,1504.0,10.346,5.2,133.0,0.1
321,AUSTDALSBREEN,2013,-1.631,2012-10-11,2013-09-25,883.5325992584258,765.3900543443299,7.161309517293757,,,,,False,training_population,61.814999,7.352,RGI60-08.01286,8,1504.0,10.346,5.2,133.0,0.1
321,AUSTDALSBREEN,2014,-1.355,2013-09-25,2014-10-02,1046.8454357147257,1073.5269711363069,8.183981762761675,,,,,False,training_population,61.814999,7.352,RGI60-08.01286,8,1504.0,10.346,5.2,133.0,0.1
321,AUSTDALSBREEN,2015,0.722,2014-10-02,2015-10-14,740.4872399648066,1272.9648953705102,5.806363664157172,,,,,False,training_population,61.814999,7.352,RGI60-08.01286,8,1504.0,10.346,5.2,133.0,0.1
321,AUSTDALSBREEN,2016,-1.05,2015-10-14,2016-10-05,941.0368619283074,1034.9421964845503,7.120365341849972,,,,,False,training_population,61.814999,7.352,RGI60-08.01286,8,1504.0,10.346,5.2,133.0,0.1
321,AUSTDALSBREEN,2017,0.191,2016-10-05,2017-10-05,769.3315105438267,1236.826212946145,6.017742777561819,,,,,False,training_population,61.814999,7.352,RGI60-08.01286,8,1504.0,10.346,5.2,133.0,0.1
321,AUSTDALSBREEN,2018,-1.531,2017-10-18,2018-10-26,1105.2924722035762,1245.997282741303,8.66511157491935,,,,,False,training_population,61.814999,7.352,RGI60-08.01286,8,1504.0,10.346,5.2,133.0,0.1
321,AUSTDALSBREEN,2019,-1.209,2018-10-26,2019-09-25,867.3937432607044,980.2742676105112,8.093014978325908,,,,,False,training_population,61.814999,7.352,RGI60-08.01286,8,1504.0,10.346,5.2,133.0,0.1
321,AUSTDALSBREEN,2020,0.801,2019-09-25,2020-10-13,911.736246999108,1504.4245866714618,7.75163572974829,,,,,False,training_population,61.814999,7.352,RGI60-08.01286,8,1504.0,10.346,5.2,133.0,0.1
321,AUSTDALSBREEN,2021,-1.775,2020-10-13,2021-09-28,1023.4874861399368,881.0975090988009,8.763967084193597,,,,,False,training_population,61.814999,7.352,RGI60-08.01286,8,1504.0,10.346,5.2,133.0,0.1
321,AUSTDALSBREEN,2022,-0.046,2021-09-28,2022-09-20,806.8435763041207,1351.376687367022,6.989168490534266,,,,,False,training_population,61.814999,7.352,RGI60-08.01286,8,1504.0,10.346,5.2,133.0,0.1
321,AUSTDALSBREEN,2023,-1.554,2022-09-20,2023-09-22,983.7212202707964,899.3629743412796,8.283890646782497,,,,,False,training_population,61.814999,7.352,RGI60-08.01286,8,1504.0,10.346,5.2,133.0,0.1
321,AUSTDALSBREEN,2024,-1.95,2023-09-22,2024-10-01,1056.4297598520952,1009.2078933620528,7.406974991508175,,,,,False,training_population,61.814999,7.352,RGI60-08.01286,8,1504.0,10.346,5.2,133.0,0.1
321,AUSTDALSBREEN,2025,-0.65,2024-10-01,2025-09-24,944.8445428212518,1400.683802714589,7.910048607812435,,,,,False,training_population,61.814999,7.352,RGI60-08.01286,8,1504.0,10.346,5.2,133.0,0.1
322,HANSEBREEN,1986,-0.7,1985-07-02,1986-11-22,1191.5015497843472,848.1675934518832,9.416328110902228,,,,,False,training_population,61.75,5.68,RGI60-08.02650,8,1214.0,2.908,8.8,5.0,0.1
322,HANSEBREEN,1987,0.881,1986-11-22,1987-10-08,1149.223960495,955.119266248893,8.731575639697112,,,,,False,training_population,61.75,5.68,RGI60-08.02650,8,1214.0,2.908,8.8,5.0,0.1
322,HANSEBREEN,1988,-2.751,1987-10-08,1988-10-22,1567.73562876384,1042.7943975121038,10.730231739818208,,,,,False,training_population,61.75,5.68,RGI60-08.02650,8,1214.0,2.908,8.8,5.0,0.1
322,HANSEBREEN,1989,0.96,1988-10-22,1989-10-28,1252.7545925140432,1917.404081258759,8.601004827195343,,,,,False,training_population,61.75,5.68,RGI60-08.02650,8,1214.0,2.908,8.8,5.0,0.1
322,HANSEBREEN,1990,0.49,1989-10-28,1990-10-20,1380.4354253133188,1763.1579515360618,9.879277407604738,,,,,False,training_population,61.75,5.68,RGI60-08.02650,8,1214.0,2.908,8.8,5.0,0.1
322,HANSEBREEN,1991,0.479,1990-10-20,1991-10-27,1349.780931599941,1009.4888813608022,9.93216421846033,,,,,False,training_population,61.75,5.68,RGI60-08.02650,8,1214.0,2.908,8.8,5.0,0.1
322,HANSEBREEN,1992,1.247,1991-10-27,1992-10-28,1397.141328938807,1791.795556175046,9.490186945597353,,,,,False,training_population,61.75,5.68,RGI60-08.02650,8,1214.0,2.908,8.8,5.0,0.1
322,HANSEBREEN,1993,1.485,1992-10-28,1993-10-15,1121.111387507125,1702.448081074369,7.326210518159749,,,,,False,training_population,61.75,5.68,RGI60-08.02650,8,1214.0,2.908,8.8,5.0,0.1
322,HANSEBREEN,1994,0.936,1993-10-15,1994-10-20,1213.2022932688435,1273.1683495874186,9.570743089482422,,,,,False,training_population,61.75,5.68,RGI60-08.02650,8,1214.0,2.908,8.8,5.0,0.1
322,HANSEBREEN,1995,1.09,1994-10-20,1995-11-04,1333.5069538116502,1746.5539611116262,9.170218722025576,,,,,False,training_population,61.75,5.68,RGI60-08.02650,8,1214.0,2.908,8.8,5.0,0.1
322,HANSEBREEN,1996,-1.236,1995-11-04,1996-09-23,1191.3092997233107,547.4444437906669,9.657730356852236,,,,,False,training_population,61.75,5.68,RGI60-08.02650,8,1214.0,2.908,8.8,5.0,0.1
322,HANSEBREEN,1997,0.358,1996-09-23,1997-11-20,1611.2646434783992,1717.5681839106535,11.896255768209288,,,,,False,training_population,61.75,5.68,RGI60-08.02650,8,1214.0,2.908,8.8,5.0,0.1
322,HANSEBREEN,1998,-0.711,1997-11-20,1998-10-02,1242.0665817260783,991.499911491978,8.626146522466707,,,,,False,training_population,61.75,5.68,RGI60-08.02650,8,1214.0,2.908,8.8,5.0,0.1
322,HANSEBREEN,1999,-0.145,1998-10-02,1999-10-15,1442.1787059783985,1405.841806740842,9.4845881448276,,,,,False,training_population,61.75,5.68,RGI60-08.02650,8,1214.0,2.908,8.8,5.0,0.1
322,HANSEBREEN,2000,0.549,1999-10-15,2000-11-08,1514.1088447570858,1718.543319874204,8.721768322543843,,,,,False,training_population,61.75,5.68,RGI60-08.02650,8,1214.0,2.908,8.8,5.0,0.1
322,HANSEBREEN,2001,-3.041,2000-11-08,2001-10-18,1338.0979511261032,650.4656482135011,9.34463390267416,,,,,False,training_population,61.75,5.68,RGI60-08.02650,8,1214.0,2.908,8.8,5.0,0.1
322,HANSEBREEN,2002,-2.136,2001-10-18,2002-10-05,1747.711282094324,1203.805666078118,12.173507281317246,,,,,False,training_population,61.75,5.68,RGI60-08.02650,8,1214.0,2.908,8.8,5.0,0.1
322,HANSEBREEN,2003,-2.902,2002-10-05,2003-10-20,1539.6077208201136,1066.31538660562,11.640331342945943,,,,,False,training_population,61.75,5.68,RGI60-08.02650,8,1214.0,2.908,8.8,5.0,0.1
322,HANSEBREEN,2004,-0.927,2003-10-20,2004-10-13,1476.4411768595426,942.6551600299716,10.273757698224962,,,,,False,training_population,61.75,5.68,RGI60-08.02650,8,1214.0,2.908,8.8,5.0,0.1
322,HANSEBREEN,2005,-0.382,2004-10-13,2005-10-16,1471.8552853902238,1630.6818090837571,9.584972076139609,,,,,False,training_population,61.75,5.68,RGI60-08.02650,8,1214.0,2.908,8.8,5.0,0.1
322,HANSEBREEN,2006,-4.372,2005-10-16,2006-10-12,1790.0018636067755,897.9636374000357,11.795297655851968,,,,,False,training_population,61.75,5.68,RGI60-08.02650,8,1214.0,2.908,8.8,5.0,0.1
322,HANSEBREEN,2007,0.609,2006-10-12,2007-10-05,1484.4304411570283,1657.6304175293578,10.688622321253256,,,,,False,training_population,61.75,5.68,RGI60-08.02650,8,1214.0,2.908,8.8,5.0,0.1
322,HANSEBREEN,2008,0.167,2007-10-05,2008-10-31,1696.975800196335,1450.4210638291574,10.877915691983898,,,,,False,training_population,61.75,5.68,RGI60-08.02650,8,1214.0,2.908,8.8,5.0,0.1
322,HANSEBREEN,2009,-1.203,2008-10-31,2009-10-22,1479.867552948003,1074.2329862326228,10.55002022342408,,,,,False,training_population,61.75,5.68,RGI60-08.02650,8,1214.0,2.908,8.8,5.0,0.1
322,HANSEBREEN,2010,-2.504,2009-10-22,2010-09-28,1287.528216425582,615.4024018831876,9.916116858219777,,,,,False,training_population,61.75,5.68,RGI60-08.02650,8,1214.0,2.908,8.8,5.0,0.1
322,HANSEBREEN,2011,-1.252,2010-09-28,2011-10-13,1566.061673100795,1234.671938594495,10.244520911617576,,,,,False,training_population,61.75,5.68,RGI60-08.02650,8,1214.0,2.908,8.8,5.0,0.1
322,HANSEBREEN,2012,0.822,2011-10-13,2012-10-16,1344.3135594685934,1407.7253384713051,9.048017396788696,,,,,False,training_population,61.75,5.68,RGI60-08.02650,8,1214.0,2.908,8.8,5.0,0.1
322,HANSEBREEN,2013,-1.687,2012-10-16,2013-09-25,1382.6411626180056,926.8013257184648,9.997552193075007,,,,,False,training_population,61.75,5.68,RGI60-08.02650,8,1214.0,2.908,8.8,5.0,0.1
322,HANSEBREEN,2014,-2.114,2013-09-25,2014-10-15,1919.467206700649,1222.470746555391,11.820471409783874,,,,,False,training_population,61.75,5.68,RGI60-08.02650,8,1214.0,2.908,8.8,5.0,0.1
322,HANSEBREEN,2015,1.005,2014-10-15,2015-10-16,1387.445707575485,1620.0824549569716,8.937489293969216,,,,,False,training_population,61.75,5.68,RGI60-08.02650,8,1214.0,2.908,8.8,5.0,0.1
322,HANSEBREEN,2016,-1.313,2015-10-16,2016-10-05,1643.7628014882455,1206.309357444621,10.39557993792108,,,,,False,training_population,61.75,5.68,RGI60-08.02650,8,1214.0,2.908,8.8,5.0,0.1
322,HANSEBREEN,2017,-1.191,2016-10-05,2017-10-19,1628.3082318623922,1153.2475978175542,9.598035852459915,,,,,False,training_population,61.75,5.68,RGI60-08.02650,8,1214.0,2.908,8.8,5.0,0.1
322,HANSEBREEN,2018,-2.678,2017-10-19,2018-10-11,1695.347173690801,1011.8400119279868,11.251778843091907,,,,,False,training_population,61.75,5.68,RGI60-08.02650,8,1214.0,2.908,8.8,5.0,0.1
322,HANSEBREEN,2019,-2.99,2018-10-11,2019-09-25,1666.963949712123,810.386363925204,11.473520526333155,,,,,False,training_population,61.75,5.68,RGI60-08.02650,8,1214.0,2.908,8.8,5.0,0.1
322,HANSEBREEN,2020,0.486,2019-09-25,2020-10-06,1611.422474416102,1662.1955335490488,11.08883020014005,,,,,False,training_population,61.75,5.68,RGI60-08.02650,8,1214.0,2.908,8.8,5.0,0.1
322,HANSEBREEN,2021,-2.335,2020-10-06,2021-11-13,1867.0447495778467,855.5014930403573,11.693994258106644,,,,,False,training_population,61.75,5.68,RGI60-08.02650,8,1214.0,2.908,8.8,5.0,0.1
322,HANSEBREEN,2022,-1.045,2021-11-13,2022-10-19,1456.2278106689505,1223.3099938827436,10.028897954415608,,,,,False,training_population,61.75,5.68,RGI60-08.02650,8,1214.0,2.908,8.8,5.0,0.1
322,HANSEBREEN,2023,-2.995,2022-10-19,2023-10-23,1689.5503865559951,999.814983787278,11.29799153701121,,,,,False,training_population,61.75,5.68,RGI60-08.02650,8,1214.0,2.908,8.8,5.0,0.1
322,HANSEBREEN,2024,-2.57,2023-10-23,2024-09-20,1562.187990824386,1022.6482211247544,10.305528369848306,,,,,False,training_population,61.75,5.68,RGI60-08.02650,8,1214.0,2.908,8.8,5.0,0.1
322,HANSEBREEN,2025,-3.4,2024-09-20,2025-10-17,2019.402512359626,922.4737696395096,11.473112961865878,,,,,False,training_population,61.75,5.68,RGI60-08.02650,8,1214.0,2.908,8.8,5.0,0.1
323,LANGFJORDJOEKELEN,1989,-0.599,1988-07-01,1989-10-19,966.25009816488,534.1319914110798,8.133708171568074,,,,,False,training_population,70.127998,21.735001,RGI60-08.01258,8,894.0,3.455,11.0,121.0,0.1
323,LANGFJORDJOEKELEN,1990,-0.378,1989-10-19,1990-09-05,924.8140403747592,896.7693553606643,9.037357577724755,,,,,False,training_population,70.127998,21.735001,RGI60-08.01258,8,894.0,3.455,11.0,121.0,0.1
323,LANGFJORDJOEKELEN,1991,-0.04,1990-09-05,1991-10-04,1067.6492505391482,849.6174775147729,8.3954369766125,,,,,False,training_population,70.127998,21.735001,RGI60-08.01258,8,894.0,3.455,11.0,121.0,0.1
323,LANGFJORDJOEKELEN,1992,0.217,1991-10-04,1992-09-22,931.9566823323604,897.1450978902026,7.395817748360034,,,,,False,training_population,70.127998,21.735001,RGI60-08.01258,8,894.0,3.455,11.0,121.0,0.1
323,LANGFJORDJOEKELEN,1993,0.147,1992-09-22,1993-09-22,905.5539285024036,980.8368777856878,8.091863824319171,,,,,False,training_population,70.127998,21.735001,RGI60-08.01258,8,894.0,3.455,11.0,121.0,0.1
323,LANGFJORDJOEKELEN,1996,-0.012,1995-07-02,1996-10-16,1517.9459629058897,862.9486687983068,7.7047306185454545,,,,,False,training_population,70.127998,21.735001,RGI60-08.01258,8,894.0,3.455,11.0,121.0,0.1
323,LANGFJORDJOEKELEN,1997,-0.663,1996-10-16,1997-10-02,1022.8938992818228,810.8207694223602,8.509483944160372,,,,,False,training_population,70.127998,21.735001,RGI60-08.01258,8,894.0,3.455,11.0,121.0,0.1
323,LANGFJORDJOEKELEN,1998,-1.469,1997-10-02,1998-10-01,1038.4399136861202,665.6056932088426,9.152744582079483,,,,,False,training_population,70.127998,21.735001,RGI60-08.01258,8,894.0,3.455,11.0,121.0,0.1
323,LANGFJORDJOEKELEN,1999,-1.684,1998-10-01,1999-09-25,974.9292059580524,484.2919775335658,7.526144240559035,,,,,False,training_population,70.127998,21.735001,RGI60-08.01258,8,894.0,3.455,11.0,121.0,0.1
323,LANGFJORDJOEKELEN,2000,-0.521,1999-09-25,2000-10-11,1067.5611930847208,933.334890222767,7.481116431692392,,,,,False,training_population,70.127998,21.735001,RGI60-08.01258,8,894.0,3.455,11.0,121.0,0.1
323,LANGFJORDJOEKELEN,2001,-2.183,2000-10-11,2001-10-07,1077.9050458272332,656.7433055942082,8.39154163167099,,,,,False,training_population,70.127998,21.735001,RGI60-08.01258,8,894.0,3.455,11.0,121.0,0.1
323,LANGFJORDJOEKELEN,2002,-1.311,2001-10-07,2002-10-12,1142.0839838663778,815.3711267236474,9.482027612216257,,,,,False,training_population,70.127998,21.735001,RGI60-08.01258,8,894.0,3.455,11.0,121.0,0.1
323,LANGFJORDJOEKELEN,2003,-0.946,2002-10-02,2003-10-02,1020.5071449279824,814.8188743775754,8.826381536843142,,,,,False,training_population,70.127998,21.735001,RGI60-08.01258,8,894.0,3.455,11.0,121.0,0.1
323,LANGFJORDJOEKELEN,2004,-1.688,2003-10-02,2004-10-04,1173.04467213949,618.2870596558132,9.542060283992624,,,,,False,training_population,70.127998,21.735001,RGI60-08.01258,8,894.0,3.455,11.0,121.0,0.1
323,LANGFJORDJOEKELEN,2005,-1.021,2004-10-04,2005-10-26,1070.2156717936236,930.5882885973028,8.809135629128741,,,,,False,training_population,70.127998,21.735001,RGI60-08.01258,8,894.0,3.455,11.0,121.0,0.1
323,LANGFJORDJOEKELEN,2006,-2.197,2005-10-26,2006-10-06,1114.2356689453163,594.8784038632517,8.804459121261843,,,,,False,training_population,70.127998,21.735001,RGI60-08.01258,8,894.0,3.455,11.0,121.0,0.1
323,LANGFJORDJOEKELEN,2007,-0.64,2006-10-06,2007-11-03,1130.6935237884566,776.4117544412769,8.816563508130525,,,,,False,training_population,70.127998,21.735001,RGI60-08.01258,8,894.0,3.455,11.0,121.0,0.1
323,LANGFJORDJOEKELEN,2008,-0.429,2007-11-03,2008-10-16,853.6083765665724,615.1338186231428,7.051442179472571,,,,,False,training_population,70.127998,21.735001,RGI60-08.01258,8,894.0,3.455,11.0,121.0,0.1
323,LANGFJORDJOEKELEN,2009,-1.312,2008-10-16,2009-10-07,1032.726771036788,657.8878840743166,8.285939678247447,,,,,False,training_population,70.127998,21.735001,RGI60-08.01258,8,894.0,3.455,11.0,121.0,0.1
323,LANGFJORDJOEKELEN,2010,-0.748,2009-10-07,2010-09-23,922.4731918334996,601.4141305247981,7.359186095085721,,,,,False,training_population,70.127998,21.735001,RGI60-08.01258,8,894.0,3.455,11.0,121.0,0.1
323,LANGFJORDJOEKELEN,2011,-1.256,2010-09-23,2011-09-20,1147.135792160038,807.6228859334478,8.920188052412415,,,,,False,training_population,70.127998,21.735001,RGI60-08.01258,8,894.0,3.455,11.0,121.0,0.1
323,LANGFJORDJOEKELEN,2012,-0.76,2011-09-20,2012-09-25,1018.2096443176312,677.4307019452515,7.15195496047755,,,,,False,training_population,70.127998,21.735001,RGI60-08.01258,8,894.0,3.455,11.0,121.0,0.1
323,LANGFJORDJOEKELEN,2013,-2.614,2012-09-25,2013-11-07,1380.8070667266888,844.1553598250806,9.861751624121204,,,,,False,training_population,70.127998,21.735001,RGI60-08.01258,8,894.0,3.455,11.0,121.0,0.1
323,LANGFJORDJOEKELEN,2014,-0.78,2013-11-07,2014-09-24,1030.631143569949,672.0914486066079,9.17207902272544,,,,,False,training_population,70.127998,21.735001,RGI60-08.01258,8,894.0,3.455,11.0,121.0,0.1
323,LANGFJORDJOEKELEN,2015,-0.797,2014-09-24,2015-09-23,1057.763712565108,684.6484339697731,8.108968892304814,,,,,False,training_population,70.127998,21.735001,RGI60-08.01258,8,894.0,3.455,11.0,121.0,0.1
323,LANGFJORDJOEKELEN,2016,-1.664,2015-09-23,2016-09-22,1180.18580843608,544.9076264190467,8.522710860984935,,,,,False,training_population,70.127998,21.735001,RGI60-08.01258,8,894.0,3.455,11.0,121.0,0.1
323,LANGFJORDJOEKELEN,2017,-0.267,2016-09-22,2017-09-29,1101.4503747304318,814.2674258672571,7.800493888578574,,,,,False,training_population,70.127998,21.735001,RGI60-08.01258,8,894.0,3.455,11.0,121.0,0.1
323,LANGFJORDJOEKELEN,2018,-2.129,2017-09-29,2018-10-12,1235.33756624858,712.52737823864,9.184158081939277,,,,,False,training_population,70.127998,21.735001,RGI60-08.01258,8,894.0,3.455,11.0,121.0,0.1
323,LANGFJORDJOEKELEN,2019,-0.383,2018-10-12,2019-09-27,1075.2303518931114,709.7828293207867,8.358966383726724,,,,,False,training_population,70.127998,21.735001,RGI60-08.01258,8,894.0,3.455,11.0,121.0,0.1
323,LANGFJORDJOEKELEN,2020,-0.019,2019-09-27,2020-09-29,1028.888926951094,990.1150917283488,8.596295949687152,,,,,False,training_population,70.127998,21.735001,RGI60-08.01258,8,894.0,3.455,11.0,121.0,0.1
323,LANGFJORDJOEKELEN,2021,-0.195,2020-09-29,2021-09-18,1022.736926523848,775.920234689039,8.514473941360716,,,,,False,training_population,70.127998,21.735001,RGI60-08.01258,8,894.0,3.455,11.0,121.0,0.1
323,LANGFJORDJOEKELEN,2022,-2.104,2021-09-18,2022-09-28,1280.0856062571247,866.447933258975,9.760864277162431,,,,,False,training_population,70.127998,21.735001,RGI60-08.01258,8,894.0,3.455,11.0,121.0,0.1
323,LANGFJORDJOEKELEN,2023,-1.651,2022-09-29,2023-09-15,1266.539007441207,743.9780599711198,10.49587635924853,,,,,False,training_population,70.127998,21.735001,RGI60-08.01258,8,894.0,3.455,11.0,121.0,0.1
323,LANGFJORDJOEKELEN,2024,-4.06,2023-09-15,2024-09-15,1499.425642776493,734.1432996456092,12.080211340862794,,,,,False,training_population,70.127998,21.735001,RGI60-08.01258,8,894.0,3.455,11.0,121.0,0.1
323,LANGFJORDJOEKELEN,2025,-1.2,2024-09-15,2025-10-02,1386.833238728846,1110.858415636461,9.41643164676171,,,,,False,training_population,70.127998,21.735001,RGI60-08.01258,8,894.0,3.455,11.0,121.0,0.1
332,STORGLACIAEREN,1946,-0.54,1945-10-01,1946-09-30,,,,,,,,True,training_population,67.903,18.564,RGI60-08.00213,8,1414.0,3.405,13.2,102.0,0.1
332,STORGLACIAEREN,1947,-1.88,1946-10-01,1947-09-30,,,,,,,,True,training_population,67.903,18.564,RGI60-08.00213,8,1414.0,3.405,13.2,102.0,0.1
332,STORGLACIAEREN,1948,-0.29,1947-10-01,1948-09-30,,,,,,,,True,training_population,67.903,18.564,RGI60-08.00213,8,1414.0,3.405,13.2,102.0,0.1
332,STORGLACIAEREN,1949,0.59,1948-10-01,1949-09-30,,,,,,,,True,training_population,67.903,18.564,RGI60-08.00213,8,1414.0,3.405,13.2,102.0,0.1
332,STORGLACIAEREN,1950,-0.75,1949-10-01,1950-09-30,715.8440155029322,321.1776864388973,6.841067900173928,,,,,True,training_population,67.903,18.564,RGI60-08.00213,8,1414.0,3.405,13.2,102.0,0.1
332,STORGLACIAEREN,1951,-0.77,1950-10-01,1951-09-30,551.0157875061057,512.5781234205214,4.551692491337893,,,,,True,training_population,67.903,18.564,RGI60-08.00213,8,1414.0,3.405,13.2,102.0,0.1
332,STORGLACIAEREN,1952,0.04,1951-10-01,1952-09-30,487.7504127502469,652.0025639773976,4.71954698700838,,,,,True,training_population,67.903,18.564,RGI60-08.00213,8,1414.0,3.405,13.2,102.0,0.1
332,STORGLACIAEREN,1953,-0.52,1952-10-01,1953-09-30,744.8939523061142,763.0080145320725,7.756305126521921,,,,,True,training_population,67.903,18.564,RGI60-08.00213,8,1414.0,3.405,13.2,102.0,0.1
332,STORGLACIAEREN,1954,-0.93,1953-10-01,1954-09-30,658.9008744557727,549.9937453638565,5.908274179265142,,,,,True,training_population,67.903,18.564,RGI60-08.00213,8,1414.0,3.405,13.2,102.0,0.1
332,STORGLACIAEREN,1955,-0.36,1954-10-01,1955-09-30,538.4200770060243,545.6820931689243,4.4760852744614095,,,,,True,training_population,67.903,18.564,RGI60-08.00213,8,1414.0,3.405,13.2,102.0,0.1
332,STORGLACIAEREN,1956,-0.3,1955-10-01,1956-09-30,549.1744524637884,570.0707041360645,5.601919400864779,,,,,True,training_population,67.903,18.564,RGI60-08.00213,8,1414.0,3.405,13.2,102.0,0.1
332,STORGLACIAEREN,1957,-0.34,1956-10-01,1957-09-30,533.087683105471,580.8667528695785,4.792091617031396,,,,,True,training_population,67.903,18.564,RGI60-08.00213,8,1414.0,3.405,13.2,102.0,0.1
332,STORGLACIAEREN,1958,-0.38,1957-10-01,1958-09-30,556.0388310750345,642.7488851705938,4.904123249606832,,,,,True,training_population,67.903,18.564,RGI60-08.00213,8,1414.0,3.405,13.2,102.0,0.1
332,STORGLACIAEREN,1959,-0.77,1958-10-01,1959-09-30,498.2639780680363,852.8510400281987,4.708036628667881,,,,,True,training_population,67.903,18.564,RGI60-08.00213,8,1414.0,3.405,13.2,102.0,0.1
332,STORGLACIAEREN,1960,-1.61,1959-10-01,1960-09-30,868.3617088317901,413.2175143226817,7.78164278113326,,,,,True,training_population,67.903,18.564,RGI60-08.00213,8,1414.0,3.405,13.2,102.0,0.1
332,STORGLACIAEREN,1961,-0.79,1960-10-01,1961-09-30,596.9204329172793,526.6129168091247,5.927870410421643,,,,,True,training_population,67.903,18.564,RGI60-08.00213,8,1414.0,3.405,13.2,102.0,0.1
332,STORGLACIAEREN,1962,0.43,1961-10-01,1962-09-30,370.2098098754906,605.9809387923707,3.2309508309848285,,,,,True,training_population,67.903,18.564,RGI60-08.00213,8,1414.0,3.405,13.2,102.0,0.1
332,STORGLACIAEREN,1963,-0.2,1962-10-01,1963-09-30,598.7887935638458,717.2332307585023,4.681774345342686,,,,,True,training_population,67.903,18.564,RGI60-08.00213,8,1414.0,3.405,13.2,102.0,0.1
332,STORGLACIAEREN,1964,0.43,1963-10-01,1964-09-30,380.2357678731301,833.2630814338735,3.5893745270328434,,,,,True,training_population,67.903,18.564,RGI60-08.00213,8,1414.0,3.405,13.2,102.0,0.1
332,STORGLACIAEREN,1965,0.5,1964-10-01,1965-09-30,393.9441682179793,743.3141700599037,3.05755175576696,,,,,True,training_population,67.903,18.564,RGI60-08.00213,8,1414.0,3.405,13.2,102.0,0.1
332,STORGLACIAEREN,1966,-0.55,1965-10-01,1966-09-30,538.473650232953,520.9227163248648,5.433268227784551,,,,,True,training_population,67.903,18.564,RGI60-08.00213,8,1414.0,3.405,13.2,102.0,0.1
332,STORGLACIAEREN,1967,-0.18,1966-10-01,1967-09-30,574.2143905639674,585.1355373835431,4.559509262140268,,,,,True,training_population,67.903,18.564,RGI60-08.00213,8,1414.0,3.405,13.2,102.0,0.1
332,STORGLACIAEREN,1968,-0.24,1967-10-01,1968-09-30,415.94107208252194,604.453599984975,3.4754985643470007,,,,,True,training_population,67.903,18.564,RGI60-08.00213,8,1414.0,3.405,13.2,102.0,0.1
332,STORGLACIAEREN,1969,-0.9,1968-10-01,1969-09-30,678.4756832122828,554.8953949752402,6.896564938365571,,,,,True,training_population,67.903,18.564,RGI60-08.00213,8,1414.0,3.405,13.2,102.0,0.1
332,STORGLACIAEREN,1970,-1.37,1969-10-01,1970-09-30,699.8100255330434,488.4001359707461,6.614579793681294,,,,,True,training_population,67.903,18.564,RGI60-08.00213,8,1414.0,3.405,13.2,102.0,0.1
332,STORGLACIAEREN,1971,-0.19,1970-07-02,1971-09-20,1033.570087941492,668.7141210674703,5.791190341459144,,,,,False,training_population,67.903,18.564,RGI60-08.00213,8,1414.0,3.405,13.2,102.0,0.1
332,STORGLACIAEREN,1972,-1.05,1971-09-20,1972-09-15,726.7446715037054,646.2976074128619,7.4040511158929565,,,,,False,training_population,67.903,18.564,RGI60-08.00213,8,1414.0,3.405,13.2,102.0,0.1
332,STORGLACIAEREN,1973,0.05,1972-09-15,1973-09-07,537.3252290089945,934.6377704139038,5.309313786548136,,,,,False,training_population,67.903,18.564,RGI60-08.00213,8,1414.0,3.405,13.2,102.0,0.1
332,STORGLACIAEREN,1974,-0.34,1973-09-07,1974-09-10,643.5046558380153,588.2956784772163,6.000412766829805,,,,,False,training_population,67.903,18.564,RGI60-08.00213,8,1414.0,3.405,13.2,102.0,0.1
332,STORGLACIAEREN,1975,1.17,1974-09-10,1975-09-19,292.6156094869001,787.9658796626004,2.171036504662578,,,,,False,training_population,67.903,18.564,RGI60-08.00213,8,1414.0,3.405,13.2,102.0,0.1
332,STORGLACIAEREN,1976,0.27,1975-05-16,1976-09-13,742.4894418080692,954.5059420652289,3.3407838883607512,,,,,False,training_population,67.903,18.564,RGI60-08.00213,8,1414.0,3.405,13.2,102.0,0.1
332,STORGLACIAEREN,1977,0.2,1976-05-20,1977-09-09,870.6726446787559,636.1082930891548,4.23144829998848,,,,,False,training_population,67.903,18.564,RGI60-08.00213,8,1414.0,3.405,13.2,102.0,0.1
332,STORGLACIAEREN,1978,-0.08,1977-05-15,1978-09-12,1028.3742792765345,699.3615716337729,4.871631050800954,,,,,False,training_population,67.903,18.564,RGI60-08.00213,8,1414.0,3.405,13.2,102.0,0.1
332,STORGLACIAEREN,1979,-0.21,1978-05-11,1979-09-11,1220.708338801071,719.9591156944045,5.92424280608912,,,,,False,training_population,67.903,18.564,RGI60-08.00213,8,1414.0,3.405,13.2,102.0,0.1
332,STORGLACIAEREN,1980,-1.27,1979-05-22,1980-09-21,1387.7454926808728,572.6251761108472,6.939279233545521,,,,,False,training_population,67.903,18.564,RGI60-08.00213,8,1414.0,3.405,13.2,102.0,0.1
332,STORGLACIAEREN,1981,-0.19,1980-05-25,1981-11-27,1383.8667905171772,755.9159260002488,6.297821499644869,,,,,False,training_population,67.903,18.564,RGI60-08.00213,8,1414.0,3.405,13.2,102.0,0.1
332,STORGLACIAEREN,1982,0.26,1981-05-20,1982-09-08,981.8907232920376,662.211223005734,4.419760858148793,,,,,False,training_population,67.903,18.564,RGI60-08.00213,8,1414.0,3.405,13.2,102.0,0.1
332,STORGLACIAEREN,1983,0.28,1982-04-07,1983-09-12,936.173554484054,883.9592070258035,4.061720729219763,,,,,False,training_population,67.903,18.564,RGI60-08.00213,8,1414.0,3.405,13.2,102.0,0.1
332,STORGLACIAEREN,1984,0.12,1983-03-05,1984-09-15,1141.0412802378385,907.4034160465452,4.53587534669519,,,,,False,training_population,67.903,18.564,RGI60-08.00213,8,1414.0,3.405,13.2,102.0,0.1
332,STORGLACIAEREN,1985,-0.72,1984-04-03,1985-09-11,1280.1588286081997,573.2485953748494,5.736994921642824,,,,,False,training_population,67.903,18.564,RGI60-08.00213,8,1414.0,3.405,13.2,102.0,0.1
332,STORGLACIAEREN,1986,-0.06,1985-07-02,1986-08-19,1045.3835141499876,727.2245166560509,6.888160121187272,,,,,False,training_population,67.903,18.564,RGI60-08.00213,8,1414.0,3.405,13.2,102.0,0.1
332,STORGLACIAEREN,1987,0.48,1986-08-19,1987-09-14,507.61972630818985,657.3289927534063,4.154282379150413,,,,,False,training_population,67.903,18.564,RGI60-08.00213,8,1414.0,3.405,13.2,102.0,0.1
332,STORGLACIAEREN,1988,-0.84,1987-09-14,1988-09-14,793.3192218780548,556.4996241413205,7.352992014954082,,,,,False,training_population,67.903,18.564,RGI60-08.00213,8,1414.0,3.405,13.2,102.0,0.1
332,STORGLACIAEREN,1989,1.24,1988-09-14,1989-09-28,519.8558072408068,893.0230385754498,4.769448589933114,,,,,False,training_population,67.903,18.564,RGI60-08.00213,8,1414.0,3.405,13.2,102.0,0.1
332,STORGLACIAEREN,1990,0.59,1989-09-28,1990-09-10,635.8107521057152,780.9727334045391,6.322581054853379,,,,,False,training_population,67.903,18.564,RGI60-08.00213,8,1414.0,3.405,13.2,102.0,0.1
332,STORGLACIAEREN,1991,0.17,1990-05-21,1991-09-09,1230.9596785227502,695.9075139521397,6.212893947656625,,,,,False,training_population,67.903,18.564,RGI60-08.00213,8,1414.0,3.405,13.2,102.0,0.1
332,STORGLACIAEREN,1992,0.88,1991-05-23,1992-09-03,1101.3843373616585,842.746738327076,5.560032632385497,,,,,False,training_population,67.903,18.564,RGI60-08.00213,8,1414.0,3.405,13.2,102.0,0.1
332,STORGLACIAEREN,1993,1.0,1992-05-22,1993-09-10,1076.012569173182,829.3804240136958,4.929273994418181,,,,,False,training_population,67.903,18.564,RGI60-08.00213,8,1414.0,3.405,13.2,102.0,0.1
332,STORGLACIAEREN,1994,-0.37,1993-05-26,1994-09-10,1011.9477204640748,541.0568199310824,5.098637883559539,,,,,False,training_population,67.903,18.564,RGI60-08.00213,8,1414.0,3.405,13.2,102.0,0.1
332,STORGLACIAEREN,1995,0.7,1994-05-23,1995-09-12,1011.234048334762,782.0402604324137,4.824367518355902,,,,,False,training_population,67.903,18.564,RGI60-08.00213,8,1414.0,3.405,13.2,102.0,0.1
332,STORGLACIAEREN,1996,-0.39,1995-07-02,1996-07-01,453.3191850026474,623.9790483857739,4.103099738687733,,,,,False,training_population,67.903,18.564,RGI60-08.00213,8,1414.0,3.405,13.2,102.0,0.1
332,STORGLACIAEREN,1997,-0.63,1996-07-01,1997-07-02,688.328030904137,826.2087315767665,6.882593747402784,,,,,False,training_population,67.903,18.564,RGI60-08.00213,8,1414.0,3.405,13.2,102.0,0.1
332,STORGLACIAEREN,1998,-0.52,1997-07-02,1998-07-02,734.7795159657817,694.4764725636538,6.704020074276959,,,,,False,training_population,67.903,18.564,RGI60-08.00213,8,1414.0,3.405,13.2,102.0,0.1
332,STORGLACIAEREN,1999,-0.18,1998-07-02,1999-07-02,679.2226448059104,602.3135740043344,6.1343199630792205,,,,,False,training_population,67.903,18.564,RGI60-08.00213,8,1414.0,3.405,13.2,102.0,0.1
332,STORGLACIAEREN,2000,0.58,1999-10-01,2000-09-30,613.6794269561797,764.242827674881,5.537790670256706,,,,,True,training_population,67.903,18.564,RGI60-08.00213,8,1414.0,3.405,13.2,102.0,0.1
332,STORGLACIAEREN,2001,-0.7,2000-10-01,2001-09-30,707.1458786010769,498.63916390785687,5.810717816283759,,,,,True,training_population,67.903,18.564,RGI60-08.00213,8,1414.0,3.405,13.2,102.0,0.1
332,STORGLACIAEREN,2002,-0.83,2001-10-01,2002-09-30,900.1190532684357,768.0622643634863,8.553214064888353,,,,,True,training_population,67.903,18.564,RGI60-08.00213,8,1414.0,3.405,13.2,102.0,0.1
332,STORGLACIAEREN,2003,-1.04,2002-10-01,2003-09-30,803.600255966189,563.8485574551737,7.54499442888345,,,,,True,training_population,67.903,18.564,RGI60-08.00213,8,1414.0,3.405,13.2,102.0,0.1
332,STORGLACIAEREN,2004,-0.12,2003-10-01,2004-09-30,646.9626444498722,562.0727624272527,5.923859069658385,,,,,True,training_population,67.903,18.564,RGI60-08.00213,8,1414.0,3.405,13.2,102.0,0.1
332,STORGLACIAEREN,2005,-0.07,2004-10-01,2005-09-30,672.6449450174993,702.4129802268994,6.624027499599755,,,,,True,training_population,67.903,18.564,RGI60-08.00213,8,1414.0,3.405,13.2,102.0,0.1
332,STORGLACIAEREN,2006,-1.72,2005-10-01,2006-09-30,853.7657231648793,565.4810146397118,7.435201733354231,,,,,True,training_population,67.903,18.564,RGI60-08.00213,8,1414.0,3.405,13.2,102.0,0.1
332,STORGLACIAEREN,2007,0.41,2006-10-01,2007-09-30,576.9034301757835,840.4280237762086,5.970784310327085,,,,,True,training_population,67.903,18.564,RGI60-08.00213,8,1414.0,3.405,13.2,102.0,0.1
332,STORGLACIAEREN,2008,0.58,2007-10-01,2008-09-30,582.4650590260853,654.1597430897781,5.374113820946756,,,,,True,training_population,67.903,18.564,RGI60-08.00213,8,1414.0,3.405,13.2,102.0,0.1
332,STORGLACIAEREN,2009,-0.53,2008-10-01,2009-09-30,715.1044429779079,597.7735524917591,6.3779683099277005,,,,,True,training_population,67.903,18.564,RGI60-08.00213,8,1414.0,3.405,13.2,102.0,0.1
332,STORGLACIAEREN,2010,-0.69,2009-10-01,2010-09-30,608.4850749969511,456.0432304908204,5.295094758185811,,,,,True,training_population,67.903,18.564,RGI60-08.00213,8,1414.0,3.405,13.2,102.0,0.1
332,STORGLACIAEREN,2011,-1.06,2010-10-01,2011-09-30,803.6604529062938,574.2873217248316,7.242125502876636,,,,,True,training_population,67.903,18.564,RGI60-08.00213,8,1414.0,3.405,13.2,102.0,0.1
332,STORGLACIAEREN,2012,0.68,2011-10-01,2012-09-30,485.7106750488306,785.9829507442271,4.589824709684974,,,,,True,training_population,67.903,18.564,RGI60-08.00213,8,1414.0,3.405,13.2,102.0,0.1
332,STORGLACIAEREN,2013,-1.41,2012-10-01,2013-09-30,882.382928975426,484.1789947042407,7.382204593437327,,,,,True,training_population,67.903,18.564,RGI60-08.00213,8,1414.0,3.405,13.2,102.0,0.1
332,STORGLACIAEREN,2014,-0.89,2013-10-01,2014-09-30,867.8797473907498,762.9622291908297,7.789852106398453,,,,,True,training_population,67.903,18.564,RGI60-08.00213,8,1414.0,3.405,13.2,102.0,0.1
332,STORGLACIAEREN,2015,0.64,2014-10-01,2015-09-30,648.0803630828885,729.7587830427083,5.322238996754544,,,,,True,training_population,67.903,18.564,RGI60-08.00213,8,1414.0,3.405,13.2,102.0,0.1
332,STORGLACIAEREN,2016,-0.24,2015-10-01,2016-09-30,786.7539658864372,597.2520675584008,6.156609609852689,,,,,True,training_population,67.903,18.564,RGI60-08.00213,8,1414.0,3.405,13.2,102.0,0.1
332,STORGLACIAEREN,2017,0.47,2016-09-15,2017-09-14,662.6039736429882,722.3530452722855,5.429560245292798,,,,,False,training_population,67.903,18.564,RGI60-08.00213,8,1414.0,3.405,13.2,102.0,0.1
332,STORGLACIAEREN,2018,-1.6,2017-09-15,2018-09-13,876.2743752797479,428.688019167069,7.060547737453318,,,,,False,training_population,67.903,18.564,RGI60-08.00213,8,1414.0,3.405,13.2,102.0,0.1
332,STORGLACIAEREN,2019,-0.31,2018-09-15,2019-09-17,785.8082650502554,811.5119873592782,7.124612613346286,,,,,False,training_population,67.903,18.564,RGI60-08.00213,8,1414.0,3.405,13.2,102.0,0.1
332,STORGLACIAEREN,2020,0.136,2019-09-17,2020-09-10,686.3573338826523,767.0294136890377,6.648613693403183,,,,,False,training_population,67.903,18.564,RGI60-08.00213,8,1414.0,3.405,13.2,102.0,0.1
332,STORGLACIAEREN,2021,-0.823,2020-09-10,2021-09-15,775.3066364288359,673.1689115018469,7.579206589684992,,,,,False,training_population,67.903,18.564,RGI60-08.00213,8,1414.0,3.405,13.2,102.0,0.1
332,STORGLACIAEREN,2022,-0.212,2021-09-11,2022-09-06,709.1660947163929,759.8905719212112,6.693897211378924,,,,,False,training_population,67.903,18.564,RGI60-08.00213,8,1414.0,3.405,13.2,102.0,0.1
332,STORGLACIAEREN,2023,-0.812,2022-09-06,2023-09-02,863.6636057535836,654.9135218478881,8.079176963585034,,,,,False,training_population,67.903,18.564,RGI60-08.00213,8,1414.0,3.405,13.2,102.0,0.1
332,STORGLACIAEREN,2024,-2.846,2023-09-03,2024-09-14,1142.106350199385,500.1845522046083,9.02542300016986,,,,,False,training_population,67.903,18.564,RGI60-08.00213,8,1414.0,3.405,13.2,102.0,0.1
332,STORGLACIAEREN,2025,0.066,2024-09-15,2025-09-10,800.579358164472,1016.23326418375,7.152997720414335,,,,,False,training_population,67.903,18.564,RGI60-08.00213,8,1414.0,3.405,13.2,102.0,0.1
342,RIUKOJIETNA,1986,-0.54,1985-05-11,1986-08-29,539.292854436241,383.9317583206814,5.756789468835925,,,,,False,training_population,68.084,18.054,RGI60-08.00006,8,1399.0,4.886,7.5,96.0,0.1
342,RIUKOJIETNA,1987,-0.26,1986-05-05,1987-08-24,986.8170288085984,935.9787722404355,5.240663854595429,,,,,False,training_population,68.084,18.054,RGI60-08.00006,8,1399.0,4.886,7.5,96.0,0.1
342,RIUKOJIETNA,1988,-0.91,1987-05-18,1988-08-30,1194.5819919586224,809.7613338235874,5.993410437745493,,,,,False,training_population,68.084,18.054,RGI60-08.00006,8,1399.0,4.886,7.5,96.0,0.1
342,RIUKOJIETNA,1989,0.89,1988-05-07,1989-09-09,1240.5919017791796,1377.014756614237,5.891715501011305,,,,,False,training_population,68.084,18.054,RGI60-08.00006,8,1399.0,4.886,7.5,96.0,0.1
342,RIUKOJIETNA,1990,0.21,1989-04-14,1990-08-11,900.217215474451,1381.4130651150867,5.0214382830674325,,,,,False,training_population,68.084,18.054,RGI60-08.00006,8,1399.0,4.886,7.5,96.0,0.1
342,RIUKOJIETNA,1991,0.08,1990-05-14,1991-08-20,1161.5486700693814,959.3475917168206,6.190827342862132,,,,,False,training_population,68.084,18.054,RGI60-08.00006,8,1399.0,4.886,7.5,96.0,0.1
342,RIUKOJIETNA,1992,0.586,1991-04-22,1992-09-01,1070.749482472742,1296.2823047184138,5.401540696102662,,,,,False,training_population,68.084,18.054,RGI60-08.00006,8,1399.0,4.886,7.5,96.0,0.1
342,RIUKOJIETNA,1993,0.35,1992-05-09,1993-08-24,1036.5483870188443,1226.761141930762,4.850055977629202,,,,,False,training_population,68.084,18.054,RGI60-08.00006,8,1399.0,4.886,7.5,96.0,0.1
342,RIUKOJIETNA,1994,-0.295,1993-05-26,1994-09-06,990.5988843282104,753.3553454346844,4.95723402189174,,,,,False,training_population,68.084,18.054,RGI60-08.00006,8,1399.0,4.886,7.5,96.0,0.1
342,RIUKOJIETNA,1995,0.253,1994-05-09,1995-09-09,945.8490172068324,1175.745633874783,4.450145053172478,,,,,False,training_population,68.084,18.054,RGI60-08.00006,8,1399.0,4.886,7.5,96.0,0.1
342,RIUKOJIETNA,1996,-0.06,1995-07-02,1996-07-01,419.2606494903589,967.4215617135076,3.648877875010193,,,,,False,training_population,68.084,18.054,RGI60-08.00006,8,1399.0,4.886,7.5,96.0,0.1
342,RIUKOJIETNA,1997,-0.98,1996-07-01,1997-07-02,676.7387354532902,1153.4202930152303,6.754460609381948,,,,,False,training_population,68.084,18.054,RGI60-08.00006,8,1399.0,4.886,7.5,96.0,0.1
342,RIUKOJIETNA,1998,-0.84,1997-10-01,1998-09-30,629.0735463460308,918.9590989175008,5.471706347534641,,,,,True,training_population,68.084,18.054,RGI60-08.00006,8,1399.0,4.886,7.5,96.0,0.1
342,RIUKOJIETNA,1999,-0.801,1998-07-02,1999-07-02,699.1180604298936,772.9756535561805,6.197346746793376,,,,,False,training_population,68.084,18.054,RGI60-08.00006,8,1399.0,4.886,7.5,96.0,0.1
342,RIUKOJIETNA,2000,-0.312,1999-07-02,2000-07-01,512.6208427429228,1159.5331892901795,3.79134697015737,,,,,False,training_population,68.084,18.054,RGI60-08.00006,8,1399.0,4.886,7.5,96.0,0.1
342,RIUKOJIETNA,2001,-1.73,2000-10-01,2001-09-30,731.1968415578237,662.6812820964609,5.818676269918273,,,,,True,training_population,68.084,18.054,RGI60-08.00006,8,1399.0,4.886,7.5,96.0,0.1
342,RIUKOJIETNA,2002,-1.83,2001-10-01,2002-09-30,902.4439090728786,1102.732445523536,8.571112403316794,,,,,True,training_population,68.084,18.054,RGI60-08.00006,8,1399.0,4.886,7.5,96.0,0.1
342,RIUKOJIETNA,2003,-1.78,2002-10-01,2003-09-30,806.3111031850208,869.0765749521638,7.494790801449122,,,,,True,training_population,68.084,18.054,RGI60-08.00006,8,1399.0,4.886,7.5,96.0,0.1
342,RIUKOJIETNA,2005,-0.35,2004-10-01,2005-09-30,650.4178876241074,1015.7837453745236,6.322178576649121,,,,,True,training_population,68.084,18.054,RGI60-08.00006,8,1399.0,4.886,7.5,96.0,0.1
342,RIUKOJIETNA,2006,-1.4,2005-10-01,2006-09-30,869.0351509094276,762.132972410253,7.339222623299884,,,,,True,training_population,68.084,18.054,RGI60-08.00006,8,1399.0,4.886,7.5,96.0,0.1
342,RIUKOJIETNA,2007,-0.96,2006-10-01,2007-09-30,599.6038602193217,1143.415386452883,6.147742919645469,,,,,True,training_population,68.084,18.054,RGI60-08.00006,8,1399.0,4.886,7.5,96.0,0.1
342,RIUKOJIETNA,2008,-0.59,2007-10-01,2008-09-30,595.7748753865588,919.2463915713596,5.405121449456722,,,,,True,training_population,68.084,18.054,RGI60-08.00006,8,1399.0,4.886,7.5,96.0,0.1
342,RIUKOJIETNA,2009,-0.72,2008-10-01,2009-09-30,715.1684730529811,878.4295922064018,6.404123201232046,,,,,True,training_population,68.084,18.054,RGI60-08.00006,8,1399.0,4.886,7.5,96.0,0.1
342,RIUKOJIETNA,2010,-0.96,2009-10-01,2010-09-30,609.9823893229195,622.2994596906979,5.211800345821682,,,,,True,training_population,68.084,18.054,RGI60-08.00006,8,1399.0,4.886,7.5,96.0,0.1
342,RIUKOJIETNA,2011,-1.08,2010-10-01,2011-09-30,836.8829505920439,814.9111422444157,7.31043091926024,,,,,True,training_population,68.084,18.054,RGI60-08.00006,8,1399.0,4.886,7.5,96.0,0.1
342,RIUKOJIETNA,2012,-0.09,2011-10-01,2012-09-30,471.9426516215036,1049.5612724992327,4.379150810794578,,,,,True,training_population,68.084,18.054,RGI60-08.00006,8,1399.0,4.886,7.5,96.0,0.1
342,RIUKOJIETNA,2015,0.04,2014-10-01,2015-09-30,638.2057512919133,1019.5574749113554,5.102309868301192,,,,,True,training_population,68.084,18.054,RGI60-08.00006,8,1399.0,4.886,7.5,96.0,0.1
342,RIUKOJIETNA,2016,-1.06,2015-09-15,2016-09-13,757.0995030721058,860.644918629145,5.955467810147073,,,,,False,training_population,68.084,18.054,RGI60-08.00006,8,1399.0,4.886,7.5,96.0,0.1
342,RIUKOJIETNA,2017,0.15,2016-09-15,2017-09-06,623.8332898457872,1012.7273123735848,5.216830611574498,,,,,False,training_population,68.084,18.054,RGI60-08.00006,8,1399.0,4.886,7.5,96.0,0.1
342,RIUKOJIETNA,2018,-1.4,2017-09-15,2018-09-08,843.9954686482781,576.9957082458709,6.80393294182379,,,,,False,training_population,68.084,18.054,RGI60-08.00006,8,1399.0,4.886,7.5,96.0,0.1
342,RIUKOJIETNA,2019,-0.61,2018-09-15,2019-09-08,750.4510986328155,1165.1074631687875,7.001971754820476,,,,,False,training_population,68.084,18.054,RGI60-08.00006,8,1399.0,4.886,7.5,96.0,0.1
342,RIUKOJIETNA,2020,-0.702,2019-09-08,2020-09-11,701.3063042958609,1101.9226283915414,6.295942830348383,,,,,False,training_population,68.084,18.054,RGI60-08.00006,8,1399.0,4.886,7.5,96.0,0.1
342,RIUKOJIETNA,2021,-0.822,2020-09-11,2021-09-11,741.4348500569693,961.1578273357466,7.309455082382004,,,,,False,training_population,68.084,18.054,RGI60-08.00006,8,1399.0,4.886,7.5,96.0,0.1
342,RIUKOJIETNA,2022,-0.795,2021-09-11,2022-09-05,709.5167209625276,1062.351038380065,6.557474791485355,,,,,False,training_population,68.084,18.054,RGI60-08.00006,8,1399.0,4.886,7.5,96.0,0.1
342,RIUKOJIETNA,2023,-1.347,2022-09-05,2023-08-30,868.3761220296253,960.9308846336296,8.246638248429653,,,,,False,training_population,68.084,18.054,RGI60-08.00006,8,1399.0,4.886,7.5,96.0,0.1
342,RIUKOJIETNA,2024,-3.458,2023-08-31,2024-09-10,1189.9748522440627,642.3769904494279,9.379328882907902,,,,,False,training_population,68.084,18.054,RGI60-08.00006,8,1399.0,4.886,7.5,96.0,0.1
342,RIUKOJIETNA,2025,-0.469,2024-09-11,2025-09-13,854.4625528971387,1479.2141317984929,7.023875635948758,,,,,False,training_population,68.084,18.054,RGI60-08.00006,8,1399.0,4.886,7.5,96.0,0.1
352,GEBROULAZ,1995,0.5,1994-09-23,1995-09-22,789.2961704254179,875.4260887650424,7.339813307057279,,,,,False,training_population,45.297901,6.6288,RGI60-11.03671,11,2983.0,3.569,16.2,14.0,0.1
352,GEBROULAZ,1996,-0.5,1995-09-22,1996-09-05,863.2727574666378,690.0696839215711,7.151602073337741,,,,,False,training_population,45.297901,6.6288,RGI60-11.03671,11,2983.0,3.569,16.2,14.0,0.1
352,GEBROULAZ,1997,-0.21,1996-09-05,1997-09-25,1035.8033219655397,947.6275706207424,7.375359630584743,,,,,False,training_population,45.297901,6.6288,RGI60-11.03671,11,2983.0,3.569,16.2,14.0,0.1
352,GEBROULAZ,1998,-1.54,1997-09-25,1998-09-01,1023.9219198862748,704.1793359076607,8.799060889257925,,,,,False,training_population,45.297901,6.6288,RGI60-11.03671,11,2983.0,3.569,16.2,14.0,0.1
352,GEBROULAZ,1999,-0.29,1998-09-01,1999-09-30,1182.1944343566934,896.0396814863252,7.973016233029594,,,,,False,training_population,45.297901,6.6288,RGI60-11.03671,11,2983.0,3.569,16.2,14.0,0.1
352,GEBROULAZ,2000,-0.17,1999-09-30,2000-09-20,1013.0166609446244,758.4807334128882,8.029527040840946,,,,,False,training_population,45.297901,6.6288,RGI60-11.03671,11,2983.0,3.569,16.2,14.0,0.1
352,GEBROULAZ,2001,0.46,2000-09-20,2001-08-28,879.7703698476188,1178.4548496281532,8.240407269367143,,,,,False,training_population,45.297901,6.6288,RGI60-11.03671,11,2983.0,3.569,16.2,14.0,0.1
352,GEBROULAZ,2002,-0.4,2001-08-28,2002-10-09,1188.4776930491173,704.3477485000303,8.160801910029535,,,,,False,training_population,45.297901,6.6288,RGI60-11.03671,11,2983.0,3.569,16.2,14.0,0.1
352,GEBROULAZ,2003,-1.65,2002-10-09,2003-09-25,1310.921708933516,679.6768713716154,11.203227629177835,,,,,False,training_population,45.297901,6.6288,RGI60-11.03671,11,2983.0,3.569,16.2,14.0,0.1
352,GEBROULAZ,2004,-0.79,2003-09-25,2004-10-09,1101.6668418884317,864.1208638248195,8.132564805901591,,,,,False,training_population,45.297901,6.6288,RGI60-11.03671,11,2983.0,3.569,16.2,14.0,0.1
352,GEBROULAZ,2005,-1.51,2004-10-09,2005-09-20,987.0041108449336,635.1157161425008,7.937703089783178,,,,,False,training_population,45.297901,6.6288,RGI60-11.03671,11,2983.0,3.569,16.2,14.0,0.1
352,GEBROULAZ,2006,-1.0,2005-09-20,2006-09-21,1147.9618423461957,690.9412600412139,8.152234787871896,,,,,False,training_population,45.297901,6.6288,RGI60-11.03671,11,2983.0,3.569,16.2,14.0,0.1
352,GEBROULAZ,2007,-0.91,2006-09-21,2007-10-05,1220.6547014872278,680.3332273560513,7.815211889018204,,,,,False,training_population,45.297901,6.6288,RGI60-11.03671,11,2983.0,3.569,16.2,14.0,0.1
352,GEBROULAZ,2008,-1.05,2007-10-05,2008-10-12,1088.6347494761192,694.5052937875964,8.580028746784622,,,,,False,training_population,45.297901,6.6288,RGI60-11.03671,11,2983.0,3.569,16.2,14.0,0.1
352,GEBROULAZ,2009,-1.97,2008-10-12,2009-10-13,1298.4830457051637,842.9525225983631,9.291720326741558,,,,,False,training_population,45.297901,6.6288,RGI60-11.03671,11,2983.0,3.569,16.2,14.0,0.1
352,GEBROULAZ,2010,-0.34,2009-10-13,2010-10-06,993.8965475718218,833.7189684499044,8.215627869315792,,,,,False,training_population,45.297901,6.6288,RGI60-11.03671,11,2983.0,3.569,16.2,14.0,0.1
352,GEBROULAZ,2011,-1.4,2010-10-06,2011-10-05,1190.4581821441689,622.8715202238996,7.980769425544207,,,,,False,training_population,45.297901,6.6288,RGI60-11.03671,11,2983.0,3.569,16.2,14.0,0.1
352,GEBROULAZ,2012,-1.5,2011-10-05,2012-10-03,1179.7858692169225,913.5268095706584,9.587025938172294,,,,,False,training_population,45.297901,6.6288,RGI60-11.03671,11,2983.0,3.569,16.2,14.0,0.1
352,GEBROULAZ,2013,-0.35,2012-10-03,2013-10-09,1091.3650458018024,1016.383068322394,8.037383382216763,,,,,False,training_population,45.297901,6.6288,RGI60-11.03671,11,2983.0,3.569,16.2,14.0,0.1
352,GEBROULAZ,2014,-0.27,2013-10-09,2014-09-25,915.7346693674764,767.4688117683957,7.17453546662264,,,,,False,training_population,45.297901,6.6288,RGI60-11.03671,11,2983.0,3.569,16.2,14.0,0.1
352,GEBROULAZ,2015,-2.08,2014-09-25,2015-10-23,1405.405623372401,790.0215038499852,10.398037584277183,,,,,False,training_population,45.297901,6.6288,RGI60-11.03671,11,2983.0,3.569,16.2,14.0,0.1
352,GEBROULAZ,2016,-0.41,2015-10-23,2016-09-30,1135.7771616617874,756.7747401503055,8.863697472171529,,,,,False,training_population,45.297901,6.6288,RGI60-11.03671,11,2983.0,3.569,16.2,14.0,0.1
352,GEBROULAZ,2017,-1.18,2016-09-30,2017-09-29,1210.7917265574183,786.9879730242958,10.28485562006635,,,,,False,training_population,45.297901,6.6288,RGI60-11.03671,11,2983.0,3.569,16.2,14.0,0.1
352,GEBROULAZ,2018,-1.24,2017-09-09,2018-09-26,1453.443087895716,1045.2794361728018,9.855423614944256,,,,,False,training_population,45.297901,6.6288,RGI60-11.03671,11,2983.0,3.569,16.2,14.0,0.1
352,GEBROULAZ,2019,-1.66,2018-09-26,2019-10-14,1388.3188947041867,865.034105788176,10.363495369233968,,,,,False,training_population,45.297901,6.6288,RGI60-11.03671,11,2983.0,3.569,16.2,14.0,0.1
352,GEBROULAZ,2020,-0.43,2019-10-14,2020-10-20,1324.0291132609093,1004.5817561542592,9.558957471709345,,,,,False,training_population,45.297901,6.6288,RGI60-11.03671,11,2983.0,3.569,16.2,14.0,0.1
352,GEBROULAZ,2021,-1.0,2020-10-20,2021-10-08,1123.1167448679644,767.7013469696802,8.710858537148761,,,,,False,training_population,45.297901,6.6288,RGI60-11.03671,11,2983.0,3.569,16.2,14.0,0.1
352,GEBROULAZ,2022,-2.55,2021-10-08,2022-10-05,1460.8003289540652,634.5757278250694,11.667646786786534,,,,,False,training_population,45.297901,6.6288,RGI60-11.03671,11,2983.0,3.569,16.2,14.0,0.1
352,GEBROULAZ,2023,-2.06,2022-10-05,2023-10-13,1571.5246668497764,715.8688814389861,10.311430770763478,,,,,False,training_population,45.297901,6.6288,RGI60-11.03671,11,2983.0,3.569,16.2,14.0,0.1
352,GEBROULAZ,2024,-1.24,2023-10-13,2024-11-14,1396.3141972859753,1119.3591895908562,10.398339843750026,,,,,False,training_population,45.297901,6.6288,RGI60-11.03671,11,2983.0,3.569,16.2,14.0,0.1
352,GEBROULAZ,2025,-1.9,2024-10-01,2025-09-30,1443.110021591191,740.4758083881759,10.972547723244952,,,,,True,training_population,45.297901,6.6288,RGI60-11.03671,11,2983.0,3.569,16.2,14.0,0.1
354,ARGENTIERE,1976,-1.036,1975-10-21,1976-09-17,777.7429742177353,376.0976182473712,7.293088662797147,,,,,False,training_population,45.953499,6.9846,RGI60-11.03638,11,2876.0,13.795,21.3,338.0,0.1
354,ARGENTIERE,1977,0.395,1976-09-17,1977-09-19,808.1948034922316,1253.8762166385773,5.471567518814772,,,,,False,training_population,45.953499,6.9846,RGI60-11.03638,11,2876.0,13.795,21.3,338.0,0.1
354,ARGENTIERE,1978,0.514,1977-09-19,1978-09-11,708.9232608795198,1376.6461109708457,5.66025323314945,,,,,False,training_population,45.953499,6.9846,RGI60-11.03638,11,2876.0,13.795,21.3,338.0,0.1
354,ARGENTIERE,1979,-0.142,1978-09-11,1979-10-16,1077.183635457361,1077.276280145565,6.520084946397446,,,,,False,training_population,45.953499,6.9846,RGI60-11.03638,11,2876.0,13.795,21.3,338.0,0.1
354,ARGENTIERE,1980,0.441,1979-10-16,1980-09-20,763.9449012756381,1344.879689518404,6.171138050245228,,,,,False,training_population,45.953499,6.9846,RGI60-11.03638,11,2876.0,13.795,21.3,338.0,0.1
354,ARGENTIERE,1981,-0.494,1980-09-20,1981-09-30,1081.514861043298,1274.457006310623,7.493429562665436,,,,,False,training_population,45.953499,6.9846,RGI60-11.03638,11,2876.0,13.795,21.3,338.0,0.1
354,ARGENTIERE,1982,-0.169,1981-09-30,1982-09-10,973.9025990804068,1222.062039187197,8.292903110946455,,,,,False,training_population,45.953499,6.9846,RGI60-11.03638,11,2876.0,13.795,21.3,338.0,0.1
354,ARGENTIERE,1983,-0.368,1982-09-10,1983-09-05,1026.986706034346,1365.586877894792,8.580189827905212,,,,,False,training_population,45.953499,6.9846,RGI60-11.03638,11,2876.0,13.795,21.3,338.0,0.1
354,ARGENTIERE,1984,-0.09,1983-09-05,1984-09-14,974.9312987009724,1157.823381435673,6.885358809042692,,,,,False,training_population,45.953499,6.9846,RGI60-11.03638,11,2876.0,13.795,21.3,338.0,0.1
354,ARGENTIERE,1985,0.387,1984-09-14,1985-09-10,905.427241516117,1090.5753222898295,7.694787093176382,,,,,False,training_population,45.953499,6.9846,RGI60-11.03638,11,2876.0,13.795,21.3,338.0,0.1
354,ARGENTIERE,1986,-0.913,1985-09-10,1986-09-26,1349.5759693145794,1096.3554057258093,7.970821890623696,,,,,False,training_population,45.953499,6.9846,RGI60-11.03638,11,2876.0,13.795,21.3,338.0,0.1
354,ARGENTIERE,1987,0.009,1986-09-26,1987-09-09,931.8632232666052,1189.6831332916877,7.195491478408614,,,,,False,training_population,45.953499,6.9846,RGI60-11.03638,11,2876.0,13.795,21.3,338.0,0.1
354,ARGENTIERE,1988,-0.827,1987-09-09,1988-09-20,1263.6965339660692,1138.527211331386,8.287096160391123,,,,,False,training_population,45.953499,6.9846,RGI60-11.03638,11,2876.0,13.795,21.3,338.0,0.1
354,ARGENTIERE,1989,-0.701,1988-09-20,1989-09-07,1025.8026504516642,767.0535177384218,7.839610713461195,,,,,False,training_population,45.953499,6.9846,RGI60-11.03638,11,2876.0,13.795,21.3,338.0,0.1
354,ARGENTIERE,1990,-1.146,1989-09-07,1990-09-14,1178.2712905883836,850.5861152647257,8.516908146678562,,,,,False,training_population,45.953499,6.9846,RGI60-11.03638,11,2876.0,13.795,21.3,338.0,0.1
354,ARGENTIERE,1991,-1.306,1990-09-14,1991-09-12,1121.8364747365354,916.8863371518833,8.568844047491124,,,,,False,training_population,45.953499,6.9846,RGI60-11.03638,11,2876.0,13.795,21.3,338.0,0.1
354,ARGENTIERE,1992,-0.802,1991-09-12,1992-09-11,1158.499883778894,919.3061597560046,8.81274890070378,,,,,False,training_population,45.953499,6.9846,RGI60-11.03638,11,2876.0,13.795,21.3,338.0,0.1
354,ARGENTIERE,1993,-0.225,1992-09-11,1993-09-09,1073.762657547001,1032.1192301425094,8.129993105625783,,,,,False,training_population,45.953499,6.9846,RGI60-11.03638,11,2876.0,13.795,21.3,338.0,0.1
354,ARGENTIERE,1994,-0.515,1993-09-09,1994-09-06,1142.3123195648234,1181.4971357750464,9.536557210010056,,,,,False,training_population,45.953499,6.9846,RGI60-11.03638,11,2876.0,13.795,21.3,338.0,0.1
354,ARGENTIERE,1995,0.392,1994-09-06,1995-10-17,1154.5494213104296,1508.557645867512,7.727026530279653,,,,,False,training_population,45.953499,6.9846,RGI60-11.03638,11,2876.0,13.795,21.3,338.0,0.1
354,ARGENTIERE,1996,-0.431,1995-10-17,1996-09-11,888.7614335378046,685.504255915017,7.653389784218632,,,,,False,training_population,45.953499,6.9846,RGI60-11.03638,11,2876.0,13.795,21.3,338.0,0.1
354,ARGENTIERE,1997,-0.531,1996-09-11,1997-10-10,1198.632502110804,1049.2975516241145,7.6058947231458784,,,,,False,training_population,45.953499,6.9846,RGI60-11.03638,11,2876.0,13.795,21.3,338.0,0.1
354,ARGENTIERE,1998,-1.268,1997-10-10,1998-10-16,1079.2184696197548,890.9122807113974,8.725608174697232,,,,,False,training_population,45.953499,6.9846,RGI60-11.03638,11,2876.0,13.795,21.3,338.0,0.1
354,ARGENTIERE,1999,-0.24,1998-10-16,1999-10-28,1164.6080079396606,1185.8992432937323,8.153736907848437,,,,,False,training_population,45.953499,6.9846,RGI60-11.03638,11,2876.0,13.795,21.3,338.0,0.1
354,ARGENTIERE,2000,-1.234,1999-10-28,2000-10-04,1099.240807342533,875.8830141151357,8.303694309013498,,,,,False,training_population,45.953499,6.9846,RGI60-11.03638,11,2876.0,13.795,21.3,338.0,0.1
354,ARGENTIERE,2001,0.324,2000-10-04,2001-11-02,1154.965169016525,1261.8920233142353,8.34876660194952,,,,,False,training_population,45.953499,6.9846,RGI60-11.03638,11,2876.0,13.795,21.3,338.0,0.1
354,ARGENTIERE,2002,-1.181,2001-11-02,2002-10-17,1051.5391298929885,787.7230015837818,8.556249900486181,,,,,False,training_population,45.953499,6.9846,RGI60-11.03638,11,2876.0,13.795,21.3,338.0,0.1
354,ARGENTIERE,2003,-1.914,2002-10-17,2003-10-02,1408.0319128672322,890.3690445003108,11.409086827264336,,,,,False,training_population,45.953499,6.9846,RGI60-11.03638,11,2876.0,13.795,21.3,338.0,0.1
354,ARGENTIERE,2004,-1.163,2003-10-02,2004-10-21,1102.1058446248412,1017.0726980999802,8.061379237796968,,,,,False,training_population,45.953499,6.9846,RGI60-11.03638,11,2876.0,13.795,21.3,338.0,0.1
354,ARGENTIERE,2005,-1.711,2004-10-21,2005-09-30,1103.2145623525023,680.186452985371,8.288328832819863,,,,,False,training_population,45.953499,6.9846,RGI60-11.03638,11,2876.0,13.795,21.3,338.0,0.1
354,ARGENTIERE,2006,-1.214,2005-09-30,2006-10-04,1287.8074651082406,839.6881887257733,8.338680383433491,,,,,False,training_population,45.953499,6.9846,RGI60-11.03638,11,2876.0,13.795,21.3,338.0,0.1
354,ARGENTIERE,2007,-0.468,2006-10-04,2007-10-21,1264.4133181254117,912.7890989746916,7.916054351087953,,,,,False,training_population,45.953499,6.9846,RGI60-11.03638,11,2876.0,13.795,21.3,338.0,0.1
354,ARGENTIERE,2008,-1.171,2007-10-21,2008-10-10,1088.0439196268758,861.2208792170363,8.577947359499747,,,,,False,training_population,45.953499,6.9846,RGI60-11.03638,11,2876.0,13.795,21.3,338.0,0.1
354,ARGENTIERE,2009,-2.022,2008-10-10,2009-10-14,1379.4561555226692,820.2953896656986,9.28105598117997,,,,,False,training_population,45.953499,6.9846,RGI60-11.03638,11,2876.0,13.795,21.3,338.0,0.1
354,ARGENTIERE,2010,-0.563,2009-10-14,2010-10-06,1099.5420445760128,933.0450597579052,8.614631492504195,,,,,False,training_population,45.953499,6.9846,RGI60-11.03638,11,2876.0,13.795,21.3,338.0,0.1
354,ARGENTIERE,2011,-1.711,2010-10-06,2011-10-05,1332.3865043640176,622.6235993075377,8.329488925657433,,,,,False,training_population,45.953499,6.9846,RGI60-11.03638,11,2876.0,13.795,21.3,338.0,0.1
354,ARGENTIERE,2012,-1.475,2011-10-05,2012-10-13,1323.466576004033,953.0279953421008,9.599551413715774,,,,,False,training_population,45.953499,6.9846,RGI60-11.03638,11,2876.0,13.795,21.3,338.0,0.1
354,ARGENTIERE,2013,-0.544,2012-10-13,2013-10-17,1121.5361667633103,1234.4340294141955,8.317457792033343,,,,,False,training_population,45.953499,6.9846,RGI60-11.03638,11,2876.0,13.795,21.3,338.0,0.1
354,ARGENTIERE,2014,-0.691,2013-10-17,2014-10-14,837.7447516123498,825.3192038244813,5.549845065241298,,,,,False,training_population,45.953499,6.9846,RGI60-11.03638,11,2876.0,13.795,21.3,338.0,0.1
354,ARGENTIERE,2015,-2.239,2014-10-14,2015-09-25,1287.84458300273,873.9529165377036,10.878111817180269,,,,,False,training_population,45.953499,6.9846,RGI60-11.03638,11,2876.0,13.795,21.3,338.0,0.1
354,ARGENTIERE,2016,-0.567,2015-09-25,2016-10-04,1314.9366111755417,1004.9120805098398,9.058090906557853,,,,,False,training_population,45.953499,6.9846,RGI60-11.03638,11,2876.0,13.795,21.3,338.0,0.1
354,ARGENTIERE,2017,-1.436,2016-10-04,2017-09-29,1272.0182351430303,724.6482709836215,10.343292801622054,,,,,False,training_population,45.953499,6.9846,RGI60-11.03638,11,2876.0,13.795,21.3,338.0,0.1
354,ARGENTIERE,2018,-1.408,2017-09-29,2018-10-03,1537.1905282338505,1130.3492756693956,10.297442870209206,,,,,False,training_population,45.953499,6.9846,RGI60-11.03638,11,2876.0,13.795,21.3,338.0,0.1
354,ARGENTIERE,2019,-1.428,2018-10-03,2019-10-04,1389.5675655365037,1065.6026484045356,10.664273080964046,,,,,False,training_population,45.953499,6.9846,RGI60-11.03638,11,2876.0,13.795,21.3,338.0,0.1
354,ARGENTIERE,2020,-1.03,2019-10-04,2020-09-30,1396.1891409556115,1020.2794076914614,9.400952489825285,,,,,False,training_population,45.953499,6.9846,RGI60-11.03638,11,2876.0,13.795,21.3,338.0,0.1
354,ARGENTIERE,2021,-0.37,2020-09-30,2021-09-22,1039.3246864318885,1002.2179263966358,8.591061563077202,,,,,False,training_population,45.953499,6.9846,RGI60-11.03638,11,2876.0,13.795,21.3,338.0,0.1
354,ARGENTIERE,2022,-3.63,2021-09-22,2022-10-06,1566.3741577148485,808.7348926820432,11.655352183355824,,,,,False,training_population,45.953499,6.9846,RGI60-11.03638,11,2876.0,13.795,21.3,338.0,0.1
354,ARGENTIERE,2023,-1.53,2022-10-06,2023-09-24,1420.595498402918,810.8958111155644,10.169432037464114,,,,,False,training_population,45.953499,6.9846,RGI60-11.03638,11,2876.0,13.795,21.3,338.0,0.1
354,ARGENTIERE,2024,-0.59,2023-09-24,2024-10-05,1485.8494782765754,1233.5170082896384,10.283924578238247,,,,,False,training_population,45.953499,6.9846,RGI60-11.03638,11,2876.0,13.795,21.3,338.0,0.1
354,ARGENTIERE,2025,-1.75,2024-10-01,2025-09-30,1485.0610619862923,753.0562310892853,10.774505447995857,,,,,True,training_population,45.953499,6.9846,RGI60-11.03638,11,2876.0,13.795,21.3,338.0,0.1
356,SAINT SORLIN,1957,-0.36,1956-09-14,1957-10-11,1171.3601331075076,443.9469114357521,8.935574654565363,,,,,False,training_population,45.1604,6.1602,RGI60-11.03674,11,2907.0,2.741,16.3,38.0,0.1
356,SAINT SORLIN,1958,0.03,1957-10-11,1958-09-07,1144.6950962066685,800.0432094135448,9.270363377833736,,,,,False,training_population,45.1604,6.1602,RGI60-11.03674,11,2907.0,2.741,16.3,38.0,0.1
356,SAINT SORLIN,1959,-1.21,1958-09-07,1959-09-08,1369.9768141428672,750.3230009993694,9.710718637272953,,,,,False,training_population,45.1604,6.1602,RGI60-11.03674,11,2907.0,2.741,16.3,38.0,0.1
356,SAINT SORLIN,1960,-0.33,1959-09-08,1960-09-28,1410.8309922536262,890.1760625489104,8.882659502996939,,,,,False,training_population,45.1604,6.1602,RGI60-11.03674,11,2907.0,2.741,16.3,38.0,0.1
356,SAINT SORLIN,1961,0.11,1960-09-28,1961-09-28,1317.4836006164596,862.0787455762481,9.16085840861005,,,,,False,training_population,45.1604,6.1602,RGI60-11.03674,11,2907.0,2.741,16.3,38.0,0.1
356,SAINT SORLIN,1962,-1.1,1961-09-28,1962-10-07,1405.4799966176397,1033.7766558754497,9.535847088910556,,,,,False,training_population,45.1604,6.1602,RGI60-11.03674,11,2907.0,2.741,16.3,38.0,0.1
356,SAINT SORLIN,1963,0.27,1962-10-07,1963-10-09,1235.7688460032196,896.860696214997,8.867254877781546,,,,,False,training_population,45.1604,6.1602,RGI60-11.03674,11,2907.0,2.741,16.3,38.0,0.1
356,SAINT SORLIN,1964,-1.65,1963-10-09,1964-10-06,1547.2549134572394,552.1177733922932,10.307311609516995,,,,,False,training_population,45.1604,6.1602,RGI60-11.03674,11,2907.0,2.741,16.3,38.0,0.1
356,SAINT SORLIN,1965,0.46,1964-10-06,1965-10-12,1134.9703160603883,804.7810559162442,8.719696513466237,,,,,False,training_population,45.1604,6.1602,RGI60-11.03674,11,2907.0,2.741,16.3,38.0,0.1
356,SAINT SORLIN,1966,0.7,1965-10-12,1966-10-05,1244.947747421269,1262.261356925457,7.830884849161362,,,,,False,training_population,45.1604,6.1602,RGI60-11.03674,11,2907.0,2.741,16.3,38.0,0.1
356,SAINT SORLIN,1967,-0.46,1966-10-05,1967-10-03,1267.323117446903,907.026184647826,9.174235010838183,,,,,False,training_population,45.1604,6.1602,RGI60-11.03674,11,2907.0,2.741,16.3,38.0,0.1
356,SAINT SORLIN,1968,0.81,1967-10-03,1968-09-20,1202.164007186894,770.2988829548544,8.381262936799445,,,,,False,training_population,45.1604,6.1602,RGI60-11.03674,11,2907.0,2.741,16.3,38.0,0.1
356,SAINT SORLIN,1969,0.44,1968-09-20,1969-10-02,1353.667828114832,850.2267693760218,8.102907994864665,,,,,False,training_population,45.1604,6.1602,RGI60-11.03674,11,2907.0,2.741,16.3,38.0,0.1
356,SAINT SORLIN,1970,0.13,1969-10-02,1970-10-13,1391.2166436513312,1201.8343192195182,8.47867661489959,,,,,False,training_population,45.1604,6.1602,RGI60-11.03674,11,2907.0,2.741,16.3,38.0,0.1
356,SAINT SORLIN,1971,-0.85,1970-10-13,1971-09-24,1278.878829320276,758.1730773173908,9.654257938827318,,,,,False,training_population,45.1604,6.1602,RGI60-11.03674,11,2907.0,2.741,16.3,38.0,0.1
356,SAINT SORLIN,1972,-0.24,1971-09-24,1972-09-28,1118.0604904174847,806.191232293731,7.863167291447761,,,,,False,training_population,45.1604,6.1602,RGI60-11.03674,11,2907.0,2.741,16.3,38.0,0.1
356,SAINT SORLIN,1973,-0.76,1972-09-28,1973-09-27,1369.0006715138798,702.6225283537322,9.650936401754208,,,,,False,training_population,45.1604,6.1602,RGI60-11.03674,11,2907.0,2.741,16.3,38.0,0.1
356,SAINT SORLIN,1974,-0.82,1973-09-27,1974-09-21,1188.982569376632,758.033837681797,8.862896136961144,,,,,False,training_population,45.1604,6.1602,RGI60-11.03674,11,2907.0,2.741,16.3,38.0,0.1
356,SAINT SORLIN,1975,0.28,1974-09-21,1975-10-16,1162.7925851186158,1171.991481135315,8.174251022891744,,,,,False,training_population,45.1604,6.1602,RGI60-11.03674,11,2907.0,2.741,16.3,38.0,0.1
356,SAINT SORLIN,1976,-1.41,1975-10-16,1976-10-15,1203.8175378163698,580.830923357933,9.142968715446605,,,,,False,training_population,45.1604,6.1602,RGI60-11.03674,11,2907.0,2.741,16.3,38.0,0.1
356,SAINT SORLIN,1977,1.33,1976-10-15,1977-09-09,869.7387266794879,1081.0928710875096,7.392412882265862,,,,,False,training_population,45.1604,6.1602,RGI60-11.03674,11,2907.0,2.741,16.3,38.0,0.1
356,SAINT SORLIN,1978,0.86,1977-09-09,1978-10-28,1361.5541205088348,1235.349127021884,7.562995923083785,,,,,False,training_population,45.1604,6.1602,RGI60-11.03674,11,2907.0,2.741,16.3,38.0,0.1
356,SAINT SORLIN,1979,0.23,1978-10-28,1979-10-04,1177.1269798278847,926.5230624084636,8.587106855364835,,,,,False,training_population,45.1604,6.1602,RGI60-11.03674,11,2907.0,2.741,16.3,38.0,0.1
356,SAINT SORLIN,1980,0.91,1979-10-04,1980-10-08,1238.1668809255011,1063.2663740978396,8.288281321871134,,,,,False,training_population,45.1604,6.1602,RGI60-11.03674,11,2907.0,2.741,16.3,38.0,0.1
356,SAINT SORLIN,1981,0.2,1980-10-08,1981-10-09,1307.763282648727,1027.1918748213586,9.311825204932196,,,,,False,training_population,45.1604,6.1602,RGI60-11.03674,11,2907.0,2.741,16.3,38.0,0.1
356,SAINT SORLIN,1982,-0.46,1981-10-09,1982-09-23,1359.133448537195,929.6850305017834,10.287141038369464,,,,,False,training_population,45.1604,6.1602,RGI60-11.03674,11,2907.0,2.741,16.3,38.0,0.1
356,SAINT SORLIN,1983,-0.14,1982-09-23,1983-10-09,1461.645001729334,1131.2933850124446,10.542755816639358,,,,,False,training_population,45.1604,6.1602,RGI60-11.03674,11,2907.0,2.741,16.3,38.0,0.1
356,SAINT SORLIN,1984,0.38,1983-10-09,1984-10-16,1114.2532955169718,1156.802670741563,8.683646463311256,,,,,False,training_population,45.1604,6.1602,RGI60-11.03674,11,2907.0,2.741,16.3,38.0,0.1
356,SAINT SORLIN,1985,-0.47,1984-10-16,1985-09-26,1284.487550608321,817.165263929855,9.81833994077602,,,,,False,training_population,45.1604,6.1602,RGI60-11.03674,11,2907.0,2.741,16.3,38.0,0.1
356,SAINT SORLIN,1986,-1.57,1985-09-26,1986-10-01,1550.2230271657354,947.1517813118418,9.84080285473149,,,,,False,training_population,45.1604,6.1602,RGI60-11.03674,11,2907.0,2.741,16.3,38.0,0.1
356,SAINT SORLIN,1987,-0.39,1986-10-01,1987-09-19,1327.024932479862,877.1928705768239,9.298443633922652,,,,,False,training_population,45.1604,6.1602,RGI60-11.03674,11,2907.0,2.741,16.3,38.0,0.1
356,SAINT SORLIN,1988,0.16,1987-09-19,1988-08-23,1254.403068288172,900.5574924203898,9.958095948658311,,,,,False,training_population,45.1604,6.1602,RGI60-11.03674,11,2907.0,2.741,16.3,38.0,0.1
356,SAINT SORLIN,1989,-2.43,1988-08-23,1989-09-19,1676.3712561289522,657.5567724690785,9.69235197010609,,,,,False,training_population,45.1604,6.1602,RGI60-11.03674,11,2907.0,2.741,16.3,38.0,0.1
356,SAINT SORLIN,1990,-1.16,1989-09-19,1990-09-07,1405.121726353968,765.9641742548082,10.361133159416331,,,,,False,training_population,45.1604,6.1602,RGI60-11.03674,11,2907.0,2.741,16.3,38.0,0.1
356,SAINT SORLIN,1991,-1.06,1990-09-07,1991-09-05,1430.8268850962363,798.5343979195748,10.60410556102147,,,,,False,training_population,45.1604,6.1602,RGI60-11.03674,11,2907.0,2.741,16.3,38.0,0.1
356,SAINT SORLIN,1992,-1.74,1991-09-05,1992-10-05,1694.71075833639,676.1894598911482,10.358095368095093,,,,,False,training_population,45.1604,6.1602,RGI60-11.03674,11,2907.0,2.741,16.3,38.0,0.1
356,SAINT SORLIN,1993,-0.97,1992-10-05,1993-09-11,1236.0726369222043,779.1065055514998,10.049865444846796,,,,,False,training_population,45.1604,6.1602,RGI60-11.03674,11,2907.0,2.741,16.3,38.0,0.1
356,SAINT SORLIN,1994,-0.33,1993-09-11,1994-09-01,1395.5622292836556,984.2203073724428,11.43727070214094,,,,,False,training_population,45.1604,6.1602,RGI60-11.03674,11,2907.0,2.741,16.3,38.0,0.1
356,SAINT SORLIN,1995,0.67,1994-09-01,1995-10-20,1623.6613651275693,1105.4417430273452,9.411219132464888,,,,,False,training_population,45.1604,6.1602,RGI60-11.03674,11,2907.0,2.741,16.3,38.0,0.1
356,SAINT SORLIN,1996,-0.51,1995-10-20,1996-10-03,1214.231353251144,624.9606354931672,9.28292938453566,,,,,False,training_population,45.1604,6.1602,RGI60-11.03674,11,2907.0,2.741,16.3,38.0,0.1
356,SAINT SORLIN,1997,-0.16,1996-10-03,1997-09-25,1378.413884607955,879.1734429087796,9.652440664042617,,,,,False,training_population,45.1604,6.1602,RGI60-11.03674,11,2907.0,2.741,16.3,38.0,0.1
356,SAINT SORLIN,1998,-2.22,1997-09-25,1998-09-23,1486.2402784983358,784.8498125370185,10.58303712623709,,,,,False,training_population,45.1604,6.1602,RGI60-11.03674,11,2907.0,2.741,16.3,38.0,0.1
356,SAINT SORLIN,1999,-1.04,1998-09-23,1999-09-29,1488.7744743347216,897.7250675678087,10.077851632712568,,,,,False,training_population,45.1604,6.1602,RGI60-11.03674,11,2907.0,2.741,16.3,38.0,0.1
356,SAINT SORLIN,2000,-1.24,1999-09-29,2000-09-22,1396.4892400105837,798.302654769941,10.018088698732702,,,,,False,training_population,45.1604,6.1602,RGI60-11.03674,11,2907.0,2.741,16.3,38.0,0.1
356,SAINT SORLIN,2001,0.16,2000-09-22,2001-09-06,1272.915887832646,1136.1866974959369,10.128244813283308,,,,,False,training_population,45.1604,6.1602,RGI60-11.03674,11,2907.0,2.741,16.3,38.0,0.1
356,SAINT SORLIN,2002,-1.69,2001-09-06,2002-09-26,1543.4386736551971,604.2626347784576,10.152287391994332,,,,,False,training_population,45.1604,6.1602,RGI60-11.03674,11,2907.0,2.741,16.3,38.0,0.1
356,SAINT SORLIN,2003,-2.95,2002-09-26,2003-09-24,1724.610863622035,734.8532386689577,12.94999099676162,,,,,False,training_population,45.1604,6.1602,RGI60-11.03674,11,2907.0,2.741,16.3,38.0,0.1
356,SAINT SORLIN,2004,-2.45,2003-09-24,2004-10-05,1441.8183650970504,913.224238814621,10.038318563544255,,,,,False,training_population,45.1604,6.1602,RGI60-11.03674,11,2907.0,2.741,16.3,38.0,0.1
356,SAINT SORLIN,2005,-2.5,2004-10-05,2005-10-11,1479.3758744557747,633.5731188849571,9.870332661227923,,,,,False,training_population,45.1604,6.1602,RGI60-11.03674,11,2907.0,2.741,16.3,38.0,0.1
356,SAINT SORLIN,2006,-1.44,2005-10-11,2006-09-28,1526.5517431894982,685.1900741458472,10.153591714389105,,,,,False,training_population,45.1604,6.1602,RGI60-11.03674,11,2907.0,2.741,16.3,38.0,0.1
356,SAINT SORLIN,2007,-2.25,2006-09-28,2007-10-17,1659.717109553024,720.5644677007576,9.59652646244438,,,,,False,training_population,45.1604,6.1602,RGI60-11.03674,11,2907.0,2.741,16.3,38.0,0.1
356,SAINT SORLIN,2008,-1.81,2007-10-17,2008-10-14,1369.1114452362106,815.8585835716785,10.157990101800472,,,,,False,training_population,45.1604,6.1602,RGI60-11.03674,11,2907.0,2.741,16.3,38.0,0.1
356,SAINT SORLIN,2009,-2.65,2008-10-14,2009-10-19,1652.9205272674608,709.8307289255672,11.075833671680416,,,,,False,training_population,45.1604,6.1602,RGI60-11.03674,11,2907.0,2.741,16.3,38.0,0.1
356,SAINT SORLIN,2010,-1.0,2009-10-19,2010-10-01,1290.8822456359908,871.9154202727211,10.142603285416335,,,,,False,training_population,45.1604,6.1602,RGI60-11.03674,11,2907.0,2.741,16.3,38.0,0.1
356,SAINT SORLIN,2011,-3.02,2010-10-01,2011-10-14,1641.6233786265109,671.9319142259508,9.765641729382526,,,,,False,training_population,45.1604,6.1602,RGI60-11.03674,11,2907.0,2.741,16.3,38.0,0.1
356,SAINT SORLIN,2012,-2.13,2011-10-14,2012-10-08,1552.8443494161015,756.2111981987663,11.292395970441316,,,,,False,training_population,45.1604,6.1602,RGI60-11.03674,11,2907.0,2.741,16.3,38.0,0.1
356,SAINT SORLIN,2013,-0.956,2012-10-08,2013-10-04,1394.2932347615606,983.566285954396,10.06316852431369,,,,,False,training_population,45.1604,6.1602,RGI60-11.03674,11,2907.0,2.741,16.3,38.0,0.1
356,SAINT SORLIN,2014,-1.34,2013-10-04,2014-09-27,1364.8610474904426,843.6635325641967,9.218502893309685,,,,,False,training_population,45.1604,6.1602,RGI60-11.03674,11,2907.0,2.741,16.3,38.0,0.1
356,SAINT SORLIN,2015,-2.98,2014-09-27,2015-10-09,1835.2089747111056,726.543179844171,12.241134773475562,,,,,False,training_population,45.1604,6.1602,RGI60-11.03674,11,2907.0,2.741,16.3,38.0,0.1
356,SAINT SORLIN,2016,-1.14,2015-10-09,2016-09-28,1513.9665958404587,764.7481337366208,10.544874583811024,,,,,False,training_population,45.1604,6.1602,RGI60-11.03674,11,2907.0,2.741,16.3,38.0,0.1
356,SAINT SORLIN,2017,-2.64,2016-09-28,2017-09-26,1586.4873396555636,697.8373138739257,11.978259223440444,,,,,False,training_population,45.1604,6.1602,RGI60-11.03674,11,2907.0,2.741,16.3,38.0,0.1
356,SAINT SORLIN,2018,-2.02,2017-09-26,2018-10-12,1889.4417308807424,1057.8742403728045,11.734620003078318,,,,,False,training_population,45.1604,6.1602,RGI60-11.03674,11,2907.0,2.741,16.3,38.0,0.1
356,SAINT SORLIN,2019,-2.88,2018-10-12,2019-10-04,1630.5157048543338,910.8327146888478,12.320413394596288,,,,,False,training_population,45.1604,6.1602,RGI60-11.03674,11,2907.0,2.741,16.3,38.0,0.1
356,SAINT SORLIN,2020,-1.14,2019-10-04,2020-10-08,1756.1896877288868,977.5560921213148,11.0222797656405,,,,,False,training_population,45.1604,6.1602,RGI60-11.03674,11,2907.0,2.741,16.3,38.0,0.1
356,SAINT SORLIN,2021,-1.39,2020-10-08,2021-10-08,1466.577242024744,815.2347196255114,10.39912987999296,,,,,False,training_population,45.1604,6.1602,RGI60-11.03674,11,2907.0,2.741,16.3,38.0,0.1
356,SAINT SORLIN,2022,-3.78,2021-10-08,2022-09-23,1794.042299143478,582.1464456518336,13.394314550316874,,,,,False,training_population,45.1604,6.1602,RGI60-11.03674,11,2907.0,2.741,16.3,38.0,0.1
356,SAINT SORLIN,2023,-2.95,2022-09-23,2023-10-11,2016.2687730153448,630.0025909832243,12.124973675824618,,,,,False,training_population,45.1604,6.1602,RGI60-11.03674,11,2907.0,2.741,16.3,38.0,0.1
356,SAINT SORLIN,2024,-1.45,2023-10-11,2024-09-30,1647.559078598027,1007.8459896997246,12.199451921988246,,,,,False,training_population,45.1604,6.1602,RGI60-11.03674,11,2907.0,2.741,16.3,38.0,0.1
356,SAINT SORLIN,2025,-3.05,2024-10-01,2025-09-30,1833.7849873860723,709.8312559003546,12.561268072542957,,,,,True,training_population,45.1604,6.1602,RGI60-11.03674,11,2907.0,2.741,16.3,38.0,0.1
357,SARENNE,1949,-2.99,1948-10-01,1949-09-30,,,,,,,,True,training_population,45.115616,6.12853,RGI60-11.03756,11,2938.0,0.303,14.9,207.0,0.1
357,SARENNE,1950,-1.62,1949-10-01,1950-09-30,1375.724918492639,426.121584683937,11.369058269003183,,,,,True,training_population,45.115616,6.12853,RGI60-11.03756,11,2938.0,0.303,14.9,207.0,0.1
357,SARENNE,1951,0.2,1950-10-01,1951-09-30,1324.8376130422,1064.125370792734,9.032415996772675,,,,,True,training_population,45.115616,6.12853,RGI60-11.03756,11,2938.0,0.303,14.9,207.0,0.1
357,SARENNE,1952,-1.62,1951-10-01,1952-09-30,1452.486510721847,827.787936865704,11.571741952757929,,,,,True,training_population,45.115616,6.12853,RGI60-11.03756,11,2938.0,0.303,14.9,207.0,0.1
357,SARENNE,1953,-0.64,1952-10-01,1953-09-30,1328.4202681223594,773.3681040449908,9.223477942701722,,,,,True,training_population,45.115616,6.12853,RGI60-11.03756,11,2938.0,0.303,14.9,207.0,0.1
357,SARENNE,1954,-0.55,1953-10-01,1954-09-30,1188.1365257263226,535.6496614494972,8.099834344006988,,,,,True,training_population,45.115616,6.12853,RGI60-11.03756,11,2938.0,0.303,14.9,207.0,0.1
357,SARENNE,1955,0.66,1954-10-01,1955-09-30,1226.2217716217087,999.7270779173988,8.502794789576898,,,,,True,training_population,45.115616,6.12853,RGI60-11.03756,11,2938.0,0.303,14.9,207.0,0.1
357,SARENNE,1956,-0.6,1955-10-01,1956-09-30,1235.3182058970176,664.3277441028168,8.247311335024648,,,,,True,training_population,45.115616,6.12853,RGI60-11.03756,11,2938.0,0.303,14.9,207.0,0.1
357,SARENNE,1957,-0.52,1956-10-01,1957-09-30,1200.3033590952598,586.1385499608538,8.935574654565363,,,,,True,training_population,45.115616,6.12853,RGI60-11.03756,11,2938.0,0.303,14.9,207.0,0.1
357,SARENNE,1958,-0.67,1957-10-01,1958-09-30,1405.5430145263715,800.0432094135448,9.270363377833736,,,,,True,training_population,45.115616,6.12853,RGI60-11.03756,11,2938.0,0.303,14.9,207.0,0.1
357,SARENNE,1959,-1.26,1958-10-01,1959-09-30,1344.3442955017133,750.3230009993694,9.710718637272953,,,,,True,training_population,45.115616,6.12853,RGI60-11.03756,11,2938.0,0.303,14.9,207.0,0.1
357,SARENNE,1960,0.12,1959-10-01,1960-09-30,1214.2347808837935,890.1760625489104,8.882659502996939,,,,,True,training_population,45.115616,6.12853,RGI60-11.03756,11,2938.0,0.303,14.9,207.0,0.1
357,SARENNE,1961,-0.39,1960-10-01,1961-09-30,1325.7301296234175,862.0787455762481,9.16085840861005,,,,,True,training_population,45.115616,6.12853,RGI60-11.03756,11,2938.0,0.303,14.9,207.0,0.1
357,SARENNE,1962,-0.91,1961-10-01,1962-09-30,1316.1565306345667,1033.7766558754497,9.535847088910556,,,,,True,training_population,45.115616,6.12853,RGI60-11.03756,11,2938.0,0.303,14.9,207.0,0.1
357,SARENNE,1963,0.19,1962-10-01,1963-09-30,1258.9482402801564,896.860696214997,8.867254877781546,,,,,True,training_population,45.115616,6.12853,RGI60-11.03756,11,2938.0,0.303,14.9,207.0,0.1
357,SARENNE,1964,-1.83,1963-10-01,1964-09-30,1535.2743733724003,552.1177733922932,10.307311609516995,,,,,True,training_population,45.115616,6.12853,RGI60-11.03756,11,2938.0,0.303,14.9,207.0,0.1
357,SARENNE,1965,0.03,1964-10-01,1965-09-30,1091.3384440104207,804.7810559162442,8.719696513466237,,,,,True,training_population,45.115616,6.12853,RGI60-11.03756,11,2938.0,0.303,14.9,207.0,0.1
357,SARENNE,1966,0.42,1965-10-01,1966-09-30,1271.793000030522,1262.261356925457,7.830884849161362,,,,,True,training_population,45.115616,6.12853,RGI60-11.03756,11,2938.0,0.303,14.9,207.0,0.1
357,SARENNE,1967,-0.41,1966-10-01,1967-09-30,1277.601481882735,907.026184647826,9.174235010838183,,,,,True,training_population,45.115616,6.12853,RGI60-11.03756,11,2938.0,0.303,14.9,207.0,0.1
357,SARENNE,1968,0.34,1967-10-01,1968-09-30,1272.351114781702,770.2988829548544,8.381262936799445,,,,,True,training_population,45.115616,6.12853,RGI60-11.03756,11,2938.0,0.303,14.9,207.0,0.1
357,SARENNE,1969,-0.36,1968-10-01,1969-09-30,1280.05197817485,850.2267693760218,8.102907994864665,,,,,True,training_population,45.115616,6.12853,RGI60-11.03756,11,2938.0,0.303,14.9,207.0,0.1
357,SARENNE,1970,-0.41,1969-10-01,1970-09-30,1331.9339472452846,1186.425198302203,8.47867661489959,,,,,True,training_population,45.115616,6.12853,RGI60-11.03756,11,2938.0,0.303,14.9,207.0,0.1
357,SARENNE,1971,-1.1,1970-10-01,1971-09-30,1370.175012207036,773.5821982347062,9.654257938827318,,,,,False,training_population,45.115616,6.12853,RGI60-11.03756,11,2938.0,0.303,14.9,207.0,0.1
357,SARENNE,1972,-0.37,1971-09-30,1972-09-12,1043.1342299143512,792.2726164140173,7.863167291447761,,,,,False,training_population,45.115616,6.12853,RGI60-11.03756,11,2938.0,0.303,14.9,207.0,0.1
357,SARENNE,1973,-0.87,1972-09-12,1973-09-04,1228.0482822418253,716.541144233446,9.650936401754208,,,,,False,training_population,45.115616,6.12853,RGI60-11.03756,11,2938.0,0.303,14.9,207.0,0.1
357,SARENNE,1974,-1.6,1973-09-04,1974-09-17,1353.6203877766975,758.033837681797,8.862896136961144,,,,,False,training_population,45.115616,6.12853,RGI60-11.03756,11,2938.0,0.303,14.9,207.0,0.1
357,SARENNE,1975,0.11,1974-09-17,1975-09-27,1105.7182242075637,1145.874282601131,8.174251022891744,,,,,False,training_population,45.115616,6.12853,RGI60-11.03756,11,2938.0,0.303,14.9,207.0,0.1
357,SARENNE,1976,-2.07,1975-07-02,1976-07-01,1327.5152000427288,588.4852219614345,9.75267788154494,,,,,False,training_population,45.115616,6.12853,RGI60-11.03756,11,2938.0,0.303,14.9,207.0,0.1
357,SARENNE,1977,0.99,1976-07-01,1977-07-02,1075.0666141510055,1089.547244566365,7.843196893245638,,,,,False,training_population,45.115616,6.12853,RGI60-11.03756,11,2938.0,0.303,14.9,207.0,0.1
357,SARENNE,1978,0.55,1977-07-02,1978-07-02,1106.3732111612994,1216.7120699381185,7.354630269970113,,,,,False,training_population,45.115616,6.12853,RGI60-11.03756,11,2938.0,0.303,14.9,207.0,0.1
357,SARENNE,1979,-0.11,1978-07-02,1979-07-02,1211.2116036733034,940.332817884652,8.162241003932087,,,,,False,training_population,45.115616,6.12853,RGI60-11.03756,11,2938.0,0.303,14.9,207.0,0.1
357,SARENNE,1980,0.32,1979-07-02,1980-07-01,1127.2034212748254,1068.0936757054164,7.948486782847994,,,,,False,training_population,45.115616,6.12853,RGI60-11.03756,11,2938.0,0.303,14.9,207.0,0.1
357,SARENNE,1981,0.04,1980-07-01,1981-07-02,1355.4102063496955,1014.256409247185,9.260051589316534,,,,,False,training_population,45.115616,6.12853,RGI60-11.03756,11,2938.0,0.303,14.9,207.0,0.1
357,SARENNE,1982,-0.1,1981-07-02,1982-07-02,1365.609930547083,942.620496075957,9.522438201083954,,,,,False,training_population,45.115616,6.12853,RGI60-11.03756,11,2938.0,0.303,14.9,207.0,0.1
357,SARENNE,1983,-0.07,1982-07-02,1983-07-02,1310.3061711629273,1115.550157205295,9.952440529826744,,,,,False,training_population,45.115616,6.12853,RGI60-11.03756,11,2938.0,0.303,14.9,207.0,0.1
357,SARENNE,1984,-0.04,1983-07-02,1984-07-01,1353.27631721497,1071.2965233509842,10.016293116583364,,,,,False,training_population,45.115616,6.12853,RGI60-11.03756,11,2938.0,0.303,14.9,207.0,0.1
357,SARENNE,1985,-1.21,1984-07-01,1985-07-02,1176.7498003641804,918.4146391275832,9.030706599079988,,,,,False,training_population,45.115616,6.12853,RGI60-11.03756,11,2938.0,0.303,14.9,207.0,0.1
357,SARENNE,1986,-1.79,1985-07-02,1986-07-02,1578.8428919474327,947.1517813118418,10.36996548970543,,,,,False,training_population,45.115616,6.12853,RGI60-11.03756,11,2938.0,0.303,14.9,207.0,0.1
357,SARENNE,1987,-0.92,1986-07-02,1987-07-02,1364.0733942667684,877.1928705768239,9.185783360252266,,,,,False,training_population,45.115616,6.12853,RGI60-11.03756,11,2938.0,0.303,14.9,207.0,0.1
357,SARENNE,1988,-0.69,1987-07-02,1988-07-01,1507.7521540323944,900.5574924203898,9.602823076386404,,,,,False,training_population,45.115616,6.12853,RGI60-11.03756,11,2938.0,0.303,14.9,207.0,0.1
357,SARENNE,1989,-2.59,1988-07-01,1989-07-02,1489.2534122467086,657.5567724690785,9.899121220906592,,,,,False,training_population,45.115616,6.12853,RGI60-11.03756,11,2938.0,0.303,14.9,207.0,0.1
357,SARENNE,1990,-2.14,1989-07-02,1990-07-02,1454.6021752675415,765.9641742548082,9.983516017681405,,,,,False,training_population,45.115616,6.12853,RGI60-11.03756,11,2938.0,0.303,14.9,207.0,0.1
357,SARENNE,1991,-1.36,1990-09-26,1991-09-30,1518.7695720672652,798.5343979195748,10.60410556102147,,,,,False,training_population,45.115616,6.12853,RGI60-11.03756,11,2938.0,0.303,14.9,207.0,0.1
357,SARENNE,1992,-1.31,1991-09-30,1992-10-01,1450.683680597945,676.1894598911482,10.358095368095093,,,,,False,training_population,45.115616,6.12853,RGI60-11.03756,11,2938.0,0.303,14.9,207.0,0.1
357,SARENNE,1993,-1.2,1992-10-01,1993-09-09,1241.5342253367148,779.1065055514998,10.049865444846796,,,,,False,training_population,45.115616,6.12853,RGI60-11.03756,11,2938.0,0.303,14.9,207.0,0.1
357,SARENNE,1994,-0.63,1993-09-09,1994-10-03,1611.003922907517,1034.181983636433,11.43727070214094,,,,,False,training_population,45.115616,6.12853,RGI60-11.03756,11,2938.0,0.303,14.9,207.0,0.1
357,SARENNE,1995,0.76,1994-10-03,1995-10-18,1405.090239461268,1055.480066763355,9.411219132464888,,,,,False,training_population,45.115616,6.12853,RGI60-11.03756,11,2938.0,0.303,14.9,207.0,0.1
357,SARENNE,1996,0.0,1995-09-14,1996-10-18,1455.2858987172503,662.3066144072851,9.28292938453566,,,,,False,training_population,45.115616,6.12853,RGI60-11.03756,11,2938.0,0.303,14.9,207.0,0.1
357,SARENNE,1997,-0.43,1996-10-18,1997-10-02,1399.937968826298,842.4582718711235,9.652440664042617,,,,,False,training_population,45.115616,6.12853,RGI60-11.03756,11,2938.0,0.303,14.9,207.0,0.1
357,SARENNE,1998,-2.34,1997-10-02,1998-09-24,1428.9122358957966,784.8498125370185,10.58303712623709,,,,,False,training_population,45.115616,6.12853,RGI60-11.03756,11,2938.0,0.303,14.9,207.0,0.1
357,SARENNE,1999,-1.06,1998-09-24,1999-10-06,1504.7474320729625,906.1508272438808,10.077851632712568,,,,,False,training_population,45.115616,6.12853,RGI60-11.03756,11,2938.0,0.303,14.9,207.0,0.1
357,SARENNE,2000,-1.534,1999-10-06,2000-10-19,1472.599510447189,838.1444705994454,10.018088698732702,,,,,False,training_population,45.115616,6.12853,RGI60-11.03756,11,2938.0,0.303,14.9,207.0,0.1
357,SARENNE,2001,0.39,2000-10-19,2001-10-05,1298.2042836507203,1099.258529643585,10.128244813283308,,,,,False,training_population,45.115616,6.12853,RGI60-11.03756,11,2938.0,0.303,14.9,207.0,0.1
357,SARENNE,2002,-2.32,2001-10-05,2002-10-16,1502.3927931467742,592.9240818592021,10.152287391994332,,,,,False,training_population,45.115616,6.12853,RGI60-11.03756,11,2938.0,0.303,14.9,207.0,0.1
357,SARENNE,2003,-3.14,2002-10-16,2003-09-29,1669.815497589116,733.2193651098429,12.94999099676162,,,,,False,training_population,45.115616,6.12853,RGI60-11.03756,11,2938.0,0.303,14.9,207.0,0.1
357,SARENNE,2004,-2.82,2003-09-29,2004-10-11,1448.7362088521368,913.224238814621,10.038318563544255,,,,,False,training_population,45.115616,6.12853,RGI60-11.03756,11,2938.0,0.303,14.9,207.0,0.1
357,SARENNE,2005,-3.26,2004-10-11,2005-10-24,1504.923668670659,633.5731188849571,9.870332661227923,,,,,False,training_population,45.115616,6.12853,RGI60-11.03756,11,2938.0,0.303,14.9,207.0,0.1
357,SARENNE,2006,-2.38,2005-10-24,2006-10-31,1660.1731408437142,685.1900741458472,10.153591714389105,,,,,False,training_population,45.115616,6.12853,RGI60-11.03756,11,2938.0,0.303,14.9,207.0,0.1
357,SARENNE,2007,-2.52,2006-10-31,2007-10-22,1453.2970195770308,720.9440658413832,9.59652646244438,,,,,False,training_population,45.115616,6.12853,RGI60-11.03756,11,2938.0,0.303,14.9,207.0,0.1
357,SARENNE,2008,-2.34,2007-10-22,2008-10-26,1421.1473876953178,815.6073946974338,10.157990101800472,,,,,False,training_population,45.115616,6.12853,RGI60-11.03756,11,2938.0,0.303,14.9,207.0,0.1
357,SARENNE,2009,-3.9,2008-10-26,2009-10-19,1591.0043547312462,709.8307289255672,11.075833671680416,,,,,False,training_population,45.115616,6.12853,RGI60-11.03756,11,2938.0,0.303,14.9,207.0,0.1
357,SARENNE,2010,-1.53,2009-10-19,2010-10-23,1379.7598309834846,888.6251960329083,10.142603285416335,,,,,False,training_population,45.115616,6.12853,RGI60-11.03756,11,2938.0,0.303,14.9,207.0,0.1
357,SARENNE,2011,-4.153,2010-10-23,2011-10-08,1517.4472974141484,651.5241809460015,9.765641729382526,,,,,False,training_population,45.115616,6.12853,RGI60-11.03756,11,2938.0,0.303,14.9,207.0,0.1
357,SARENNE,2012,-2.69,2011-10-08,2012-10-25,1668.0454096476287,782.716952733292,11.292395970441316,,,,,False,training_population,45.115616,6.12853,RGI60-11.03756,11,2938.0,0.303,14.9,207.0,0.1
357,SARENNE,2013,-1.37,2012-10-25,2013-10-18,1349.8168788909954,1021.0400271282828,10.06316852431369,,,,,False,training_population,45.115616,6.12853,RGI60-11.03756,11,2938.0,0.303,14.9,207.0,0.1
357,SARENNE,2014,-1.91,2013-10-18,2014-11-04,1538.7356469472302,804.609132835381,9.218502893309685,,,,,False,training_population,45.115616,6.12853,RGI60-11.03756,11,2938.0,0.303,14.9,207.0,0.1
357,SARENNE,2015,-3.42,2014-11-04,2015-10-12,1616.9372397104944,718.252972458302,12.241134773475562,,,,,False,training_population,45.115616,6.12853,RGI60-11.03756,11,2938.0,0.303,14.9,207.0,0.1
357,SARENNE,2016,-1.51,2015-10-12,2016-10-07,1549.0814922332816,764.7481337366208,10.544874583811024,,,,,False,training_population,45.115616,6.12853,RGI60-11.03756,11,2938.0,0.303,14.9,207.0,0.1
357,SARENNE,2017,-3.001,2016-10-01,2017-09-30,1593.447023010259,697.8373138739257,11.978259223440444,,,,,True,training_population,45.115616,6.12853,RGI60-11.03756,11,2938.0,0.303,14.9,207.0,0.1
357,SARENNE,2018,-1.96,2017-10-12,2018-10-25,1878.862603123988,1057.8742403728045,11.734620003078318,,,,,False,training_population,45.115616,6.12853,RGI60-11.03756,11,2938.0,0.303,14.9,207.0,0.1
357,SARENNE,2019,-3.14,2018-10-25,2019-10-22,1650.773242060348,910.8327146888478,12.320413394596288,,,,,False,training_population,45.115616,6.12853,RGI60-11.03756,11,2938.0,0.303,14.9,207.0,0.1
357,SARENNE,2020,-0.1,2019-10-22,2020-09-25,1621.224693552657,943.7874650738784,11.0222797656405,,,,,False,training_population,45.115616,6.12853,RGI60-11.03756,11,2938.0,0.303,14.9,207.0,0.1
357,SARENNE,2021,-0.07,2020-09-25,2021-10-01,1457.849926503504,868.6568964632215,10.39912987999296,,,,,False,training_population,45.115616,6.12853,RGI60-11.03756,11,2938.0,0.303,14.9,207.0,0.1
357,SARENNE,2022,-4.26,2021-10-01,2022-09-22,1824.7632555643763,586.5843213995206,13.394314550316874,,,,,False,training_population,45.115616,6.12853,RGI60-11.03756,11,2938.0,0.303,14.9,207.0,0.1
357,SARENNE,2023,-3.79,2022-09-22,2023-10-17,2063.801410166428,630.0025909832243,12.124973675824618,,,,,False,training_population,45.115616,6.12853,RGI60-11.03756,11,2938.0,0.303,14.9,207.0,0.1
359,GRIES,1962,-0.984,1961-10-01,1962-09-30,732.0441201527942,780.2513381979281,5.7583051957946125,,,,,False,training_population,46.444599,8.3398,RGI60-11.01876,11,2934.0,5.29,11.8,41.0,0.1
359,GRIES,1963,-0.18,1962-10-01,1963-09-30,785.4230902353961,1113.245889063979,5.807733216493049,,,,,False,training_population,46.444599,8.3398,RGI60-11.01876,11,2934.0,5.29,11.8,41.0,0.1
359,GRIES,1964,-0.688,1963-10-01,1964-09-30,939.4102942148882,870.0339914112689,7.347307328210384,,,,,False,training_population,46.444599,8.3398,RGI60-11.01876,11,2934.0,5.29,11.8,41.0,0.1
359,GRIES,1965,0.445,1964-10-01,1965-09-30,577.3301003774036,1366.6206173622156,5.182926812379278,,,,,False,training_population,46.444599,8.3398,RGI60-11.01876,11,2934.0,5.29,11.8,41.0,0.1
359,GRIES,1966,-0.357,1965-10-01,1966-09-30,738.7021984100377,1217.6272245665914,4.888435694100223,,,,,False,training_population,46.444599,8.3398,RGI60-11.01876,11,2934.0,5.29,11.8,41.0,0.1
359,GRIES,1967,0.029,1966-10-01,1967-09-30,740.9895089467396,1338.5910870839305,5.646816957169707,,,,,False,training_population,46.444599,8.3398,RGI60-11.01876,11,2934.0,5.29,11.8,41.0,0.1
359,GRIES,1968,0.379,1967-10-01,1968-09-30,690.5081462860142,1205.981164158835,4.768250595313937,,,,,False,training_population,46.444599,8.3398,RGI60-11.01876,11,2934.0,5.29,11.8,41.0,0.1
359,GRIES,1969,0.733,1968-10-01,1969-09-30,790.0852528890017,1195.9270769928985,5.113611261395463,,,,,False,training_population,46.444599,8.3398,RGI60-11.01876,11,2934.0,5.29,11.8,41.0,0.1
359,GRIES,1970,-0.758,1969-10-01,1970-09-30,834.5590590159137,1261.5436797102468,5.5003166737764015,,,,,False,training_population,46.444599,8.3398,RGI60-11.01876,11,2934.0,5.29,11.8,41.0,0.1
359,GRIES,1971,-0.527,1970-10-01,1971-09-30,846.9740292867064,997.9118600462762,6.623060128308744,,,,,False,training_population,46.444599,8.3398,RGI60-11.01876,11,2934.0,5.29,11.8,41.0,0.1
359,GRIES,1972,0.408,1971-10-01,1972-09-30,561.0886877695751,1199.3045644957333,4.492691854117594,,,,,False,training_population,46.444599,8.3398,RGI60-11.01876,11,2934.0,5.29,11.8,41.0,0.1
359,GRIES,1973,-1.095,1972-10-01,1973-09-30,841.5963965098101,980.1423747789676,6.529597626561731,,,,,False,training_population,46.444599,8.3398,RGI60-11.01876,11,2934.0,5.29,11.8,41.0,0.1
359,GRIES,1974,-0.178,1973-10-01,1974-09-30,656.7941319783561,1144.9132179173134,5.238878891433518,,,,,False,training_population,46.444599,8.3398,RGI60-11.01876,11,2934.0,5.29,11.8,41.0,0.1
359,GRIES,1975,0.378,1974-10-01,1975-09-30,633.595089975996,1459.7228062643983,4.453209108546185,,,,,False,training_population,46.444599,8.3398,RGI60-11.01876,11,2934.0,5.29,11.8,41.0,0.1
359,GRIES,1976,-1.021,1975-10-01,1976-09-30,720.1414360046415,780.6159044227811,6.385631228184377,,,,,False,training_population,46.444599,8.3398,RGI60-11.01876,11,2934.0,5.29,11.8,41.0,0.1
359,GRIES,1977,1.166,1976-10-01,1977-09-30,574.8838648478225,1492.80637984619,4.160504940972834,,,,,False,training_population,46.444599,8.3398,RGI60-11.01876,11,2934.0,5.29,11.8,41.0,0.1
359,GRIES,1978,1.056,1977-10-01,1978-09-30,585.6735515594521,1458.87910263696,4.088154791403532,,,,,False,training_population,46.444599,8.3398,RGI60-11.01876,11,2934.0,5.29,11.8,41.0,0.1
359,GRIES,1979,-0.885,1978-10-01,1979-09-30,736.4203692118359,1050.7009328734646,5.666648047903332,,,,,False,training_population,46.444599,8.3398,RGI60-11.01876,11,2934.0,5.29,11.8,41.0,0.1
359,GRIES,1980,0.57,1979-10-01,1980-09-30,740.2265871683792,1313.536401403397,5.226097112462162,,,,,False,training_population,46.444599,8.3398,RGI60-11.01876,11,2934.0,5.29,11.8,41.0,0.1
359,GRIES,1981,-0.324,1980-10-01,1981-09-30,821.7021386464473,1283.582919658535,6.077628002996053,,,,,False,training_population,46.444599,8.3398,RGI60-11.01876,11,2934.0,5.29,11.8,41.0,0.1
359,GRIES,1982,-1.304,1981-10-01,1982-09-30,980.5872847239212,1210.9477057069,7.612910435165205,,,,,False,training_population,46.444599,8.3398,RGI60-11.01876,11,2934.0,5.29,11.8,41.0,0.1
359,GRIES,1983,-0.779,1982-10-01,1983-09-30,898.0948514302602,1633.096274423906,7.687314488231295,,,,,False,training_population,46.444599,8.3398,RGI60-11.01876,11,2934.0,5.29,11.8,41.0,0.1
359,GRIES,1984,-0.004,1983-10-01,1984-09-30,654.6494725545277,1274.618934765737,5.524427854842055,,,,,False,training_population,46.444599,8.3398,RGI60-11.01876,11,2934.0,5.29,11.8,41.0,0.1
359,GRIES,1985,-0.526,1984-10-01,1985-09-30,856.839326222741,1192.8350057560558,6.39643309634667,,,,,False,training_population,46.444599,8.3398,RGI60-11.01876,11,2934.0,5.29,11.8,41.0,0.1
359,GRIES,1986,-0.947,1985-10-01,1986-09-30,1013.7024885813436,1298.6389260100814,6.90324270414272,,,,,False,training_population,46.444599,8.3398,RGI60-11.01876,11,2934.0,5.29,11.8,41.0,0.1
359,GRIES,1987,-0.733,1986-10-01,1987-09-30,920.7996705373164,1157.8560485573455,6.079838702989687,,,,,False,training_population,46.444599,8.3398,RGI60-11.01876,11,2934.0,5.29,11.8,41.0,0.1
359,GRIES,1988,-0.924,1987-10-01,1988-09-30,903.3076243082724,1186.538156801145,7.026460120988952,,,,,False,training_population,46.444599,8.3398,RGI60-11.01876,11,2934.0,5.29,11.8,41.0,0.1
359,GRIES,1989,-1.071,1988-10-01,1989-09-30,870.0918707529743,1152.3206720811067,6.729572287849783,,,,,False,training_population,46.444599,8.3398,RGI60-11.01876,11,2934.0,5.29,11.8,41.0,0.1
359,GRIES,1990,-1.988,1989-10-01,1990-09-30,966.6727620442746,860.7930331438496,7.801170983521858,,,,,False,training_population,46.444599,8.3398,RGI60-11.01876,11,2934.0,5.29,11.8,41.0,0.1
359,GRIES,1991,-1.344,1990-10-01,1991-09-30,1021.8542072296176,1155.1452362645273,7.692940904092122,,,,,False,training_population,46.444599,8.3398,RGI60-11.01876,11,2934.0,5.29,11.8,41.0,0.1
359,GRIES,1992,-1.125,1991-10-01,1992-09-30,998.7058236440056,951.44335554766,8.054415390456958,,,,,False,training_population,46.444599,8.3398,RGI60-11.01876,11,2934.0,5.29,11.8,41.0,0.1
359,GRIES,1993,-1.052,1992-10-01,1993-09-30,847.1316632588744,986.0294843499952,7.1594359342602925,,,,,False,training_population,46.444599,8.3398,RGI60-11.01876,11,2934.0,5.29,11.8,41.0,0.1
359,GRIES,1994,-0.209,1993-10-01,1994-09-30,1004.80243708293,1467.154552515975,8.605391597747827,,,,,False,training_population,46.444599,8.3398,RGI60-11.01876,11,2934.0,5.29,11.8,41.0,0.1
359,GRIES,1995,-0.278,1994-10-01,1995-09-30,798.9295628865594,1395.981331601977,6.966478063058184,,,,,False,training_population,46.444599,8.3398,RGI60-11.01876,11,2934.0,5.29,11.8,41.0,0.1
359,GRIES,1996,-0.517,1995-10-01,1996-09-30,853.381876754765,808.585891539959,6.891148254836838,,,,,False,training_population,46.444599,8.3398,RGI60-11.01876,11,2934.0,5.29,11.8,41.0,0.1
359,GRIES,1997,-1.068,1996-10-01,1997-09-30,925.7636239369748,1036.527388692889,6.732850501848326,,,,,False,training_population,46.444599,8.3398,RGI60-11.01876,11,2934.0,5.29,11.8,41.0,0.1
359,GRIES,1998,-2.053,1997-10-01,1998-09-30,985.2644875844358,1009.7274268906594,8.111697112650134,,,,,False,training_population,46.444599,8.3398,RGI60-11.01876,11,2934.0,5.29,11.8,41.0,0.1
359,GRIES,1999,-0.564,1998-10-01,1999-09-30,932.771588389082,1238.3412630824928,7.113597004655498,,,,,False,training_population,46.444599,8.3398,RGI60-11.01876,11,2934.0,5.29,11.8,41.0,0.1
359,GRIES,2000,-0.985,1999-10-01,2000-09-30,949.4572074890176,1095.5464613252027,7.209471949978175,,,,,False,training_population,46.444599,8.3398,RGI60-11.01876,11,2934.0,5.29,11.8,41.0,0.1
359,GRIES,2001,-0.229,2000-10-01,2001-09-30,814.227141189579,1587.0367007745508,7.184648374198164,,,,,False,training_population,46.444599,8.3398,RGI60-11.01876,11,2934.0,5.29,11.8,41.0,0.1
359,GRIES,2002,-0.99,2001-10-01,2002-09-30,984.6606478373244,975.1434914800932,7.735714489480743,,,,,False,training_population,46.444599,8.3398,RGI60-11.01876,11,2934.0,5.29,11.8,41.0,0.1
359,GRIES,2003,-2.711,2002-10-01,2003-09-30,1234.5815284729042,1121.918631629551,10.414183705094954,,,,,False,training_population,46.444599,8.3398,RGI60-11.01876,11,2934.0,5.29,11.8,41.0,0.1
359,GRIES,2004,-1.146,2003-10-01,2004-09-30,891.231717809045,1109.4412641432427,7.136074769669708,,,,,False,training_population,46.444599,8.3398,RGI60-11.01876,11,2934.0,5.29,11.8,41.0,0.1
359,GRIES,2005,-1.512,2004-10-01,2005-09-30,1020.9692198435508,750.4363218175456,7.483398076762349,,,,,False,training_population,46.444599,8.3398,RGI60-11.01876,11,2934.0,5.29,11.8,41.0,0.1
359,GRIES,2006,-1.995,2005-10-01,2006-09-30,1054.513151550297,810.6002066168791,7.524853532210661,,,,,False,training_population,46.444599,8.3398,RGI60-11.01876,11,2934.0,5.29,11.8,41.0,0.1
359,GRIES,2007,-1.473,2006-10-01,2007-09-30,995.372526677454,871.1913645644813,7.22233672625779,,,,,False,training_population,46.444599,8.3398,RGI60-11.01876,11,2934.0,5.29,11.8,41.0,0.1
359,GRIES,2008,-1.601,2007-09-16,2008-09-10,954.189138921105,942.3922864133552,7.709726684680905,,,,,False,training_population,46.444599,8.3398,RGI60-11.01876,11,2934.0,5.29,11.8,41.0,0.1
359,GRIES,2009,-0.883,2008-09-10,2009-09-06,977.3619983673134,1241.4041812710225,7.772931228858859,,,,,False,training_population,46.444599,8.3398,RGI60-11.01876,11,2934.0,5.29,11.8,41.0,0.1
359,GRIES,2010,-1.307,2009-09-06,2010-09-04,982.066497802738,989.3852643913484,7.667906338235629,,,,,False,training_population,46.444599,8.3398,RGI60-11.01876,11,2934.0,5.29,11.8,41.0,0.1
359,GRIES,2011,-1.802,2010-09-04,2011-09-09,1031.4662233988483,673.85584208823,7.448596821660601,,,,,False,training_population,46.444599,8.3398,RGI60-11.01876,11,2934.0,5.29,11.8,41.0,0.1
359,GRIES,2012,-2.04,2011-09-09,2012-09-10,1093.125116475427,1124.2548431634525,8.209440347422749,,,,,False,training_population,46.444599,8.3398,RGI60-11.01876,11,2934.0,5.29,11.8,41.0,0.1
359,GRIES,2013,-0.542,2012-09-10,2013-09-29,1025.2280830383345,1347.52479077493,7.468462306865771,,,,,False,training_population,46.444599,8.3398,RGI60-11.01876,11,2934.0,5.29,11.8,41.0,0.1
359,GRIES,2014,-0.61,2013-09-29,2014-09-10,749.9528491973913,1016.5105652030668,6.219520145913852,,,,,False,training_population,46.444599,8.3398,RGI60-11.01876,11,2934.0,5.29,11.8,41.0,0.1
359,GRIES,2015,-1.713,2014-09-10,2015-09-08,1169.3493947347044,1145.745587953527,9.723576993527642,,,,,False,training_population,46.444599,8.3398,RGI60-11.01876,11,2934.0,5.29,11.8,41.0,0.1
359,GRIES,2016,-1.191,2015-09-08,2016-09-07,980.6745054880816,956.4220544259036,8.017577715887558,,,,,False,training_population,46.444599,8.3398,RGI60-11.01876,11,2934.0,5.29,11.8,41.0,0.1
359,GRIES,2017,-2.437,2016-09-07,2017-09-07,1167.155608622237,880.0331178317115,9.37555474682133,,,,,False,training_population,46.444599,8.3398,RGI60-11.01876,11,2934.0,5.29,11.8,41.0,0.1
359,GRIES,2018,-2.045,2017-09-07,2018-10-05,1388.827329889938,1103.671732747383,9.423357512985474,,,,,False,training_population,46.444599,8.3398,RGI60-11.01876,11,2934.0,5.29,11.8,41.0,0.1
359,GRIES,2019,-0.865,2018-10-05,2019-09-09,1005.2480823516878,1312.963897843833,9.355718251933244,,,,,False,training_population,46.444599,8.3398,RGI60-11.01876,11,2934.0,5.29,11.8,41.0,0.1
359,GRIES,2020,-1.218,2019-09-09,2020-09-14,1211.8897544860883,952.2720808154404,8.35189614641496,,,,,False,training_population,46.444599,8.3398,RGI60-11.01876,11,2934.0,5.29,11.8,41.0,0.1
359,GRIES,2021,-0.892,2020-09-14,2021-09-18,1005.5961228688592,1113.5732831189564,7.939282167130646,,,,,False,training_population,46.444599,8.3398,RGI60-11.01876,11,2934.0,5.29,11.8,41.0,0.1
359,GRIES,2022,-3.645,2021-09-18,2022-09-02,1204.979065450036,621.8103051873883,10.579332453962705,,,,,False,training_population,46.444599,8.3398,RGI60-11.01876,11,2934.0,5.29,11.8,41.0,0.1
359,GRIES,2023,-3.545,2022-09-02,2023-10-05,1424.031409327194,827.9153123193018,8.959031469925613,,,,,False,training_population,46.444599,8.3398,RGI60-11.01876,11,2934.0,5.29,11.8,41.0,0.1
359,GRIES,2024,-1.251,2023-10-05,2024-09-11,983.1212526957224,1513.022707816038,8.510375622735529,,,,,False,training_population,46.444599,8.3398,RGI60-11.01876,11,2934.0,5.29,11.8,41.0,0.1
359,GRIES,2025,-1.992,2024-09-11,2025-09-11,1130.9228488922158,839.3114521755614,9.569207065692868,,,,,False,training_population,46.444599,8.3398,RGI60-11.01876,11,2934.0,5.29,11.8,41.0,0.1
367,GIETRO,1967,-0.394,1966-09-07,1967-09-05,341.96847991943537,618.694878192489,2.984349332339544,,,,,False,training_population,46.0,7.38,RGI60-11.02774,11,3227.0,5.421,12.4,322.0,0.1
367,GIETRO,1968,0.412,1967-09-05,1968-09-16,360.8083635966012,1040.3258611863428,2.2532332931739942,,,,,False,training_population,46.0,7.38,RGI60-11.02774,11,3227.0,5.421,12.4,322.0,0.1
367,GIETRO,1969,0.304,1968-09-16,1969-08-12,272.15255381266445,1140.5779939119648,2.2188219061725447,,,,,False,training_population,46.0,7.38,RGI60-11.02774,11,3227.0,5.421,12.4,322.0,0.1
367,GIETRO,1970,0.171,1969-08-12,1970-08-13,358.79210599263774,1165.3727102616608,2.0649597668478896,,,,,False,training_population,46.0,7.38,RGI60-11.02774,11,3227.0,5.421,12.4,322.0,0.1
367,GIETRO,1971,-1.576,1970-08-13,1971-09-18,623.2066436767617,952.16220527427,3.62350386198579,,,,,False,training_population,46.0,7.38,RGI60-11.02774,11,3227.0,5.421,12.4,322.0,0.1
367,GIETRO,1972,-0.261,1971-09-18,1972-09-22,293.06663220723703,1057.2811718291532,1.8957892556121592,,,,,False,training_population,46.0,7.38,RGI60-11.02774,11,3227.0,5.421,12.4,322.0,0.1
367,GIETRO,1973,-0.324,1972-09-22,1973-08-21,326.45323588053566,838.5132458308391,3.5919944391018213,,,,,False,training_population,46.0,7.38,RGI60-11.02774,11,3227.0,5.421,12.4,322.0,0.1
367,GIETRO,1974,-0.35,1973-08-21,1974-09-15,467.3130377451608,1033.090704856093,2.68106921174382,,,,,False,training_population,46.0,7.38,RGI60-11.02774,11,3227.0,5.421,12.4,322.0,0.1
367,GIETRO,1975,0.051,1974-09-15,1975-09-15,282.5809333801288,1258.8306462926298,1.7722894060439185,,,,,False,training_population,46.0,7.38,RGI60-11.02774,11,3227.0,5.421,12.4,322.0,0.1
367,GIETRO,1976,-0.994,1975-09-15,1976-09-15,363.8273623148625,710.750047974738,2.867480788023597,,,,,False,training_population,46.0,7.38,RGI60-11.02774,11,3227.0,5.421,12.4,322.0,0.1
367,GIETRO,1977,0.673,1976-09-15,1977-09-15,238.7254112243673,1542.8787395761497,1.2525972615117809,,,,,False,training_population,46.0,7.38,RGI60-11.02774,11,3227.0,5.421,12.4,322.0,0.1
367,GIETRO,1978,0.799,1977-09-15,1978-09-15,239.25783704122068,1500.5173999396425,1.124525552556156,,,,,False,training_population,46.0,7.38,RGI60-11.02774,11,3227.0,5.421,12.4,322.0,0.1
367,GIETRO,1979,-0.533,1978-09-15,1979-09-15,379.43456408183033,1001.3894602446068,2.6139136729033337,,,,,False,training_population,46.0,7.38,RGI60-11.02774,11,3227.0,5.421,12.4,322.0,0.1
367,GIETRO,1980,0.971,1979-09-15,1980-09-15,366.1643899281841,1423.7087020291633,2.1858767136283777,,,,,False,training_population,46.0,7.38,RGI60-11.02774,11,3227.0,5.421,12.4,322.0,0.1
367,GIETRO,1981,0.35,1980-09-15,1981-09-15,468.3020492553741,1279.7429970895137,3.362027063231564,,,,,False,training_population,46.0,7.38,RGI60-11.02774,11,3227.0,5.421,12.4,322.0,0.1
367,GIETRO,1982,-0.587,1981-09-15,1982-09-15,521.2195561726916,1126.9717784853733,4.222202285821909,,,,,False,training_population,46.0,7.38,RGI60-11.02774,11,3227.0,5.421,12.4,322.0,0.1
367,GIETRO,1983,-0.404,1982-09-15,1983-09-15,497.4258108774848,1407.5298842208604,4.260400991854485,,,,,False,training_population,46.0,7.38,RGI60-11.02774,11,3227.0,5.421,12.4,322.0,0.1
367,GIETRO,1984,-0.541,1983-09-15,1984-09-15,399.6974959055605,1142.9589177480927,2.6873881837596265,,,,,False,training_population,46.0,7.38,RGI60-11.02774,11,3227.0,5.421,12.4,322.0,0.1
367,GIETRO,1985,-0.031,1984-09-15,1985-09-15,419.0333562215192,1183.917695436044,3.407637912639697,,,,,False,training_population,46.0,7.38,RGI60-11.02774,11,3227.0,5.421,12.4,322.0,0.1
367,GIETRO,1986,-0.731,1985-09-15,1986-09-15,598.2729874928823,1057.271725382293,3.8125232323356526,,,,,False,training_population,46.0,7.38,RGI60-11.02774,11,3227.0,5.421,12.4,322.0,0.1
367,GIETRO,1987,-0.131,1986-09-15,1987-09-15,514.3260740915962,1013.973982779806,3.1206685688184894,,,,,False,training_population,46.0,7.38,RGI60-11.02774,11,3227.0,5.421,12.4,322.0,0.1
367,GIETRO,1988,-0.253,1987-09-15,1988-09-15,527.0382222493515,1225.3804550595469,4.076279846136142,,,,,False,training_population,46.0,7.38,RGI60-11.02774,11,3227.0,5.421,12.4,322.0,0.1
367,GIETRO,1989,-0.535,1988-09-15,1989-09-15,450.73623123169193,945.8323555866882,3.635746215046337,,,,,False,training_population,46.0,7.38,RGI60-11.02774,11,3227.0,5.421,12.4,322.0,0.1
367,GIETRO,1990,-0.236,1989-09-15,1990-09-15,523.1655818939234,864.2024460918557,4.581847783793595,,,,,False,training_population,46.0,7.38,RGI60-11.02774,11,3227.0,5.421,12.4,322.0,0.1
367,GIETRO,1991,-1.327,1990-09-15,1991-09-15,579.160026168826,890.6438092241088,4.424041235274188,,,,,False,training_population,46.0,7.38,RGI60-11.02774,11,3227.0,5.421,12.4,322.0,0.1
367,GIETRO,1992,-0.391,1991-09-15,1992-09-15,563.5296826680532,966.280929797641,4.649292329428877,,,,,False,training_population,46.0,7.38,RGI60-11.02774,11,3227.0,5.421,12.4,322.0,0.1
367,GIETRO,1993,-0.295,1992-09-15,1993-09-15,471.8576264699328,1098.6684098951364,3.88878924466564,,,,,False,training_population,46.0,7.38,RGI60-11.02774,11,3227.0,5.421,12.4,322.0,0.1
367,GIETRO,1994,-0.277,1993-09-15,1994-09-15,579.773761494957,1199.9579407407664,5.247331065025905,,,,,False,training_population,46.0,7.38,RGI60-11.02774,11,3227.0,5.421,12.4,322.0,0.1
367,GIETRO,1995,-0.233,1994-09-15,1995-09-15,423.0652680714948,1450.254819430832,3.45138645724976,,,,,False,training_population,46.0,7.38,RGI60-11.02774,11,3227.0,5.421,12.4,322.0,0.1
367,GIETRO,1996,0.145,1995-09-15,1996-09-15,403.4075949351018,758.1162571387417,3.440857409048794,,,,,False,training_population,46.0,7.38,RGI60-11.02774,11,3227.0,5.421,12.4,322.0,0.1
367,GIETRO,1997,0.215,1996-09-15,1997-09-15,432.32738647461167,1106.3806703737705,3.387663079690264,,,,,False,training_population,46.0,7.38,RGI60-11.02774,11,3227.0,5.421,12.4,322.0,0.1
367,GIETRO,1998,-1.808,1997-09-15,1998-09-15,607.4667933146188,811.326418498794,4.706310450512454,,,,,False,training_population,46.0,7.38,RGI60-11.02774,11,3227.0,5.421,12.4,322.0,0.1
367,GIETRO,1999,0.206,1998-09-15,1999-09-15,462.7114391326932,1187.475858817539,3.9631559593090326,,,,,False,training_population,46.0,7.38,RGI60-11.02774,11,3227.0,5.421,12.4,322.0,0.1
367,GIETRO,2000,-0.548,1999-09-15,2000-08-28,443.8904160817493,960.5681324580324,4.077925561340585,,,,,False,training_population,46.0,7.38,RGI60-11.02774,11,3227.0,5.421,12.4,322.0,0.1
367,GIETRO,2001,0.004,2000-08-28,2001-08-29,496.4030531565376,1389.6465868426162,3.961328077654489,,,,,False,training_population,46.0,7.38,RGI60-11.02774,11,3227.0,5.421,12.4,322.0,0.1
367,GIETRO,2002,-0.084,2001-08-29,2002-09-06,482.39275309245056,1024.3384190188003,4.184965608831057,,,,,False,training_population,46.0,7.38,RGI60-11.02774,11,3227.0,5.421,12.4,322.0,0.1
367,GIETRO,2003,-2.409,2002-09-06,2003-09-04,711.4437833150257,845.5154197610107,6.956377573980824,,,,,False,training_population,46.0,7.38,RGI60-11.02774,11,3227.0,5.421,12.4,322.0,0.1
367,GIETRO,2004,-0.502,2003-09-04,2004-09-09,515.2273372650172,995.6420433288038,3.8554890798486015,,,,,False,training_population,46.0,7.38,RGI60-11.02774,11,3227.0,5.421,12.4,322.0,0.1
367,GIETRO,2005,-0.364,2004-09-09,2005-08-31,482.29347597758255,850.4446327074504,4.027127554796768,,,,,False,training_population,46.0,7.38,RGI60-11.02774,11,3227.0,5.421,12.4,322.0,0.1
367,GIETRO,2006,-0.828,2005-08-31,2006-09-06,583.3014480590853,828.8857178367018,4.132529919805515,,,,,False,training_population,46.0,7.38,RGI60-11.02774,11,3227.0,5.421,12.4,322.0,0.1
367,GIETRO,2007,-0.195,2006-09-06,2007-09-03,536.4935175577832,901.5150297763272,3.767226756828441,,,,,False,training_population,46.0,7.38,RGI60-11.02774,11,3227.0,5.421,12.4,322.0,0.1
367,GIETRO,2008,-0.81,2007-09-03,2008-09-08,533.2426681518582,893.5461195561913,4.387317759748839,,,,,False,training_population,46.0,7.38,RGI60-11.02774,11,3227.0,5.421,12.4,322.0,0.1
367,GIETRO,2009,-1.041,2008-09-08,2009-09-07,579.9003721872992,1093.5714853978027,4.969832412056322,,,,,False,training_population,46.0,7.38,RGI60-11.02774,11,3227.0,5.421,12.4,322.0,0.1
367,GIETRO,2010,-0.637,2009-09-07,2010-09-01,527.9154020945258,971.952652817656,4.361376284170864,,,,,False,training_population,46.0,7.38,RGI60-11.02774,11,3227.0,5.421,12.4,322.0,0.1
367,GIETRO,2011,-1.096,2010-09-01,2011-08-31,524.0390820821159,782.5391570683564,4.20790512527247,,,,,False,training_population,46.0,7.38,RGI60-11.02774,11,3227.0,5.421,12.4,322.0,0.1
367,GIETRO,2012,-1.334,2011-08-31,2012-09-17,759.056218465173,1053.783301517882,5.403610100968361,,,,,False,training_population,46.0,7.38,RGI60-11.02774,11,3227.0,5.421,12.4,322.0,0.1
367,GIETRO,2013,-0.078,2012-09-17,2013-09-25,533.5931313832631,1163.0944289393844,4.0272904672484735,,,,,False,training_population,46.0,7.38,RGI60-11.02774,11,3227.0,5.421,12.4,322.0,0.1
367,GIETRO,2014,-0.198,2013-09-25,2014-09-08,240.8826569875102,1079.2575007536236,1.7905615295189226,,,,,False,training_population,46.0,7.38,RGI60-11.02774,11,3227.0,5.421,12.4,322.0,0.1
367,GIETRO,2015,-1.271,2014-09-08,2015-09-08,712.2318556467726,922.309996801726,6.648086235488694,,,,,False,training_population,46.0,7.38,RGI60-11.02774,11,3227.0,5.421,12.4,322.0,0.1
367,GIETRO,2016,-0.414,2015-09-08,2016-09-13,616.2793540954617,1041.7476462646318,4.979589965378049,,,,,False,training_population,46.0,7.38,RGI60-11.02774,11,3227.0,5.421,12.4,322.0,0.1
367,GIETRO,2017,-1.666,2016-09-13,2017-09-21,683.9102064768502,804.8690864902212,6.1274105693983225,,,,,False,training_population,46.0,7.38,RGI60-11.02774,11,3227.0,5.421,12.4,322.0,0.1
367,GIETRO,2018,-0.664,2017-09-21,2018-09-17,727.1582013448115,1029.9885887005937,6.13928839642071,,,,,False,training_population,46.0,7.38,RGI60-11.02774,11,3227.0,5.421,12.4,322.0,0.1
367,GIETRO,2019,-1.318,2018-09-17,2019-09-27,803.6724469502801,1015.0463695488376,6.351071618950906,,,,,False,training_population,46.0,7.38,RGI60-11.02774,11,3227.0,5.421,12.4,322.0,0.1
367,GIETRO,2020,-0.439,2019-09-27,2020-09-08,634.5254778544137,1142.769388292354,5.606234949913597,,,,,False,training_population,46.0,7.38,RGI60-11.02774,11,3227.0,5.421,12.4,322.0,0.1
367,GIETRO,2021,-0.556,2020-09-08,2021-09-14,597.4274016062445,988.218253163467,4.683359987839431,,,,,False,training_population,46.0,7.38,RGI60-11.02774,11,3227.0,5.421,12.4,322.0,0.1
367,GIETRO,2022,-2.724,2021-09-14,2022-09-01,803.2859100341827,660.152826255338,7.459042775803741,,,,,False,training_population,46.0,7.38,RGI60-11.02774,11,3227.0,5.421,12.4,322.0,0.1
367,GIETRO,2023,-1.904,2022-10-04,2023-09-27,781.858981577559,811.158130586879,5.938378588358583,,,,,False,training_population,46.0,7.38,RGI60-11.02774,11,3227.0,5.421,12.4,322.0,0.1
367,GIETRO,2024,-1.833,2023-09-27,2024-09-24,737.3735602060983,1315.7575211737617,6.04122756736868,,,,,False,training_population,46.0,7.38,RGI60-11.02774,11,3227.0,5.421,12.4,322.0,0.1
367,GIETRO,2025,-0.955,2024-09-10,2025-09-11,722.6072517395053,933.0118415215054,6.620718968432906,,,,,False,training_population,46.0,7.38,RGI60-11.02774,11,3227.0,5.421,12.4,322.0,0.1
394,ALLALIN,1956,0.232,1955-09-15,1956-09-15,587.1372475942005,639.3794070529282,4.998768217667314,,,,,False,training_population,46.049999,7.93,RGI60-11.02704,11,3332.0,9.281,17.3,33.0,0.1
394,ALLALIN,1957,0.324,1956-09-15,1957-09-15,719.7246175130241,787.6700478306481,5.86546206681627,,,,,False,training_population,46.049999,7.93,RGI60-11.02704,11,3332.0,9.281,17.3,33.0,0.1
394,ALLALIN,1958,-0.286,1957-09-15,1958-09-15,807.1226119995156,1073.9213241313053,5.826962428162088,,,,,False,training_population,46.049999,7.93,RGI60-11.02704,11,3332.0,9.281,17.3,33.0,0.1
394,ALLALIN,1959,0.138,1958-09-15,1959-09-15,791.0360479990675,956.3968469297704,6.482396732551486,,,,,False,training_population,46.049999,7.93,RGI60-11.02704,11,3332.0,9.281,17.3,33.0,0.1
394,ALLALIN,1960,0.285,1959-09-15,1960-09-15,709.4314650217727,1134.6653734645536,5.4446632606396,,,,,False,training_population,46.049999,7.93,RGI60-11.02704,11,3332.0,9.281,17.3,33.0,0.1
394,ALLALIN,1961,0.183,1960-09-15,1961-09-15,647.9751990000436,1402.136100725983,5.558786397740483,,,,,False,training_population,46.049999,7.93,RGI60-11.02704,11,3332.0,9.281,17.3,33.0,0.1
394,ALLALIN,1962,0.174,1961-09-15,1962-09-15,844.7601394653352,1109.2369438621076,5.862562972911912,,,,,False,training_population,46.049999,7.93,RGI60-11.02704,11,3332.0,9.281,17.3,33.0,0.1
394,ALLALIN,1963,0.187,1962-09-15,1963-09-15,678.6983874003129,1271.127892093215,5.562071135424211,,,,,False,training_population,46.049999,7.93,RGI60-11.02704,11,3332.0,9.281,17.3,33.0,0.1
394,ALLALIN,1964,0.415,1963-09-15,1964-09-15,891.4551471710241,943.265457891691,6.957108689736651,,,,,False,training_population,46.049999,7.93,RGI60-11.02704,11,3332.0,9.281,17.3,33.0,0.1
394,ALLALIN,1965,0.029,1964-09-15,1965-09-15,625.9134616851836,953.565332104752,5.188871990425021,,,,,False,training_population,46.049999,7.93,RGI60-11.02704,11,3332.0,9.281,17.3,33.0,0.1
394,ALLALIN,1966,0.199,1965-09-15,1966-09-15,679.2531752268512,1088.5854368164587,5.078601780490622,,,,,False,training_population,46.049999,7.93,RGI60-11.02704,11,3332.0,9.281,17.3,33.0,0.1
394,ALLALIN,1967,0.308,1966-09-15,1967-09-26,771.1742476145464,1128.2831976207922,5.744237912219529,,,,,False,training_population,46.049999,7.93,RGI60-11.02704,11,3332.0,9.281,17.3,33.0,0.1
394,ALLALIN,1968,0.121,1967-09-26,1968-09-27,701.2440044403115,1036.699518298686,4.8634999371957335,,,,,False,training_population,46.049999,7.93,RGI60-11.02704,11,3332.0,9.281,17.3,33.0,0.1
394,ALLALIN,1969,0.611,1968-09-27,1969-09-25,708.7885829925572,1278.0201946175396,4.8807709859765325,,,,,False,training_population,46.049999,7.93,RGI60-11.02704,11,3332.0,9.281,17.3,33.0,0.1
394,ALLALIN,1970,-0.155,1969-09-25,1970-09-24,800.0880444844602,1023.4235425550544,5.547068718896417,,,,,False,training_population,46.049999,7.93,RGI60-11.02704,11,3332.0,9.281,17.3,33.0,0.1
394,ALLALIN,1971,-0.132,1970-09-24,1971-09-23,776.7719504038528,1124.0184229615338,6.160565789540632,,,,,False,training_population,46.049999,7.93,RGI60-11.02704,11,3332.0,9.281,17.3,33.0,0.1
394,ALLALIN,1972,0.303,1971-09-23,1972-09-29,562.3530958811475,1467.0535028745703,4.498056755895225,,,,,False,training_population,46.049999,7.93,RGI60-11.02704,11,3332.0,9.281,17.3,33.0,0.1
394,ALLALIN,1973,-0.264,1972-09-29,1973-09-27,800.5319525400831,773.3992370486326,6.474611142752849,,,,,False,training_population,46.049999,7.93,RGI60-11.02704,11,3332.0,9.281,17.3,33.0,0.1
394,ALLALIN,1974,0.415,1973-07-02,1974-07-02,711.0598691304556,1096.866794312103,5.590850434935669,,,,,False,training_population,46.049999,7.93,RGI60-11.02704,11,3332.0,9.281,17.3,33.0,0.1
394,ALLALIN,1975,-0.065,1974-09-15,1975-09-15,578.8736555735297,1350.8854562657648,4.773577336297543,,,,,False,training_population,46.049999,7.93,RGI60-11.02704,11,3332.0,9.281,17.3,33.0,0.1
394,ALLALIN,1976,-0.218,1975-09-15,1976-09-15,708.5002727508578,812.9316168135574,5.706084374413996,,,,,False,training_population,46.049999,7.93,RGI60-11.02704,11,3332.0,9.281,17.3,33.0,0.1
394,ALLALIN,1977,1.691,1976-07-01,1977-07-02,561.3181467692089,1849.886241035712,4.75641961875539,,,,,False,training_population,46.049999,7.93,RGI60-11.02704,11,3332.0,9.281,17.3,33.0,0.1
394,ALLALIN,1978,1.241,1977-09-15,1978-09-15,506.1191602071153,1492.3306902429267,3.9965905576512633,,,,,False,training_population,46.049999,7.93,RGI60-11.02704,11,3332.0,9.281,17.3,33.0,0.1
394,ALLALIN,1979,-0.368,1978-09-15,1979-09-15,737.0881579081251,994.9775314373176,5.595090961456322,,,,,False,training_population,46.049999,7.93,RGI60-11.02704,11,3332.0,9.281,17.3,33.0,0.1
394,ALLALIN,1980,0.66,1979-09-15,1980-09-15,663.2862902323438,1280.5321914756432,5.11709097710211,,,,,False,training_population,46.049999,7.93,RGI60-11.02704,11,3332.0,9.281,17.3,33.0,0.1
394,ALLALIN,1981,0.199,1980-09-15,1981-09-15,812.7196787516311,1235.9528495539926,6.1709259890128125,,,,,False,training_population,46.049999,7.93,RGI60-11.02704,11,3332.0,9.281,17.3,33.0,0.1
394,ALLALIN,1982,-0.758,1981-09-15,1982-09-15,879.6453390757277,969.4584972430392,7.019087900631694,,,,,False,training_population,46.049999,7.93,RGI60-11.02704,11,3332.0,9.281,17.3,33.0,0.1
394,ALLALIN,1983,-0.277,1982-09-15,1983-09-15,809.8168928782175,1633.8555264344664,6.893577049089537,,,,,False,training_population,46.049999,7.93,RGI60-11.02704,11,3332.0,9.281,17.3,33.0,0.1
394,ALLALIN,1984,0.062,1983-09-15,1984-09-15,690.1609992980984,1254.2589135712703,5.139032417794953,,,,,False,training_population,46.049999,7.93,RGI60-11.02704,11,3332.0,9.281,17.3,33.0,0.1
394,ALLALIN,1985,-0.638,1984-09-15,1985-09-15,714.3368480682407,1288.8578355229788,6.141372485782815,,,,,False,training_population,46.049999,7.93,RGI60-11.02704,11,3332.0,9.281,17.3,33.0,0.1
394,ALLALIN,1986,-0.567,1985-09-15,1986-09-15,950.47145703634,1314.039634739096,6.470024010755036,,,,,False,training_population,46.049999,7.93,RGI60-11.02704,11,3332.0,9.281,17.3,33.0,0.1
394,ALLALIN,1987,-1.201,1986-09-15,1987-09-15,867.3468273162878,908.5201583447144,6.087576899321208,,,,,False,training_population,46.049999,7.93,RGI60-11.02704,11,3332.0,9.281,17.3,33.0,0.1
394,ALLALIN,1988,-0.515,1987-09-15,1988-09-15,885.7608874003132,1211.0174323928788,6.764338008217214,,,,,False,training_population,46.049999,7.93,RGI60-11.02704,11,3332.0,9.281,17.3,33.0,0.1
394,ALLALIN,1989,-0.428,1988-09-15,1989-09-15,814.0471490224236,975.2761406837536,6.460660235087097,,,,,False,training_population,46.049999,7.93,RGI60-11.02704,11,3332.0,9.281,17.3,33.0,0.1
394,ALLALIN,1990,-1.592,1989-09-15,1990-09-15,892.1357279459672,799.2005611349348,7.126497212009174,,,,,False,training_population,46.049999,7.93,RGI60-11.02704,11,3332.0,9.281,17.3,33.0,0.1
394,ALLALIN,1991,-1.161,1990-09-27,1991-10-02,966.5091250101756,1046.3959776162392,7.217723831232064,,,,,False,training_population,46.049999,7.93,RGI60-11.02704,11,3332.0,9.281,17.3,33.0,0.1
394,ALLALIN,1992,-0.311,1991-10-02,1992-09-30,866.9443918863967,911.3646654055856,6.977893226734125,,,,,False,training_population,46.049999,7.93,RGI60-11.02704,11,3332.0,9.281,17.3,33.0,0.1
394,ALLALIN,1993,0.766,1992-07-01,1993-07-02,894.8512217203806,1009.01225290594,7.626877775259916,,,,,False,training_population,46.049999,7.93,RGI60-11.02704,11,3332.0,9.281,17.3,33.0,0.1
394,ALLALIN,1994,-0.828,1993-07-02,1994-07-02,766.3579490661655,1468.1880195034828,6.584296060377573,,,,,False,training_population,46.049999,7.93,RGI60-11.02704,11,3332.0,9.281,17.3,33.0,0.1
394,ALLALIN,1995,0.207,1994-10-25,1995-10-11,706.5540229797391,1327.8283824315408,6.204342681774216,,,,,False,training_population,46.049999,7.93,RGI60-11.02704,11,3332.0,9.281,17.3,33.0,0.1
394,ALLALIN,1996,-0.356,1995-10-11,1996-10-11,712.9114110310907,942.5002992665732,6.128069924617181,,,,,False,training_population,46.049999,7.93,RGI60-11.02704,11,3332.0,9.281,17.3,33.0,0.1
394,ALLALIN,1997,-0.195,1996-10-11,1997-09-24,792.7048119862908,995.076519613825,6.139124385170337,,,,,False,training_population,46.049999,7.93,RGI60-11.02704,11,3332.0,9.281,17.3,33.0,0.1
394,ALLALIN,1998,-1.318,1997-09-24,1998-09-23,926.1717323303264,999.8757346176924,7.461818652222148,,,,,False,training_population,46.049999,7.93,RGI60-11.02704,11,3332.0,9.281,17.3,33.0,0.1
394,ALLALIN,1999,-0.142,1998-09-23,1999-09-24,845.5292961120645,1054.0077090056634,6.633133562060392,,,,,False,training_population,46.049999,7.93,RGI60-11.02704,11,3332.0,9.281,17.3,33.0,0.1
394,ALLALIN,2000,-0.363,1999-09-14,2000-09-12,876.9650571187376,916.0108842465283,6.794138326506706,,,,,False,training_population,46.049999,7.93,RGI60-11.02704,11,3332.0,9.281,17.3,33.0,0.1
394,ALLALIN,2001,0.667,2000-09-12,2001-09-13,832.1359884897903,1487.6678384631389,6.930382105233033,,,,,False,training_population,46.049999,7.93,RGI60-11.02704,11,3332.0,9.281,17.3,33.0,0.1
394,ALLALIN,2002,0.36,2001-09-13,2002-09-17,865.9916486104369,989.6768365823156,6.921730185246145,,,,,False,training_population,46.049999,7.93,RGI60-11.02704,11,3332.0,9.281,17.3,33.0,0.1
394,ALLALIN,2003,-1.134,2002-09-17,2003-09-17,1099.4500729878782,930.0806629421104,9.49008755614794,,,,,False,training_population,46.049999,7.93,RGI60-11.02704,11,3332.0,9.281,17.3,33.0,0.1
394,ALLALIN,2004,-0.765,2003-09-17,2004-09-17,874.5377382914261,1111.390326689712,6.877110562808297,,,,,False,training_population,46.049999,7.93,RGI60-11.02704,11,3332.0,9.281,17.3,33.0,0.1
394,ALLALIN,2005,-0.735,2004-09-17,2005-09-14,922.3257476806676,845.8314524645018,7.028916150245136,,,,,False,training_population,46.049999,7.93,RGI60-11.02704,11,3332.0,9.281,17.3,33.0,0.1
394,ALLALIN,2006,-0.879,2005-09-14,2006-09-13,968.5116345723512,704.1927757374644,7.170164970729682,,,,,False,training_population,46.049999,7.93,RGI60-11.02704,11,3332.0,9.281,17.3,33.0,0.1
394,ALLALIN,2007,0.225,2006-09-13,2007-09-21,984.3878273010298,788.9064841034568,6.601546382904073,,,,,False,training_population,46.049999,7.93,RGI60-11.02704,11,3332.0,9.281,17.3,33.0,0.1
394,ALLALIN,2008,-0.751,2007-09-21,2008-09-16,862.96498832703,819.6302671422623,7.081332599252918,,,,,False,training_population,46.049999,7.93,RGI60-11.02704,11,3332.0,9.281,17.3,33.0,0.1
394,ALLALIN,2009,-0.077,2008-09-16,2009-09-21,971.5770150502564,1367.9465542054138,7.44932725325877,,,,,False,training_population,46.049999,7.93,RGI60-11.02704,11,3332.0,9.281,17.3,33.0,0.1
394,ALLALIN,2010,-0.782,2009-09-22,2010-09-11,863.3118644714389,1031.6417289477968,7.18328808217811,,,,,False,training_population,46.049999,7.93,RGI60-11.02704,11,3332.0,9.281,17.3,33.0,0.1
394,ALLALIN,2011,-0.768,2010-09-11,2011-09-06,911.5812071482374,748.6774668557673,6.956635770935965,,,,,False,training_population,46.049999,7.93,RGI60-11.02704,11,3332.0,9.281,17.3,33.0,0.1
394,ALLALIN,2012,-1.38,2011-09-06,2012-10-05,1190.6513003031455,1072.117497623662,7.975974682794124,,,,,False,training_population,46.049999,7.93,RGI60-11.02704,11,3332.0,9.281,17.3,33.0,0.1
394,ALLALIN,2013,0.273,2012-10-05,2013-08-29,683.0480419158962,1323.077404649876,6.79922859757037,,,,,False,training_population,46.049999,7.93,RGI60-11.02704,11,3332.0,9.281,17.3,33.0,0.1
394,ALLALIN,2014,0.077,2013-08-29,2014-09-02,791.9095631917355,1109.2711751802967,5.611453514768385,,,,,False,training_population,46.049999,7.93,RGI60-11.02704,11,3332.0,9.281,17.3,33.0,0.1
394,ALLALIN,2015,-0.656,2014-09-02,2015-09-21,1208.391239929204,1156.834576307684,9.19902936133788,,,,,False,training_population,46.049999,7.93,RGI60-11.02704,11,3332.0,9.281,17.3,33.0,0.1
394,ALLALIN,2016,-0.269,2015-09-21,2016-08-22,732.6046836853056,926.636885025882,7.404871746813936,,,,,False,training_population,46.049999,7.93,RGI60-11.02704,11,3332.0,9.281,17.3,33.0,0.1
394,ALLALIN,2017,-1.778,2016-08-22,2017-08-21,1150.5982788085976,927.2945147034158,9.083791683031189,,,,,False,training_population,46.049999,7.93,RGI60-11.02704,11,3332.0,9.281,17.3,33.0,0.1
394,ALLALIN,2018,-0.801,2017-08-21,2018-09-06,1244.2946352640831,1059.0406061679755,8.915162930287996,,,,,False,training_population,46.049999,7.93,RGI60-11.02704,11,3332.0,9.281,17.3,33.0,0.1
394,ALLALIN,2019,-0.559,2018-09-06,2019-08-30,1087.9768295288122,1219.6119551463516,8.860578015785103,,,,,False,training_population,46.049999,7.93,RGI60-11.02704,11,3332.0,9.281,17.3,33.0,0.1
394,ALLALIN,2020,-0.395,2019-08-30,2020-09-04,1036.333086649581,1006.3935735435336,7.178009875953644,,,,,False,training_population,46.049999,7.93,RGI60-11.02704,11,3332.0,9.281,17.3,33.0,0.1
394,ALLALIN,2021,-0.452,2020-09-04,2021-09-02,800.2257228851349,936.7020648961352,6.7112194406813686,,,,,False,training_population,46.049999,7.93,RGI60-11.02704,11,3332.0,9.281,17.3,33.0,0.1
394,ALLALIN,2022,-2.455,2021-09-02,2022-09-06,1101.5311988830604,583.0531438945137,8.826967120516152,,,,,False,training_population,46.049999,7.93,RGI60-11.02704,11,3332.0,9.281,17.3,33.0,0.1
394,ALLALIN,2023,-1.882,2022-09-06,2023-09-05,963.3633958180784,692.8406571903878,7.761174069280235,,,,,False,training_population,46.049999,7.93,RGI60-11.02704,11,3332.0,9.281,17.3,33.0,0.1
394,ALLALIN,2024,-1.143,2023-09-05,2024-08-30,909.6632314046262,1432.98855934259,6.293585867410199,,,,,False,training_population,46.049999,7.93,RGI60-11.02704,11,3332.0,9.281,17.3,33.0,0.1
394,ALLALIN,2025,-0.774,2024-08-30,2025-09-03,936.557343165084,1082.7615552593138,8.406065234732143,,,,,False,training_population,46.049999,7.93,RGI60-11.02704,11,3332.0,9.281,17.3,33.0,0.1
395,SCHWARZBERG,1956,-0.335,1955-09-15,1956-09-15,587.1372475942005,639.3794070529282,4.998768217667314,,,,,False,training_population,46.02,7.93,RGI60-11.02746,11,3041.0,5.339,14.0,32.0,0.1
395,SCHWARZBERG,1957,-0.381,1956-09-15,1957-09-15,719.7246175130241,787.6700478306481,5.86546206681627,,,,,False,training_population,46.02,7.93,RGI60-11.02746,11,3041.0,5.339,14.0,32.0,0.1
395,SCHWARZBERG,1958,-0.587,1957-09-15,1958-09-15,807.1226119995156,1073.9213241313053,5.826962428162088,,,,,False,training_population,46.02,7.93,RGI60-11.02746,11,3041.0,5.339,14.0,32.0,0.1
395,SCHWARZBERG,1959,0.076,1958-09-15,1959-09-15,791.0360479990675,956.3968469297704,6.482396732551486,,,,,False,training_population,46.02,7.93,RGI60-11.02746,11,3041.0,5.339,14.0,32.0,0.1
395,SCHWARZBERG,1960,0.381,1959-09-15,1960-09-15,709.4314650217727,1134.6653734645536,5.4446632606396,,,,,False,training_population,46.02,7.93,RGI60-11.02746,11,3041.0,5.339,14.0,32.0,0.1
395,SCHWARZBERG,1961,0.299,1960-09-15,1961-09-15,647.9751990000436,1402.136100725983,5.558786397740483,,,,,False,training_population,46.02,7.93,RGI60-11.02746,11,3041.0,5.339,14.0,32.0,0.1
395,SCHWARZBERG,1962,-0.435,1961-09-15,1962-09-15,844.7601394653352,1109.2369438621076,5.862562972911912,,,,,False,training_population,46.02,7.93,RGI60-11.02746,11,3041.0,5.339,14.0,32.0,0.1
395,SCHWARZBERG,1963,0.216,1962-09-15,1963-09-15,678.6983874003129,1271.127892093215,5.562071135424211,,,,,False,training_population,46.02,7.93,RGI60-11.02746,11,3041.0,5.339,14.0,32.0,0.1
395,SCHWARZBERG,1964,-0.415,1963-09-15,1964-09-15,891.4551471710241,943.265457891691,6.957108689736651,,,,,False,training_population,46.02,7.93,RGI60-11.02746,11,3041.0,5.339,14.0,32.0,0.1
395,SCHWARZBERG,1965,-0.447,1964-09-15,1965-09-15,625.9134616851836,953.565332104752,5.188871990425021,,,,,False,training_population,46.02,7.93,RGI60-11.02746,11,3041.0,5.339,14.0,32.0,0.1
395,SCHWARZBERG,1966,0.401,1965-09-15,1966-09-15,679.2531752268512,1088.5854368164587,5.078601780490622,,,,,False,training_population,46.02,7.93,RGI60-11.02746,11,3041.0,5.339,14.0,32.0,0.1
395,SCHWARZBERG,1967,0.058,1966-09-15,1967-09-15,733.9552687327102,1119.4058628485982,5.744237912219529,,,,,False,training_population,46.02,7.93,RGI60-11.02746,11,3041.0,5.339,14.0,32.0,0.1
395,SCHWARZBERG,1968,-0.065,1967-07-02,1968-07-01,776.756228637699,1088.3181995248278,6.003061016746215,,,,,False,training_population,46.02,7.93,RGI60-11.02746,11,3041.0,5.339,14.0,32.0,0.1
395,SCHWARZBERG,1969,0.384,1968-07-01,1969-07-02,654.7265563964881,1260.0581168063309,4.522198214429514,,,,,False,training_population,46.02,7.93,RGI60-11.02746,11,3041.0,5.339,14.0,32.0,0.1
395,SCHWARZBERG,1970,-0.235,1969-07-02,1970-07-02,748.7322680155476,1051.556547052666,5.395518341884843,,,,,False,training_population,46.02,7.93,RGI60-11.02746,11,3041.0,5.339,14.0,32.0,0.1
395,SCHWARZBERG,1971,-0.199,1970-07-02,1971-07-02,733.6591569264764,1128.6917289825951,5.161147518909981,,,,,False,training_population,46.02,7.93,RGI60-11.02746,11,3041.0,5.339,14.0,32.0,0.1
395,SCHWARZBERG,1972,0.004,1971-07-02,1972-07-01,767.803770701094,1346.5728047920002,6.029261926291668,,,,,False,training_population,46.02,7.93,RGI60-11.02746,11,3041.0,5.339,14.0,32.0,0.1
395,SCHWARZBERG,1973,-0.431,1972-09-15,1973-09-15,769.5825778961214,802.426942850122,6.474611142752849,,,,,False,training_population,46.02,7.93,RGI60-11.02746,11,3041.0,5.339,14.0,32.0,0.1
395,SCHWARZBERG,1974,0.107,1973-09-15,1974-09-15,666.5026098887158,1096.866794312103,5.339907997241941,,,,,False,training_population,46.02,7.93,RGI60-11.02746,11,3041.0,5.339,14.0,32.0,0.1
395,SCHWARZBERG,1975,0.885,1974-09-15,1975-09-15,578.8736555735297,1350.8854562657648,4.773577336297543,,,,,False,training_population,46.02,7.93,RGI60-11.02746,11,3041.0,5.339,14.0,32.0,0.1
395,SCHWARZBERG,1976,-0.157,1975-09-15,1976-09-15,708.5002727508578,812.9316168135574,5.706084374413996,,,,,False,training_population,46.02,7.93,RGI60-11.02746,11,3041.0,5.339,14.0,32.0,0.1
395,SCHWARZBERG,1977,1.827,1976-07-01,1977-07-02,561.3181467692089,1849.886241035712,4.75641961875539,,,,,False,training_population,46.02,7.93,RGI60-11.02746,11,3041.0,5.339,14.0,32.0,0.1
395,SCHWARZBERG,1978,2.494,1977-07-02,1978-07-02,497.154952875776,1456.4967134331432,3.8283672141345377,,,,,False,training_population,46.02,7.93,RGI60-11.02746,11,3041.0,5.339,14.0,32.0,0.1
395,SCHWARZBERG,1979,-0.341,1978-07-02,1979-07-02,643.1957304636669,1026.1732128662438,4.723973579816941,,,,,False,training_population,46.02,7.93,RGI60-11.02746,11,3041.0,5.339,14.0,32.0,0.1
395,SCHWARZBERG,1980,1.103,1979-09-15,1980-09-15,663.2862902323438,1280.5321914756432,5.11709097710211,,,,,False,training_population,46.02,7.93,RGI60-11.02746,11,3041.0,5.339,14.0,32.0,0.1
395,SCHWARZBERG,1981,0.389,1980-09-15,1981-09-15,812.7196787516311,1235.9528495539926,6.1709259890128125,,,,,False,training_population,46.02,7.93,RGI60-11.02746,11,3041.0,5.339,14.0,32.0,0.1
395,SCHWARZBERG,1982,-0.708,1981-07-02,1982-07-02,790.8882536570268,983.378954353526,6.340871080788257,,,,,False,training_population,46.02,7.93,RGI60-11.02746,11,3041.0,5.339,14.0,32.0,0.1
395,SCHWARZBERG,1983,-0.836,1982-07-02,1983-07-02,799.2383396148712,1632.811997017278,6.464207407906942,,,,,False,training_population,46.02,7.93,RGI60-11.02746,11,3041.0,5.339,14.0,32.0,0.1
395,SCHWARZBERG,1984,-0.173,1983-07-02,1984-07-01,831.7565252939888,1237.2426607733971,6.542057029060718,,,,,False,training_population,46.02,7.93,RGI60-11.02746,11,3041.0,5.339,14.0,32.0,0.1
395,SCHWARZBERG,1985,-0.449,1984-07-01,1985-07-02,597.3723836263051,1297.1056372446446,5.186928895179283,,,,,False,training_population,46.02,7.93,RGI60-11.02746,11,3041.0,5.339,14.0,32.0,0.1
395,SCHWARZBERG,1986,-0.987,1985-07-02,1986-07-02,1010.5637237548864,1321.64720880602,6.941493442494406,,,,,False,training_population,46.02,7.93,RGI60-11.02746,11,3041.0,5.339,14.0,32.0,0.1
395,SCHWARZBERG,1987,-1.024,1986-07-02,1987-07-02,816.1711112976111,910.7245647711864,5.852646914519739,,,,,False,training_population,46.02,7.93,RGI60-11.02746,11,3041.0,5.339,14.0,32.0,0.1
395,SCHWARZBERG,1988,-0.571,1987-07-02,1988-07-01,868.6262650807737,1206.460693062592,6.367058420872366,,,,,False,training_population,46.02,7.93,RGI60-11.02746,11,3041.0,5.339,14.0,32.0,0.1
395,SCHWARZBERG,1989,-0.256,1988-09-15,1989-09-15,814.0471490224236,975.2761406837536,6.460660235087097,,,,,False,training_population,46.02,7.93,RGI60-11.02746,11,3041.0,5.339,14.0,32.0,0.1
395,SCHWARZBERG,1990,-2.073,1989-09-15,1990-09-15,892.1357279459672,799.2005611349348,7.126497212009174,,,,,False,training_population,46.02,7.93,RGI60-11.02746,11,3041.0,5.339,14.0,32.0,0.1
395,SCHWARZBERG,1991,0.212,1990-09-15,1991-09-15,926.5573366800976,1026.9501005562952,7.217723831232064,,,,,False,training_population,46.02,7.93,RGI60-11.02746,11,3041.0,5.339,14.0,32.0,0.1
395,SCHWARZBERG,1992,0.547,1991-09-15,1992-09-15,886.9610642751092,930.8003995340284,6.977893226734125,,,,,False,training_population,46.02,7.93,RGI60-11.02746,11,3041.0,5.339,14.0,32.0,0.1
395,SCHWARZBERG,1993,0.571,1992-09-15,1993-09-15,784.4823219299349,1063.5093117164906,6.585181801561018,,,,,False,training_population,46.02,7.93,RGI60-11.02746,11,3041.0,5.339,14.0,32.0,0.1
395,SCHWARZBERG,1994,0.274,1993-09-15,1994-09-15,924.3602657318148,1414.053830790177,8.063158807892753,,,,,False,training_population,46.02,7.93,RGI60-11.02746,11,3041.0,5.339,14.0,32.0,0.1
395,SCHWARZBERG,1995,0.028,1994-09-15,1995-09-15,729.2807291666697,1367.0732033035122,6.204342681774216,,,,,False,training_population,46.02,7.93,RGI60-11.02746,11,3041.0,5.339,14.0,32.0,0.1
395,SCHWARZBERG,1996,-0.554,1995-09-15,1996-09-15,739.2266234080031,893.1939776743078,6.128069924617181,,,,,False,training_population,46.02,7.93,RGI60-11.02746,11,3041.0,5.339,14.0,32.0,0.1
395,SCHWARZBERG,1997,-0.503,1996-09-15,1997-09-15,768.6044083913202,1094.6433839538977,6.139124385170337,,,,,False,training_population,46.02,7.93,RGI60-11.02746,11,3041.0,5.339,14.0,32.0,0.1
395,SCHWARZBERG,1998,-1.857,1997-09-25,1998-09-23,921.2960651397748,999.8757346176924,7.461818652222148,,,,,False,training_population,46.02,7.93,RGI60-11.02746,11,3041.0,5.339,14.0,32.0,0.1
395,SCHWARZBERG,1999,-0.908,1998-09-15,1999-09-15,824.3541571299274,1056.765723207679,6.633133562060392,,,,,False,training_population,46.02,7.93,RGI60-11.02746,11,3041.0,5.339,14.0,32.0,0.1
395,SCHWARZBERG,2000,-0.508,1999-09-14,2000-09-12,876.9650571187376,916.0108842465283,6.794138326506706,,,,,False,training_population,46.02,7.93,RGI60-11.02746,11,3041.0,5.339,14.0,32.0,0.1
395,SCHWARZBERG,2001,0.408,2000-09-12,2001-09-13,832.1359884897903,1487.6678384631389,6.930382105233033,,,,,False,training_population,46.02,7.93,RGI60-11.02746,11,3041.0,5.339,14.0,32.0,0.1
395,SCHWARZBERG,2002,0.047,2001-09-13,2002-09-17,865.9916486104369,989.6768365823156,6.921730185246145,,,,,False,training_population,46.02,7.93,RGI60-11.02746,11,3041.0,5.339,14.0,32.0,0.1
395,SCHWARZBERG,2003,-1.73,2002-09-17,2003-09-17,1099.4500729878782,930.0806629421104,9.49008755614794,,,,,False,training_population,46.02,7.93,RGI60-11.02746,11,3041.0,5.339,14.0,32.0,0.1
395,SCHWARZBERG,2004,-0.784,2003-09-17,2004-09-17,874.5377382914261,1111.390326689712,6.877110562808297,,,,,False,training_population,46.02,7.93,RGI60-11.02746,11,3041.0,5.339,14.0,32.0,0.1
395,SCHWARZBERG,2005,-0.824,2004-09-17,2005-09-14,922.3257476806676,845.8314524645018,7.028916150245136,,,,,False,training_population,46.02,7.93,RGI60-11.02746,11,3041.0,5.339,14.0,32.0,0.1
395,SCHWARZBERG,2006,-1.413,2005-09-14,2006-09-13,968.5116345723512,704.1927757374644,7.170164970729682,,,,,False,training_population,46.02,7.93,RGI60-11.02746,11,3041.0,5.339,14.0,32.0,0.1
395,SCHWARZBERG,2007,-0.476,2006-09-13,2007-09-21,984.3878273010298,788.9064841034568,6.601546382904073,,,,,False,training_population,46.02,7.93,RGI60-11.02746,11,3041.0,5.339,14.0,32.0,0.1
395,SCHWARZBERG,2008,-0.737,2007-09-21,2008-09-16,862.96498832703,819.6302671422623,7.081332599252918,,,,,False,training_population,46.02,7.93,RGI60-11.02746,11,3041.0,5.339,14.0,32.0,0.1
395,SCHWARZBERG,2009,-0.353,2008-09-16,2009-09-21,971.5770150502564,1367.9465542054138,7.44932725325877,,,,,False,training_population,46.02,7.93,RGI60-11.02746,11,3041.0,5.339,14.0,32.0,0.1
395,SCHWARZBERG,2010,-0.891,2009-09-22,2010-09-11,863.3118644714389,1031.6417289477968,7.18328808217811,,,,,False,training_population,46.02,7.93,RGI60-11.02746,11,3041.0,5.339,14.0,32.0,0.1
395,SCHWARZBERG,2011,-1.024,2010-09-11,2011-09-06,911.5812071482374,748.6774668557673,6.956635770935965,,,,,False,training_population,46.02,7.93,RGI60-11.02746,11,3041.0,5.339,14.0,32.0,0.1
395,SCHWARZBERG,2012,-1.204,2011-09-06,2012-10-05,1190.6513003031455,1072.117497623662,7.975974682794124,,,,,False,training_population,46.02,7.93,RGI60-11.02746,11,3041.0,5.339,14.0,32.0,0.1
395,SCHWARZBERG,2013,0.118,2012-10-05,2013-08-29,683.0480419158962,1323.077404649876,6.79922859757037,,,,,False,training_population,46.02,7.93,RGI60-11.02746,11,3041.0,5.339,14.0,32.0,0.1
395,SCHWARZBERG,2014,-0.009,2013-08-29,2014-09-02,791.9095631917355,1109.2711751802967,5.611453514768385,,,,,False,training_population,46.02,7.93,RGI60-11.02746,11,3041.0,5.339,14.0,32.0,0.1
395,SCHWARZBERG,2015,-1.331,2014-09-02,2015-09-21,1208.391239929204,1156.834576307684,9.19902936133788,,,,,False,training_population,46.02,7.93,RGI60-11.02746,11,3041.0,5.339,14.0,32.0,0.1
395,SCHWARZBERG,2016,-0.164,2015-09-21,2016-08-22,732.6046836853056,926.636885025882,7.404871746813936,,,,,False,training_population,46.02,7.93,RGI60-11.02746,11,3041.0,5.339,14.0,32.0,0.1
395,SCHWARZBERG,2017,-1.768,2016-08-22,2017-08-21,1150.5982788085976,927.2945147034158,9.083791683031189,,,,,False,training_population,46.02,7.93,RGI60-11.02746,11,3041.0,5.339,14.0,32.0,0.1
395,SCHWARZBERG,2018,-0.903,2017-08-21,2018-09-06,1244.2946352640831,1059.0406061679755,8.915162930287996,,,,,False,training_population,46.02,7.93,RGI60-11.02746,11,3041.0,5.339,14.0,32.0,0.1
395,SCHWARZBERG,2019,-0.776,2018-09-06,2019-08-30,1087.9768295288122,1219.6119551463516,8.860578015785103,,,,,False,training_population,46.02,7.93,RGI60-11.02746,11,3041.0,5.339,14.0,32.0,0.1
395,SCHWARZBERG,2020,-0.517,2019-08-30,2020-09-04,1036.333086649581,1006.3935735435336,7.178009875953644,,,,,False,training_population,46.02,7.93,RGI60-11.02746,11,3041.0,5.339,14.0,32.0,0.1
395,SCHWARZBERG,2021,-0.698,2020-09-04,2021-09-02,800.2257228851349,936.7020648961352,6.7112194406813686,,,,,False,training_population,46.02,7.93,RGI60-11.02746,11,3041.0,5.339,14.0,32.0,0.1
395,SCHWARZBERG,2022,-3.386,2021-09-02,2022-09-06,1101.5311988830604,583.0531438945137,8.826967120516152,,,,,False,training_population,46.02,7.93,RGI60-11.02746,11,3041.0,5.339,14.0,32.0,0.1
395,SCHWARZBERG,2023,-2.332,2022-09-06,2023-09-05,963.3633958180784,692.8406571903878,7.761174069280235,,,,,False,training_population,46.02,7.93,RGI60-11.02746,11,3041.0,5.339,14.0,32.0,0.1
395,SCHWARZBERG,2024,-1.138,2023-09-05,2024-08-30,909.6632314046262,1432.98855934259,6.293585867410199,,,,,False,training_population,46.02,7.93,RGI60-11.02746,11,3041.0,5.339,14.0,32.0,0.1
395,SCHWARZBERG,2025,-1.156,2024-08-30,2025-09-03,936.557343165084,1082.7615552593138,8.406065234732143,,,,,False,training_population,46.02,7.93,RGI60-11.02746,11,3041.0,5.339,14.0,32.0,0.1
408,SILVRETTA,1950,-1.352,1949-10-01,1950-10-04,986.7984349568718,502.1509061458112,8.401312253095124,,,,,False,training_population,46.849998,10.08,RGI60-11.00804,11,2781.0,2.88,12.9,292.0,0.1
408,SILVRETTA,1951,-0.268,1950-10-04,1951-09-21,915.3381676991816,843.8546032977713,6.917992770153566,,,,,False,training_population,46.849998,10.08,RGI60-11.00804,11,2781.0,2.88,12.9,292.0,0.1
408,SILVRETTA,1952,-0.973,1951-10-01,1952-08-26,842.0508455912304,721.0857359230971,8.35878916480991,,,,,False,training_population,46.849998,10.08,RGI60-11.00804,11,2781.0,2.88,12.9,292.0,0.1
408,SILVRETTA,1953,-0.265,1952-08-26,1953-09-10,907.1104159037308,897.256172227138,6.704675863875846,,,,,False,training_population,46.849998,10.08,RGI60-11.00804,11,2781.0,2.88,12.9,292.0,0.1
408,SILVRETTA,1954,-0.22,1953-09-10,1954-09-24,829.9443461100298,760.6420169784158,4.792893850630629,,,,,False,training_population,46.849998,10.08,RGI60-11.00804,11,2781.0,2.88,12.9,292.0,0.1
408,SILVRETTA,1955,0.719,1954-09-24,1955-09-26,668.4280918121369,979.258833930988,5.271994326771192,,,,,False,training_population,46.849998,10.08,RGI60-11.00804,11,2781.0,2.88,12.9,292.0,0.1
408,SILVRETTA,1956,0.171,1955-09-26,1956-09-09,639.389699935916,824.4275804428618,5.215111309549105,,,,,False,training_population,46.849998,10.08,RGI60-11.00804,11,2781.0,2.88,12.9,292.0,0.1
408,SILVRETTA,1957,0.012,1956-09-09,1957-09-27,850.1094336191849,690.5578321060445,6.0275015609852,,,,,False,training_population,46.849998,10.08,RGI60-11.00804,11,2781.0,2.88,12.9,292.0,0.1
408,SILVRETTA,1958,-0.642,1957-09-27,1958-09-09,819.3069749196402,802.9978919319731,6.544186549255837,,,,,False,training_population,46.849998,10.08,RGI60-11.00804,11,2781.0,2.88,12.9,292.0,0.1
408,SILVRETTA,1959,-1.132,1958-10-01,1959-09-26,860.3745635986365,791.6113233192839,6.301555756555111,,,,,False,training_population,46.849998,10.08,RGI60-11.00804,11,2781.0,2.88,12.9,292.0,0.1
408,SILVRETTA,1960,0.286,1959-10-01,1960-09-30,755.8013500213667,746.3629066050928,5.916504823988788,,,,,False,training_population,46.849998,10.08,RGI60-11.00804,11,2781.0,2.88,12.9,292.0,0.1
408,SILVRETTA,1961,0.203,1960-10-01,1961-09-30,833.6951107025185,912.109963754446,5.915060988716482,,,,,False,training_population,46.849998,10.08,RGI60-11.00804,11,2781.0,2.88,12.9,292.0,0.1
408,SILVRETTA,1962,-0.404,1961-10-01,1962-09-30,785.0242348988882,965.831443267568,5.510465309585371,,,,,False,training_population,46.849998,10.08,RGI60-11.00804,11,2781.0,2.88,12.9,292.0,0.1
408,SILVRETTA,1963,-1.042,1962-10-01,1963-09-30,877.8468321482381,819.3024833299312,6.486827171712706,,,,,False,training_population,46.849998,10.08,RGI60-11.00804,11,2781.0,2.88,12.9,292.0,0.1
408,SILVRETTA,1964,-1.375,1963-10-01,1964-09-30,963.0764408111612,582.0907919070279,7.462395749575872,,,,,False,training_population,46.849998,10.08,RGI60-11.00804,11,2781.0,2.88,12.9,292.0,0.1
408,SILVRETTA,1965,1.28,1964-10-01,1965-09-30,604.4162120819121,1191.3989014198094,4.726199853593045,,,,,False,training_population,46.849998,10.08,RGI60-11.00804,11,2781.0,2.88,12.9,292.0,0.1
408,SILVRETTA,1966,1.278,1965-10-01,1966-09-30,823.8084922790572,931.2264682464822,5.180206739729753,,,,,False,training_population,46.849998,10.08,RGI60-11.00804,11,2781.0,2.88,12.9,292.0,0.1
408,SILVRETTA,1967,0.376,1966-10-01,1967-09-30,799.2371691385943,1193.8730095962028,5.58831785589027,,,,,False,training_population,46.849998,10.08,RGI60-11.00804,11,2781.0,2.88,12.9,292.0,0.1
408,SILVRETTA,1968,0.631,1967-10-01,1968-09-30,769.957079188033,939.077398284116,5.268504466181239,,,,,False,training_population,46.849998,10.08,RGI60-11.00804,11,2781.0,2.88,12.9,292.0,0.1
408,SILVRETTA,1969,-0.175,1968-10-01,1969-09-30,854.5679613749223,828.6068775542751,5.526212455915391,,,,,False,training_population,46.849998,10.08,RGI60-11.00804,11,2781.0,2.88,12.9,292.0,0.1
408,SILVRETTA,1970,0.145,1969-10-01,1970-09-30,864.6323286692337,1054.719167217634,5.784116881826666,,,,,False,training_population,46.849998,10.08,RGI60-11.00804,11,2781.0,2.88,12.9,292.0,0.1
408,SILVRETTA,1971,-0.758,1970-10-01,1971-09-30,879.4406870524124,811.1036323021921,7.059762248440084,,,,,False,training_population,46.849998,10.08,RGI60-11.00804,11,2781.0,2.88,12.9,292.0,0.1
408,SILVRETTA,1972,-0.259,1971-10-01,1972-09-30,656.8147773742709,759.2431234501333,5.42171062110129,,,,,False,training_population,46.849998,10.08,RGI60-11.00804,11,2781.0,2.88,12.9,292.0,0.1
408,SILVRETTA,1973,-1.102,1972-10-01,1973-09-30,903.7040245056188,776.6722302073318,7.049724190477035,,,,,False,training_population,46.849998,10.08,RGI60-11.00804,11,2781.0,2.88,12.9,292.0,0.1
408,SILVRETTA,1974,0.763,1973-10-01,1974-09-30,651.2164394378692,1144.6321122695445,5.029446925287684,,,,,False,training_population,46.849998,10.08,RGI60-11.00804,11,2781.0,2.88,12.9,292.0,0.1
408,SILVRETTA,1975,0.322,1974-10-01,1975-09-30,707.6651139577259,1138.729007791511,4.784248758398987,,,,,False,training_population,46.849998,10.08,RGI60-11.00804,11,2781.0,2.88,12.9,292.0,0.1
408,SILVRETTA,1976,-0.218,1975-10-01,1976-09-30,686.3017365773551,693.037617579428,5.852070737921698,,,,,False,training_population,46.849998,10.08,RGI60-11.00804,11,2781.0,2.88,12.9,292.0,0.1
408,SILVRETTA,1977,0.422,1976-10-01,1977-09-30,702.4839619954461,976.0488030994628,5.307492634870023,,,,,False,training_population,46.849998,10.08,RGI60-11.00804,11,2781.0,2.88,12.9,292.0,0.1
408,SILVRETTA,1978,0.887,1977-10-01,1978-09-30,614.4628360748327,1123.3903454167412,4.336460844675725,,,,,False,training_population,46.849998,10.08,RGI60-11.00804,11,2781.0,2.88,12.9,292.0,0.1
408,SILVRETTA,1979,-0.149,1978-10-01,1979-09-30,727.1897844950392,955.6160772615171,5.4964811477108535,,,,,False,training_population,46.849998,10.08,RGI60-11.00804,11,2781.0,2.88,12.9,292.0,0.1
408,SILVRETTA,1980,0.735,1979-10-01,1980-09-30,730.5587365468375,1068.4979268637348,5.254676603234356,,,,,False,training_population,46.849998,10.08,RGI60-11.00804,11,2781.0,2.88,12.9,292.0,0.1
408,SILVRETTA,1981,0.479,1980-10-01,1981-09-30,854.5670670827268,1050.9537234061631,6.161398312665436,,,,,False,training_population,46.849998,10.08,RGI60-11.00804,11,2781.0,2.88,12.9,292.0,0.1
408,SILVRETTA,1982,-0.697,1981-10-01,1982-09-30,1012.1953965505,946.6405469207864,7.470029788086401,,,,,False,training_population,46.849998,10.08,RGI60-11.00804,11,2781.0,2.88,12.9,292.0,0.1
408,SILVRETTA,1983,-0.487,1982-10-01,1983-09-30,946.0695252736444,1021.8008806471062,7.925726654218613,,,,,False,training_population,46.849998,10.08,RGI60-11.00804,11,2781.0,2.88,12.9,292.0,0.1
408,SILVRETTA,1984,0.717,1983-10-01,1984-09-30,660.9334354400665,1009.3206610637502,5.59760635348336,,,,,False,training_population,46.849998,10.08,RGI60-11.00804,11,2781.0,2.88,12.9,292.0,0.1
408,SILVRETTA,1985,0.207,1984-10-01,1985-09-30,861.9065371195513,934.155635669164,6.138178312605728,,,,,False,training_population,46.849998,10.08,RGI60-11.00804,11,2781.0,2.88,12.9,292.0,0.1
408,SILVRETTA,1986,-0.367,1985-10-01,1986-09-30,1015.784982172652,831.6015078797604,6.628277556101503,,,,,False,training_population,46.849998,10.08,RGI60-11.00804,11,2781.0,2.88,12.9,292.0,0.1
408,SILVRETTA,1987,-0.944,1986-10-01,1987-09-30,947.0080787658728,956.8811613728344,6.391782310043579,,,,,False,training_population,46.849998,10.08,RGI60-11.00804,11,2781.0,2.88,12.9,292.0,0.1
408,SILVRETTA,1988,-0.413,1987-10-01,1988-09-30,975.74090995789,875.3477521158785,6.971017200359424,,,,,False,training_population,46.849998,10.08,RGI60-11.00804,11,2781.0,2.88,12.9,292.0,0.1
408,SILVRETTA,1989,-0.393,1988-10-01,1989-09-30,843.1555666605669,801.2326582201225,5.927410228010558,,,,,False,training_population,46.849998,10.08,RGI60-11.00804,11,2781.0,2.88,12.9,292.0,0.1
408,SILVRETTA,1990,-0.709,1989-10-01,1990-09-30,897.8580673217816,686.030863615631,7.093054369221585,,,,,False,training_population,46.849998,10.08,RGI60-11.00804,11,2781.0,2.88,12.9,292.0,0.1
408,SILVRETTA,1991,-1.238,1990-10-01,1991-09-30,1005.4849140167272,818.1860692035023,7.470462452155981,,,,,False,training_population,46.849998,10.08,RGI60-11.00804,11,2781.0,2.88,12.9,292.0,0.1
408,SILVRETTA,1992,-1.144,1991-10-01,1992-09-30,1098.0604078928668,872.0804021445972,8.542302123360034,,,,,False,training_population,46.849998,10.08,RGI60-11.00804,11,2781.0,2.88,12.9,292.0,0.1
408,SILVRETTA,1993,-0.244,1992-10-01,1993-09-30,893.3733788808224,860.6936661155053,6.968617037068263,,,,,False,training_population,46.849998,10.08,RGI60-11.00804,11,2781.0,2.88,12.9,292.0,0.1
408,SILVRETTA,1994,-0.708,1993-10-01,1994-09-30,1062.631465911869,867.2160296305408,8.477151427061685,,,,,False,training_population,46.849998,10.08,RGI60-11.00804,11,2781.0,2.88,12.9,292.0,0.1
408,SILVRETTA,1995,-0.129,1994-10-01,1995-09-30,829.9649032592811,1136.9879015095917,6.705526233064979,,,,,False,training_population,46.849998,10.08,RGI60-11.00804,11,2781.0,2.88,12.9,292.0,0.1
408,SILVRETTA,1996,-0.143,1995-10-01,1996-09-30,890.4852359771767,691.4197440086448,6.822152875817364,,,,,False,training_population,46.849998,10.08,RGI60-11.00804,11,2781.0,2.88,12.9,292.0,0.1
408,SILVRETTA,1997,-0.263,1996-10-01,1997-09-30,924.4857351938916,820.8747165632566,6.636997884943885,,,,,False,training_population,46.849998,10.08,RGI60-11.00804,11,2781.0,2.88,12.9,292.0,0.1
408,SILVRETTA,1998,-1.591,1997-10-01,1998-09-30,976.2216692606644,847.3517362220342,7.658560613272871,,,,,False,training_population,46.849998,10.08,RGI60-11.00804,11,2781.0,2.88,12.9,292.0,0.1
408,SILVRETTA,1999,-0.196,1998-10-01,1999-09-30,979.2525142669716,1080.0709852949133,7.075875508958035,,,,,False,training_population,46.849998,10.08,RGI60-11.00804,11,2781.0,2.88,12.9,292.0,0.1
408,SILVRETTA,2000,0.012,1999-10-01,2000-09-30,978.21223131816,1021.0681237500728,7.07772889206377,,,,,False,training_population,46.849998,10.08,RGI60-11.00804,11,2781.0,2.88,12.9,292.0,0.1
408,SILVRETTA,2001,0.673,2000-10-01,2001-09-30,847.6192826588986,1167.3556171587372,7.02438862980278,,,,,False,training_population,46.849998,10.08,RGI60-11.00804,11,2781.0,2.88,12.9,292.0,0.1
408,SILVRETTA,2002,-0.298,2001-10-01,2002-09-30,1047.3308729807577,724.0112232836325,7.927752320662812,,,,,False,training_population,46.849998,10.08,RGI60-11.00804,11,2781.0,2.88,12.9,292.0,0.1
408,SILVRETTA,2003,-2.529,2002-10-01,2003-09-30,1241.869382603967,784.8851011397394,10.189038282200933,,,,,False,training_population,46.849998,10.08,RGI60-11.00804,11,2781.0,2.88,12.9,292.0,0.1
408,SILVRETTA,2004,-0.12,2003-10-01,2004-09-30,850.7202190399203,938.3916703887928,6.822434562185559,,,,,False,training_population,46.849998,10.08,RGI60-11.00804,11,2781.0,2.88,12.9,292.0,0.1
408,SILVRETTA,2005,-1.05,2004-10-01,2005-09-30,1037.6968013763471,647.1768142505141,6.932875120467057,,,,,False,training_population,46.849998,10.08,RGI60-11.00804,11,2781.0,2.88,12.9,292.0,0.1
408,SILVRETTA,2006,-1.449,2005-10-01,2006-09-30,1096.7567709604946,727.0949366209294,7.339828552024977,,,,,False,training_population,46.849998,10.08,RGI60-11.00804,11,2781.0,2.88,12.9,292.0,0.1
408,SILVRETTA,2007,-0.916,2006-10-01,2007-09-30,1024.1630888621055,738.059380723545,7.3689024814661215,,,,,False,training_population,46.849998,10.08,RGI60-11.00804,11,2781.0,2.88,12.9,292.0,0.1
408,SILVRETTA,2008,-0.639,2007-09-16,2008-09-20,1029.0558241526326,813.0746374876985,7.601402550849384,,,,,False,training_population,46.849998,10.08,RGI60-11.00804,11,2781.0,2.88,12.9,292.0,0.1
408,SILVRETTA,2009,-1.097,2008-09-20,2009-09-26,1093.8713818868046,862.8980505397124,7.828197235992014,,,,,False,training_population,46.849998,10.08,RGI60-11.00804,11,2781.0,2.88,12.9,292.0,0.1
408,SILVRETTA,2010,-0.268,2009-09-26,2010-09-15,911.1099034627314,820.8976527002569,7.579232871014161,,,,,False,training_population,46.849998,10.08,RGI60-11.00804,11,2781.0,2.88,12.9,292.0,0.1
408,SILVRETTA,2011,-1.392,2010-09-11,2011-09-11,994.5914151509646,619.6492441524342,6.919391057111239,,,,,False,training_population,46.849998,10.08,RGI60-11.00804,11,2781.0,2.88,12.9,292.0,0.1
408,SILVRETTA,2012,-1.415,2011-09-11,2012-09-23,1066.9151545206746,941.2087123249186,7.743608535545482,,,,,False,training_population,46.849998,10.08,RGI60-11.00804,11,2781.0,2.88,12.9,292.0,0.1
408,SILVRETTA,2013,-0.246,2012-09-23,2013-09-22,970.6631591796912,955.4070528012026,7.611616285296476,,,,,False,training_population,46.849998,10.08,RGI60-11.00804,11,2781.0,2.88,12.9,292.0,0.1
408,SILVRETTA,2014,-0.95,2013-09-22,2014-09-20,852.8984673817997,776.9715062804892,6.296612855662497,,,,,False,training_population,46.849998,10.08,RGI60-11.00804,11,2781.0,2.88,12.9,292.0,0.1
408,SILVRETTA,2015,-1.649,2014-09-20,2015-09-25,1218.0434922536258,821.3293862403112,9.589447372547118,,,,,False,training_population,46.849998,10.08,RGI60-11.00804,11,2781.0,2.88,12.9,292.0,0.1
408,SILVRETTA,2016,-0.606,2015-09-26,2016-09-24,1055.5360829671265,781.4725959357496,7.825396584773428,,,,,False,training_population,46.849998,10.08,RGI60-11.00804,11,2781.0,2.88,12.9,292.0,0.1
408,SILVRETTA,2017,-1.513,2016-09-23,2017-09-29,1119.9257943471314,694.4529456466313,9.240481292337638,,,,,False,training_population,46.849998,10.08,RGI60-11.00804,11,2781.0,2.88,12.9,292.0,0.1
408,SILVRETTA,2018,-1.389,2017-09-30,2018-09-08,1109.3220158894892,769.1200819221713,8.875209620379039,,,,,False,training_population,46.849998,10.08,RGI60-11.00804,11,2781.0,2.88,12.9,292.0,0.1
408,SILVRETTA,2019,-1.457,2018-09-08,2019-09-20,1301.6329545338988,1056.2907437883914,9.627176089908788,,,,,False,training_population,46.849998,10.08,RGI60-11.00804,11,2781.0,2.88,12.9,292.0,0.1
408,SILVRETTA,2020,-0.915,2019-09-20,2020-09-14,1212.2573279062954,714.2876129695104,8.44048646429313,,,,,False,training_population,46.849998,10.08,RGI60-11.00804,11,2781.0,2.88,12.9,292.0,0.1
408,SILVRETTA,2021,-0.868,2020-09-14,2021-09-17,1041.7333223978717,892.9572950922555,8.333934602875663,,,,,False,training_population,46.849998,10.08,RGI60-11.00804,11,2781.0,2.88,12.9,292.0,0.1
408,SILVRETTA,2022,-3.253,2021-09-17,2022-09-11,1300.6595890045205,617.9911441255754,10.083756175939614,,,,,False,training_population,46.849998,10.08,RGI60-11.00804,11,2781.0,2.88,12.9,292.0,0.1
408,SILVRETTA,2023,-2.589,2022-09-12,2023-10-14,1520.8954073588106,742.9771386450525,9.221395954187392,,,,,False,training_population,46.849998,10.08,RGI60-11.00804,11,2781.0,2.88,12.9,292.0,0.1
408,SILVRETTA,2024,-1.375,2023-10-14,2024-09-22,1140.4857078552286,1088.833659087019,9.438159533514517,,,,,False,training_population,46.849998,10.08,RGI60-11.00804,11,2781.0,2.88,12.9,292.0,0.1
408,SILVRETTA,2025,-2.175,2024-09-22,2025-09-19,1301.0174800872846,509.68544905876456,9.69018847562267,,,,,False,training_population,46.849998,10.08,RGI60-11.00804,11,2781.0,2.88,12.9,292.0,0.1
463,BASODINO,1992,0.035,1991-07-02,1992-10-16,1103.481220626835,607.1547025093515,8.738517766759037,,,,,False,training_population,46.419998,8.48,RGI60-11.01987,11,2871.0,2.092,19.4,36.0,0.1
463,BASODINO,1993,-0.082,1992-07-01,1993-07-02,1156.128964742029,764.4166981089277,9.286995066649546,,,,,False,training_population,46.419998,8.48,RGI60-11.01987,11,2871.0,2.092,19.4,36.0,0.1
463,BASODINO,1994,0.444,1993-07-02,1994-07-02,929.4722452799514,1385.383344140731,7.669772405863685,,,,,False,training_population,46.419998,8.48,RGI60-11.01987,11,2871.0,2.092,19.4,36.0,0.1
463,BASODINO,1995,0.614,1994-07-02,1995-07-02,1111.0603462219276,1168.030024719922,8.760088692941995,,,,,False,training_population,46.419998,8.48,RGI60-11.01987,11,2871.0,2.092,19.4,36.0,0.1
463,BASODINO,1996,0.166,1995-07-02,1996-07-01,1053.5561770121296,700.7935461417105,8.602793678339,,,,,False,training_population,46.419998,8.48,RGI60-11.01987,11,2871.0,2.092,19.4,36.0,0.1
463,BASODINO,1997,-0.209,1996-07-01,1997-07-02,826.2600598653195,1096.024867050172,6.958590741529556,,,,,False,training_population,46.419998,8.48,RGI60-11.01987,11,2871.0,2.092,19.4,36.0,0.1
463,BASODINO,1998,-1.074,1997-07-02,1998-07-02,1142.555423482263,971.9300666636884,8.021075615831622,,,,,False,training_population,46.419998,8.48,RGI60-11.01987,11,2871.0,2.092,19.4,36.0,0.1
463,BASODINO,1999,-0.443,1998-07-02,1999-07-02,1031.0709354400674,1134.0321545129264,8.318089599335941,,,,,False,training_population,46.419998,8.48,RGI60-11.01987,11,2871.0,2.092,19.4,36.0,0.1
463,BASODINO,2000,-0.781,1999-10-06,2000-10-25,1104.31474329631,1120.7956314721237,7.973529496400277,,,,,False,training_population,46.419998,8.48,RGI60-11.01987,11,2871.0,2.092,19.4,36.0,0.1
463,BASODINO,2001,0.591,2000-10-25,2001-09-08,887.301040140791,1327.1815622813854,8.001112121084486,,,,,False,training_population,46.419998,8.48,RGI60-11.01987,11,2871.0,2.092,19.4,36.0,0.1
463,BASODINO,2002,-0.356,2001-09-08,2002-09-28,1127.6193548838337,875.4848799949606,8.479526939944964,,,,,False,training_population,46.419998,8.48,RGI60-11.01987,11,2871.0,2.092,19.4,36.0,0.1
463,BASODINO,2003,-2.043,2002-09-28,2003-09-22,1325.71367683411,1031.4804998962509,11.205518658955912,,,,,False,training_population,46.419998,8.48,RGI60-11.01987,11,2871.0,2.092,19.4,36.0,0.1
463,BASODINO,2004,-0.49,2003-09-22,2004-10-03,1072.1679580688517,1053.4195144819591,8.043676388782028,,,,,False,training_population,46.419998,8.48,RGI60-11.01987,11,2871.0,2.092,19.4,36.0,0.1
463,BASODINO,2005,-1.172,2004-10-03,2005-09-16,1071.1387451171918,712.0206438035837,8.263647630940339,,,,,False,training_population,46.419998,8.48,RGI60-11.01987,11,2871.0,2.092,19.4,36.0,0.1
463,BASODINO,2006,-2.501,2005-09-16,2006-11-14,1377.7167087554983,742.8001536148514,8.381295306440732,,,,,False,training_population,46.419998,8.48,RGI60-11.01987,11,2871.0,2.092,19.4,36.0,0.1
463,BASODINO,2007,-0.902,2006-11-14,2007-10-07,1055.300655746464,795.9814032185263,8.008123672872372,,,,,False,training_population,46.419998,8.48,RGI60-11.01987,11,2871.0,2.092,19.4,36.0,0.1
463,BASODINO,2008,-1.168,2007-10-07,2008-09-11,985.8180642445916,860.8587658140614,8.454200791621577,,,,,False,training_population,46.419998,8.48,RGI60-11.01987,11,2871.0,2.092,19.4,36.0,0.1
463,BASODINO,2009,0.13,2008-09-11,2009-09-10,1122.3270005544066,1234.1950264426805,8.55413611591728,,,,,False,training_population,46.419998,8.48,RGI60-11.01987,11,2871.0,2.092,19.4,36.0,0.1
463,BASODINO,2010,-0.584,2009-09-10,2010-09-20,1160.4962163289424,948.1594169276342,8.444305370164974,,,,,False,training_population,46.419998,8.48,RGI60-11.01987,11,2871.0,2.092,19.4,36.0,0.1
463,BASODINO,2011,-0.988,2010-09-11,2011-09-06,1087.456267166142,655.4179049275106,8.193093927355804,,,,,False,training_population,46.419998,8.48,RGI60-11.01987,11,2871.0,2.092,19.4,36.0,0.1
463,BASODINO,2012,-1.369,2011-09-06,2012-09-07,1207.766442743941,1004.2843403998382,8.975088346177275,,,,,False,training_population,46.419998,8.48,RGI60-11.01987,11,2871.0,2.092,19.4,36.0,0.1
463,BASODINO,2013,0.082,2012-09-07,2013-09-13,1095.4731318155964,1252.573886629687,8.207977528503,,,,,False,training_population,46.419998,8.48,RGI60-11.01987,11,2871.0,2.092,19.4,36.0,0.1
463,BASODINO,2014,-0.25,2013-09-13,2014-09-26,1011.6468574523972,1032.950192956882,6.972455140818741,,,,,False,training_population,46.419998,8.48,RGI60-11.01987,11,2871.0,2.092,19.4,36.0,0.1
463,BASODINO,2015,-1.345,2014-09-26,2015-09-26,1281.970965449019,1147.1593956649283,10.424345505755902,,,,,False,training_population,46.419998,8.48,RGI60-11.01987,11,2871.0,2.092,19.4,36.0,0.1
463,BASODINO,2016,-0.979,2015-09-26,2016-10-04,1207.2223528544157,878.0580065797175,8.786205822488562,,,,,False,training_population,46.419998,8.48,RGI60-11.01987,11,2871.0,2.092,19.4,36.0,0.1
463,BASODINO,2017,-0.963,2016-10-04,2017-09-08,1108.9952079772986,873.6718072624185,10.093714740310912,,,,,False,training_population,46.419998,8.48,RGI60-11.01987,11,2871.0,2.092,19.4,36.0,0.1
463,BASODINO,2018,-1.44,2017-09-08,2018-10-26,1614.8500372568817,1057.786521339068,10.181737020741364,,,,,False,training_population,46.419998,8.48,RGI60-11.01987,11,2871.0,2.092,19.4,36.0,0.1
463,BASODINO,2019,-0.331,2018-10-26,2019-09-17,1092.8673573811882,1289.6291091383496,10.148482666844927,,,,,False,training_population,46.419998,8.48,RGI60-11.01987,11,2871.0,2.092,19.4,36.0,0.1
463,BASODINO,2020,-0.539,2019-09-17,2020-09-21,1341.7052598317512,912.8039659825262,8.980434416342497,,,,,False,training_population,46.419998,8.48,RGI60-11.01987,11,2871.0,2.092,19.4,36.0,0.1
463,BASODINO,2021,-0.439,2020-09-21,2021-09-10,969.8120722452834,1067.4473184373492,8.694991165658728,,,,,False,training_population,46.419998,8.48,RGI60-11.01987,11,2871.0,2.092,19.4,36.0,0.1
463,BASODINO,2022,-3.778,2021-09-10,2022-09-16,1492.9235347747845,577.9114470880487,11.242098178034269,,,,,False,training_population,46.419998,8.48,RGI60-11.01987,11,2871.0,2.092,19.4,36.0,0.1
463,BASODINO,2023,-2.639,2022-09-16,2023-10-05,1460.7125406901089,675.0237241086907,9.762386811297894,,,,,False,training_population,46.419998,8.48,RGI60-11.01987,11,2871.0,2.092,19.4,36.0,0.1
463,BASODINO,2024,-0.643,2023-10-05,2024-09-03,1070.906697972619,1401.7501839884862,9.495378665647666,,,,,False,training_population,46.419998,8.48,RGI60-11.01987,11,2871.0,2.092,19.4,36.0,0.1
463,BASODINO,2025,-1.52,2024-09-03,2025-09-06,1272.157216517135,772.3479292807127,10.315770521025753,,,,,False,training_population,46.419998,8.48,RGI60-11.01987,11,2871.0,2.092,19.4,36.0,0.1
480,JAMTAL F.,1989,-0.441,1988-10-01,1989-09-30,664.703854497277,528.4146841871689,5.300104160585289,,,,,False,training_population,46.858051,10.15564,RGI60-11.00781,11,2813.0,3.821,18.0,15.0,0.1
480,JAMTAL F.,1990,-0.426,1989-10-01,1990-09-30,791.4397377014196,697.881214069671,6.4494987971540985,,,,,False,training_population,46.858051,10.15564,RGI60-11.00781,11,2813.0,3.821,18.0,15.0,0.1
480,JAMTAL F.,1991,-1.439,1990-10-01,1991-09-30,905.6863965352408,776.4586468192398,6.793902782771922,,,,,False,training_population,46.858051,10.15564,RGI60-11.00781,11,2813.0,3.821,18.0,15.0,0.1
480,JAMTAL F.,1992,-1.23,1991-10-01,1992-09-30,985.865997060144,838.0495281505134,7.870491696786209,,,,,False,training_population,46.858051,10.15564,RGI60-11.00781,11,2813.0,3.821,18.0,15.0,0.1
480,JAMTAL F.,1993,-0.37,1992-10-01,1993-09-30,782.365045928959,857.43960057221,6.302082170956401,,,,,False,training_population,46.858051,10.15564,RGI60-11.00781,11,2813.0,3.821,18.0,15.0,0.1
480,JAMTAL F.,1994,-0.83,1993-10-01,1994-09-30,958.6448299407996,891.8596555020174,7.810412225861503,,,,,False,training_population,46.858051,10.15564,RGI60-11.00781,11,2813.0,3.821,18.0,15.0,0.1
480,JAMTAL F.,1995,-0.15,1994-10-01,1995-09-30,732.8269271850621,1103.3415325288656,6.075177253502028,,,,,False,training_population,46.858051,10.15564,RGI60-11.00781,11,2813.0,3.821,18.0,15.0,0.1
480,JAMTAL F.,1996,-0.552,1995-10-01,1996-09-30,790.177067057295,706.2019971554782,6.179765817393448,,,,,False,training_population,46.858051,10.15564,RGI60-11.00781,11,2813.0,3.821,18.0,15.0,0.1
480,JAMTAL F.,1997,-0.217,1996-10-01,1997-09-30,824.1125231425004,820.133989152378,5.945453642416718,,,,,False,training_population,46.858051,10.15564,RGI60-11.00781,11,2813.0,3.821,18.0,15.0,0.1
480,JAMTAL F.,1998,-1.319,1997-10-01,1998-09-30,875.2084705352822,820.3668439795848,7.0271112317624524,,,,,False,training_population,46.858051,10.15564,RGI60-11.00781,11,2813.0,3.821,18.0,15.0,0.1
480,JAMTAL F.,1999,-0.257,1998-10-01,1999-09-30,870.9012891133667,1086.7754503796227,6.436684392846174,,,,,False,training_population,46.858051,10.15564,RGI60-11.00781,11,2813.0,3.821,18.0,15.0,0.1
480,JAMTAL F.,2000,-0.08,1999-10-01,2000-09-30,877.6690321604447,992.3156769577126,6.491857734624912,,,,,False,training_population,46.858051,10.15564,RGI60-11.00781,11,2813.0,3.821,18.0,15.0,0.1
480,JAMTAL F.,2001,-0.062,2000-10-01,2001-09-30,759.2979808807413,1169.0574898022242,6.476949275749342,,,,,False,training_population,46.858051,10.15564,RGI60-11.00781,11,2813.0,3.821,18.0,15.0,0.1
480,JAMTAL F.,2002,-0.671,2001-10-01,2002-09-30,948.9061667124467,729.8932097946356,7.33825443654823,,,,,False,training_population,46.858051,10.15564,RGI60-11.00781,11,2813.0,3.821,18.0,15.0,0.1
480,JAMTAL F.,2003,-2.229,2002-10-01,2003-09-30,1141.0205668131548,796.1340156496454,9.565961331906548,,,,,False,training_population,46.858051,10.15564,RGI60-11.00781,11,2813.0,3.821,18.0,15.0,0.1
480,JAMTAL F.,2004,-0.228,2003-10-01,2004-09-30,765.4924944559766,930.985901214754,6.221293116306937,,,,,False,training_population,46.858051,10.15564,RGI60-11.00781,11,2813.0,3.821,18.0,15.0,0.1
480,JAMTAL F.,2005,-0.975,2004-10-01,2005-09-30,930.0860502878865,672.071251332273,6.323947711612889,,,,,False,training_population,46.858051,10.15564,RGI60-11.00781,11,2813.0,3.821,18.0,15.0,0.1
480,JAMTAL F.,2006,-1.29,2005-10-01,2006-09-30,990.625128173832,724.0311923141505,6.711741411513201,,,,,False,training_population,46.858051,10.15564,RGI60-11.00781,11,2813.0,3.821,18.0,15.0,0.1
480,JAMTAL F.,2007,-1.439,2006-10-01,2007-09-30,907.9536542256712,740.9207119923203,6.786466099559419,,,,,False,training_population,46.858051,10.15564,RGI60-11.00781,11,2813.0,3.821,18.0,15.0,0.1
480,JAMTAL F.,2008,-0.981,2007-10-01,2008-09-30,906.7551738739048,779.3497002884458,7.050918515523298,,,,,False,training_population,46.858051,10.15564,RGI60-11.00781,11,2813.0,3.821,18.0,15.0,0.1
480,JAMTAL F.,2009,-0.953,2008-10-03,2009-09-30,994.7702247619666,836.9508021260046,7.2210654991260705,,,,,False,training_population,46.858051,10.15564,RGI60-11.00781,11,2813.0,3.821,18.0,15.0,0.1
480,JAMTAL F.,2010,-1.014,2009-10-01,2010-09-30,840.7083484649692,845.9176239601902,6.987951698856101,,,,,False,training_population,46.858051,10.15564,RGI60-11.00781,11,2813.0,3.821,18.0,15.0,0.1
480,JAMTAL F.,2011,-1.434,2010-10-01,2011-09-30,915.710624694828,574.3152298799714,6.251279007179173,,,,,False,training_population,46.858051,10.15564,RGI60-11.00781,11,2813.0,3.821,18.0,15.0,0.1
480,JAMTAL F.,2012,-1.149,2011-10-01,2012-09-30,880.2026521046994,920.391339159238,7.074161673283256,,,,,False,training_population,46.858051,10.15564,RGI60-11.00781,11,2813.0,3.821,18.0,15.0,0.1
480,JAMTAL F.,2013,-0.532,2012-10-01,2013-09-30,882.0669428507524,985.912823245748,7.018204190074556,,,,,False,training_population,46.858051,10.15564,RGI60-11.00781,11,2813.0,3.821,18.0,15.0,0.1
480,JAMTAL F.,2014,-0.572,2013-10-01,2014-09-30,730.4395882924434,815.605098629213,5.625892216226353,,,,,False,training_population,46.858051,10.15564,RGI60-11.00781,11,2813.0,3.821,18.0,15.0,0.1
480,JAMTAL F.,2015,-2.016,2014-10-01,2015-09-30,1085.7921497345012,822.8851636677739,8.98722410063815,,,,,False,training_population,46.858051,10.15564,RGI60-11.00781,11,2813.0,3.821,18.0,15.0,0.1
480,JAMTAL F.,2016,-0.8,2015-10-01,2016-09-30,973.982718785608,749.7304955540508,7.240616099039737,,,,,False,training_population,46.858051,10.15564,RGI60-11.00781,11,2813.0,3.821,18.0,15.0,0.1
480,JAMTAL F.,2017,-1.825,2016-10-01,2017-09-30,984.2182858785026,720.1078259560205,8.644533142145152,,,,,False,training_population,46.858051,10.15564,RGI60-11.00781,11,2813.0,3.821,18.0,15.0,0.1
480,JAMTAL F.,2018,-2.276,2017-10-01,2018-09-30,1160.0158444722535,750.247746368057,8.25710570846781,,,,,False,training_population,46.858051,10.15564,RGI60-11.00781,11,2813.0,3.821,18.0,15.0,0.1
480,JAMTAL F.,2019,-1.237,2018-10-01,2019-09-30,1083.8629299163858,1043.1837415550974,8.999348127669206,,,,,False,training_population,46.858051,10.15564,RGI60-11.00781,11,2813.0,3.821,18.0,15.0,0.1
480,JAMTAL F.,2020,-1.675,2019-10-01,2020-09-30,1121.53979860942,768.4847148472364,7.893594657510975,,,,,False,training_population,46.858051,10.15564,RGI60-11.00781,11,2813.0,3.821,18.0,15.0,0.1
480,JAMTAL F.,2021,-1.0,2020-10-01,2021-09-30,934.7171853383418,844.7004461679306,7.757846761786442,,,,,False,training_population,46.858051,10.15564,RGI60-11.00781,11,2813.0,3.821,18.0,15.0,0.1
480,JAMTAL F.,2022,-3.63,2021-10-01,2022-09-30,1171.167115529382,678.9130722895003,9.511678963813251,,,,,False,training_population,46.858051,10.15564,RGI60-11.00781,11,2813.0,3.821,18.0,15.0,0.1
480,JAMTAL F.,2023,-2.212,2022-10-01,2023-09-30,1267.4532578786257,672.0679924832389,8.651031264705958,,,,,False,training_population,46.858051,10.15564,RGI60-11.00781,11,2813.0,3.821,18.0,15.0,0.1
480,JAMTAL F.,2024,-2.022,2023-10-01,2024-09-30,1142.3146100362187,1100.011887560427,8.710086192255458,,,,,False,training_population,46.858051,10.15564,RGI60-11.00781,11,2813.0,3.821,18.0,15.0,0.1
480,JAMTAL F.,2025,-2.327,2024-10-01,2025-09-30,1209.0183663686164,491.5690914326376,9.136684526913433,,,,,False,training_population,46.858051,10.15564,RGI60-11.00781,11,2813.0,3.821,18.0,15.0,0.1
489,VERNAGT F.,1965,0.751,1964-10-01,1965-09-30,350.8453767140732,761.7794410855901,2.965051649618864,,,,,False,training_population,46.88,10.82,RGI60-11.00719,11,3142.0,8.559,14.7,165.0,0.1
489,VERNAGT F.,1966,0.633,1965-10-01,1966-09-30,533.2104969024695,820.5252036992192,3.547193442911365,,,,,False,training_population,46.88,10.82,RGI60-11.00719,11,3142.0,8.559,14.7,165.0,0.1
489,VERNAGT F.,1967,0.083,1966-10-01,1967-09-30,548.125708134972,1069.267603630003,3.917376959151137,,,,,False,training_population,46.88,10.82,RGI60-11.00719,11,3142.0,8.559,14.7,165.0,0.1
489,VERNAGT F.,1968,0.301,1967-10-01,1968-09-30,478.0832799275748,876.7734558000626,3.301573136923992,,,,,False,training_population,46.88,10.82,RGI60-11.00719,11,3142.0,8.559,14.7,165.0,0.1
489,VERNAGT F.,1969,-0.307,1968-10-01,1969-09-30,580.7378800710075,774.4074878590866,3.698519124846552,,,,,False,training_population,46.88,10.82,RGI60-11.00719,11,3142.0,8.559,14.7,165.0,0.1
489,VERNAGT F.,1970,-0.224,1969-10-01,1970-09-30,588.0269594828321,842.2154077385642,4.077387269337995,,,,,False,training_population,46.88,10.82,RGI60-11.00719,11,3142.0,8.559,14.7,165.0,0.1
489,VERNAGT F.,1971,-0.424,1970-10-01,1971-09-30,589.726258214318,760.0650196774623,5.025847046617171,,,,,False,training_population,46.88,10.82,RGI60-11.00719,11,3142.0,8.559,14.7,165.0,0.1
489,VERNAGT F.,1972,0.137,1971-10-01,1972-09-30,400.7312441508001,828.7993839383745,3.421060464002108,,,,,False,training_population,46.88,10.82,RGI60-11.00719,11,3142.0,8.559,14.7,165.0,0.1
489,VERNAGT F.,1973,-0.46,1972-10-01,1973-09-30,608.9552731831898,693.5176430633554,5.041660473312176,,,,,False,training_population,46.88,10.82,RGI60-11.00719,11,3142.0,8.559,14.7,165.0,0.1
489,VERNAGT F.,1974,0.23,1973-10-01,1974-09-30,422.3792657216416,1002.1716524424988,3.142555684628716,,,,,False,training_population,46.88,10.82,RGI60-11.00719,11,3142.0,8.559,14.7,165.0,0.1
489,VERNAGT F.,1975,0.171,1974-10-01,1975-09-30,474.4636009216333,957.280209827534,3.0746460707291514,,,,,False,training_population,46.88,10.82,RGI60-11.00719,11,3142.0,8.559,14.7,165.0,0.1
489,VERNAGT F.,1976,0.05,1975-10-01,1976-09-30,409.4455680847197,712.2688779690236,3.676586702595611,,,,,False,training_population,46.88,10.82,RGI60-11.00719,11,3142.0,8.559,14.7,165.0,0.1
489,VERNAGT F.,1977,0.352,1976-10-01,1977-09-30,427.3929044087756,1043.4122993199253,3.213693983658524,,,,,False,training_population,46.88,10.82,RGI60-11.00719,11,3142.0,8.559,14.7,165.0,0.1
489,VERNAGT F.,1978,0.288,1977-10-01,1978-09-30,360.6529212951685,1043.8868028426853,2.30308345988179,,,,,False,training_population,46.88,10.82,RGI60-11.00719,11,3142.0,8.559,14.7,165.0,0.1
489,VERNAGT F.,1979,0.044,1978-10-01,1979-09-30,497.0607925415069,961.271771290015,3.588491203473985,,,,,False,training_population,46.88,10.82,RGI60-11.00719,11,3142.0,8.559,14.7,165.0,0.1
489,VERNAGT F.,1980,0.14,1979-10-01,1980-09-30,480.3620695749945,1006.0482341684392,3.4032105210898784,,,,,False,training_population,46.88,10.82,RGI60-11.00719,11,3142.0,8.559,14.7,165.0,0.1
489,VERNAGT F.,1981,-0.055,1980-10-01,1981-09-30,557.2493668874134,944.7043987050988,4.191979579649131,,,,,False,training_population,46.88,10.82,RGI60-11.00719,11,3142.0,8.559,14.7,165.0,0.1
489,VERNAGT F.,1982,-0.845,1981-10-01,1982-09-30,721.5277310689321,756.5359277453147,5.5071099723594985,,,,,False,training_population,46.88,10.82,RGI60-11.00719,11,3142.0,8.559,14.7,165.0,0.1
489,VERNAGT F.,1983,-0.537,1982-10-01,1983-09-30,675.5580908457467,913.2512245876504,5.840409236023415,,,,,False,training_population,46.88,10.82,RGI60-11.00719,11,3142.0,8.559,14.7,165.0,0.1
489,VERNAGT F.,1984,0.02,1983-10-01,1984-09-30,443.13296229044806,897.8400553326544,3.7391813789589032,,,,,False,training_population,46.88,10.82,RGI60-11.00719,11,3142.0,8.559,14.7,165.0,0.1
489,VERNAGT F.,1985,-0.112,1984-10-01,1985-09-30,577.0567958831816,913.4811518807844,4.328101142938608,,,,,False,training_population,46.88,10.82,RGI60-11.00719,11,3142.0,8.559,14.7,165.0,0.1
489,VERNAGT F.,1986,-0.808,1985-10-01,1986-09-30,689.7609018961623,792.5791109779111,4.655550540702953,,,,,False,training_population,46.88,10.82,RGI60-11.00719,11,3142.0,8.559,14.7,165.0,0.1
489,VERNAGT F.,1987,-0.29,1986-10-01,1987-09-30,672.4734491984079,816.2727159038247,4.516249800419485,,,,,False,training_population,46.88,10.82,RGI60-11.00719,11,3142.0,8.559,14.7,165.0,0.1
489,VERNAGT F.,1988,-0.497,1987-10-01,1988-09-30,629.4224075317419,798.4801062962887,5.037045740044657,,,,,False,training_population,46.88,10.82,RGI60-11.00719,11,3142.0,8.559,14.7,165.0,0.1
489,VERNAGT F.,1989,-0.312,1988-10-01,1989-09-30,533.0437711079946,834.028807310954,3.8693799474965216,,,,,False,training_population,46.88,10.82,RGI60-11.00719,11,3142.0,8.559,14.7,165.0,0.1
489,VERNAGT F.,1990,-0.568,1989-10-01,1990-09-30,593.2833093007437,678.470777426444,5.198561155623306,,,,,False,training_population,46.88,10.82,RGI60-11.00719,11,3142.0,8.559,14.7,165.0,0.1
489,VERNAGT F.,1991,-1.079,1990-10-01,1991-09-30,690.5478379567496,741.4742870396474,5.1725392396899466,,,,,False,training_population,46.88,10.82,RGI60-11.00719,11,3142.0,8.559,14.7,165.0,0.1
489,VERNAGT F.,1992,-0.858,1991-10-01,1992-09-30,745.160368347171,742.2670750285931,6.370144946333312,,,,,False,training_population,46.88,10.82,RGI60-11.00719,11,3142.0,8.559,14.7,165.0,0.1
489,VERNAGT F.,1993,-0.472,1992-10-01,1993-09-30,569.603682708743,789.5986681852456,4.943216681825964,,,,,False,training_population,46.88,10.82,RGI60-11.00719,11,3142.0,8.559,14.7,165.0,0.1
489,VERNAGT F.,1994,-1.028,1993-10-01,1994-09-30,758.025879796349,793.2807884183113,6.430846088520016,,,,,False,training_population,46.88,10.82,RGI60-11.00719,11,3142.0,8.559,14.7,165.0,0.1
489,VERNAGT F.,1995,-0.398,1994-10-01,1995-09-30,545.6779106140161,951.3756781518376,4.722831911280557,,,,,False,training_population,46.88,10.82,RGI60-11.00719,11,3142.0,8.559,14.7,165.0,0.1
489,VERNAGT F.,1996,-0.413,1995-10-01,1996-09-30,584.4981329600047,645.3421904374359,4.77433315774671,,,,,False,training_population,46.88,10.82,RGI60-11.00719,11,3142.0,8.559,14.7,165.0,0.1
489,VERNAGT F.,1997,-0.487,1996-10-01,1997-09-30,630.357161585493,734.9557501997914,4.530650759434376,,,,,False,training_population,46.88,10.82,RGI60-11.00719,11,3142.0,8.559,14.7,165.0,0.1
489,VERNAGT F.,1998,-1.003,1997-10-01,1998-09-30,686.864125442508,764.6824160196352,5.765003272070423,,,,,False,training_population,46.88,10.82,RGI60-11.00719,11,3142.0,8.559,14.7,165.0,0.1
489,VERNAGT F.,1999,-0.108,1998-10-01,1999-09-30,647.9491925557486,943.6455631640256,5.056071812173615,,,,,False,training_population,46.88,10.82,RGI60-11.00719,11,3142.0,8.559,14.7,165.0,0.1
489,VERNAGT F.,2000,-0.287,1999-10-01,2000-09-30,657.6359767913856,852.0598180075644,5.156888836017577,,,,,False,training_population,46.88,10.82,RGI60-11.00719,11,3142.0,8.559,14.7,165.0,0.1
489,VERNAGT F.,2001,-0.224,2000-10-01,2001-09-30,567.4097301483187,1168.6030649192994,5.097546783392006,,,,,False,training_population,46.88,10.82,RGI60-11.00719,11,3142.0,8.559,14.7,165.0,0.1
489,VERNAGT F.,2002,-0.266,2001-10-01,2002-09-30,710.9724322001174,679.3503999247043,5.867446932585365,,,,,False,training_population,46.88,10.82,RGI60-11.00719,11,3142.0,8.559,14.7,165.0,0.1
489,VERNAGT F.,2003,-2.133,2002-10-01,2003-09-30,918.514961242679,739.1699568283271,8.037945310620318,,,,,False,training_population,46.88,10.82,RGI60-11.00719,11,3142.0,8.559,14.7,165.0,0.1
489,VERNAGT F.,2004,-0.407,2003-10-01,2004-09-30,590.6827523549429,866.5325862724842,4.885431689110381,,,,,False,training_population,46.88,10.82,RGI60-11.00719,11,3142.0,8.559,14.7,165.0,0.1
489,VERNAGT F.,2005,-0.523,2004-10-01,2005-09-30,672.2312175750769,664.7133192370092,4.823237403924937,,,,,False,training_population,46.88,10.82,RGI60-11.00719,11,3142.0,8.559,14.7,165.0,0.1
489,VERNAGT F.,2006,-0.882,2005-10-01,2006-09-30,734.0254885355669,690.972753318654,5.105963062894542,,,,,False,training_population,46.88,10.82,RGI60-11.00719,11,3142.0,8.559,14.7,165.0,0.1
489,VERNAGT F.,2007,-0.966,2006-10-01,2007-09-30,649.0314942677851,708.2021990730389,5.44840298390045,,,,,False,training_population,46.88,10.82,RGI60-11.00719,11,3142.0,8.559,14.7,165.0,0.1
489,VERNAGT F.,2008,-0.843,2007-10-01,2008-09-30,671.0634015401233,703.0858839113172,5.605797082099384,,,,,False,training_population,46.88,10.82,RGI60-11.00719,11,3142.0,8.559,14.7,165.0,0.1
489,VERNAGT F.,2009,-0.959,2008-10-01,2009-09-30,717.1056321462031,832.6803841282667,5.642810467706232,,,,,False,training_population,46.88,10.82,RGI60-11.00719,11,3142.0,8.559,14.7,165.0,0.1
489,VERNAGT F.,2010,-0.68,2009-10-01,2010-09-30,645.1210688273138,854.0562134780281,5.601830031906369,,,,,False,training_population,46.88,10.82,RGI60-11.00719,11,3142.0,8.559,14.7,165.0,0.1
489,VERNAGT F.,2011,-0.955,2010-10-01,2011-09-30,669.0718006134068,580.4962795678143,4.813168655616673,,,,,False,training_population,46.88,10.82,RGI60-11.00719,11,3142.0,8.559,14.7,165.0,0.1
489,VERNAGT F.,2012,-1.155,2011-10-01,2012-09-30,667.8903803507517,827.5043089144453,5.657161524675918,,,,,False,training_population,46.88,10.82,RGI60-11.00719,11,3142.0,8.559,14.7,165.0,0.1
489,VERNAGT F.,2013,-0.425,2012-10-01,2013-09-30,665.5871590932244,994.1909049903863,5.541170215606712,,,,,True,training_population,46.88,10.82,RGI60-11.00719,11,3142.0,8.559,14.7,165.0,0.1
489,VERNAGT F.,2014,-0.144,2013-09-24,2014-09-24,519.4916777292922,800.211353939595,4.131974502231788,,,,,False,training_population,46.88,10.82,RGI60-11.00719,11,3142.0,8.559,14.7,165.0,0.1
489,VERNAGT F.,2015,-1.268,2014-10-01,2015-09-30,849.3496594746944,759.4540670390586,7.467480554442497,,,,,True,training_population,46.88,10.82,RGI60-11.00719,11,3142.0,8.559,14.7,165.0,0.1
489,VERNAGT F.,2016,-0.781,2015-10-01,2016-09-30,729.696449788415,714.8712280958733,5.810649960282944,,,,,False,training_population,46.88,10.82,RGI60-11.00719,11,3142.0,8.559,14.7,165.0,0.1
489,VERNAGT F.,2017,-1.335,2016-10-01,2017-09-30,758.4219651540151,702.6619905070922,7.099832409015624,,,,,False,training_population,46.88,10.82,RGI60-11.00719,11,3142.0,8.559,14.7,165.0,0.1
489,VERNAGT F.,2018,-1.419,2017-10-01,2018-09-30,894.7248649597211,675.7912539032809,6.736804000191091,,,,,False,training_population,46.88,10.82,RGI60-11.00719,11,3142.0,8.559,14.7,165.0,0.1
489,VERNAGT F.,2019,-0.929,2018-10-01,2019-09-30,830.4667575836214,977.06312946994,7.201968039637047,,,,,False,training_population,46.88,10.82,RGI60-11.00719,11,3142.0,8.559,14.7,165.0,0.1
489,VERNAGT F.,2020,-0.824,2019-10-01,2020-09-30,883.4137677510618,811.0905505748036,6.681929158473383,,,,,False,training_population,46.88,10.82,RGI60-11.00719,11,3142.0,8.559,14.7,165.0,0.1
489,VERNAGT F.,2021,-0.593,2020-10-01,2021-09-30,759.656962076826,782.6764068366535,6.498917053056822,,,,,False,training_population,46.88,10.82,RGI60-11.00719,11,3142.0,8.559,14.7,165.0,0.1
489,VERNAGT F.,2022,-3.249,2021-10-01,2022-09-30,964.7108654022254,610.4733178148614,8.122641762443234,,,,,False,training_population,46.88,10.82,RGI60-11.00719,11,3142.0,8.559,14.7,165.0,0.1
489,VERNAGT F.,2023,-1.983,2022-10-01,2023-09-30,993.5781667073608,617.6777907888286,7.106242959395724,,,,,False,training_population,46.88,10.82,RGI60-11.00719,11,3142.0,8.559,14.7,165.0,0.1
489,VERNAGT F.,2024,-1.986,2023-10-01,2024-09-30,673.8585931142206,1132.325751668894,5.380752873075204,,,,,False,training_population,46.88,10.82,RGI60-11.00719,11,3142.0,8.559,14.7,165.0,0.1
489,VERNAGT F.,2025,-1.352,2024-10-01,2025-09-30,913.7094666798952,603.3854918759615,7.575758172463702,,,,,False,training_population,46.88,10.82,RGI60-11.00719,11,3142.0,8.559,14.7,165.0,0.1
491,HINTEREIS F.,1953,-0.54,1952-10-01,1953-09-30,525.2152470906605,296.0533078930929,3.84530323000924,,,,,True,training_population,46.799999,10.77,RGI60-11.00897,11,3051.0,8.036,16.2,71.0,0.1
491,HINTEREIS F.,1954,-0.286,1953-10-01,1954-09-30,359.54406598409287,764.9704532301874,2.3621032949807224,,,,,True,training_population,46.799999,10.77,RGI60-11.00897,11,3051.0,8.036,16.2,71.0,0.1
491,HINTEREIS F.,1955,0.076,1954-10-01,1955-09-30,340.1142510732039,728.0225028598793,2.7022992548735485,,,,,True,training_population,46.799999,10.77,RGI60-11.00897,11,3051.0,8.036,16.2,71.0,0.1
491,HINTEREIS F.,1956,-0.275,1955-10-01,1956-09-30,407.42840766906994,689.5376044484963,2.652448549132438,,,,,True,training_population,46.799999,10.77,RGI60-11.00897,11,3051.0,8.036,16.2,71.0,0.1
491,HINTEREIS F.,1957,-0.189,1956-10-01,1957-09-30,354.4890402476016,699.8518041101497,3.0812929941260547,,,,,True,training_population,46.799999,10.77,RGI60-11.00897,11,3051.0,8.036,16.2,71.0,0.1
491,HINTEREIS F.,1958,-0.981,1957-10-01,1958-09-30,521.9645367940298,705.5839353567101,3.852995249153932,,,,,True,training_population,46.799999,10.77,RGI60-11.00897,11,3051.0,8.036,16.2,71.0,0.1
491,HINTEREIS F.,1959,-0.763,1958-10-01,1959-09-30,483.238569641116,696.806826032244,3.5637734026148933,,,,,True,training_population,46.799999,10.77,RGI60-11.00897,11,3051.0,8.036,16.2,71.0,0.1
491,HINTEREIS F.,1960,-0.062,1959-10-01,1960-09-30,345.7750429789253,802.3974935864472,3.0936359239661413,,,,,True,training_population,46.799999,10.77,RGI60-11.00897,11,3051.0,8.036,16.2,71.0,0.1
491,HINTEREIS F.,1961,-0.205,1960-10-01,1961-09-30,478.9272301991807,809.0710844489166,3.3372234731480925,,,,,True,training_population,46.799999,10.77,RGI60-11.00897,11,3051.0,8.036,16.2,71.0,0.1
491,HINTEREIS F.,1962,-0.696,1961-10-01,1962-09-30,460.05058530171937,865.4994128671306,2.908260613593524,,,,,True,training_population,46.799999,10.77,RGI60-11.00897,11,3051.0,8.036,16.2,71.0,0.1
491,HINTEREIS F.,1963,-0.603,1962-10-01,1963-09-30,465.61933224996193,755.8461977040558,3.8318766013435934,,,,,True,training_population,46.799999,10.77,RGI60-11.00897,11,3051.0,8.036,16.2,71.0,0.1
491,HINTEREIS F.,1964,-1.244,1963-10-01,1964-09-30,525.0604028066027,589.4401118727934,4.499273367895617,,,,,True,training_population,46.799999,10.77,RGI60-11.00897,11,3051.0,8.036,16.2,71.0,0.1
491,HINTEREIS F.,1965,0.925,1964-10-01,1965-09-30,287.87861582438364,1041.463410331712,2.300512367746125,,,,,True,training_population,46.799999,10.77,RGI60-11.00897,11,3051.0,8.036,16.2,71.0,0.1
491,HINTEREIS F.,1966,0.344,1965-10-01,1966-09-30,409.9980295817088,771.4354389756259,2.761653290624225,,,,,True,training_population,46.799999,10.77,RGI60-11.00897,11,3051.0,8.036,16.2,71.0,0.1
491,HINTEREIS F.,1967,0.02,1966-10-01,1967-09-30,444.457610829674,1005.3693410066736,3.225015376270703,,,,,True,training_population,46.799999,10.77,RGI60-11.00897,11,3051.0,8.036,16.2,71.0,0.1
491,HINTEREIS F.,1968,0.338,1967-10-01,1968-09-30,352.03351414998656,830.7414137080151,2.440781059818016,,,,,True,training_population,46.799999,10.77,RGI60-11.00897,11,3051.0,8.036,16.2,71.0,0.1
491,HINTEREIS F.,1969,-0.431,1968-10-01,1969-09-30,463.2781626383492,710.2986758312397,2.865356513037221,,,,,True,training_population,46.799999,10.77,RGI60-11.00897,11,3051.0,8.036,16.2,71.0,0.1
491,HINTEREIS F.,1970,-0.552,1969-10-01,1970-09-30,476.3826265970898,774.0896712319802,3.345874729709373,,,,,True,training_population,46.799999,10.77,RGI60-11.00897,11,3051.0,8.036,16.2,71.0,0.1
491,HINTEREIS F.,1971,-0.6,1970-10-01,1971-09-30,481.2731005350772,712.7630770212505,4.097961410577766,,,,,False,training_population,46.799999,10.77,RGI60-11.00897,11,3051.0,8.036,16.2,71.0,0.1
491,HINTEREIS F.,1972,-0.074,1971-10-01,1972-09-30,309.6909776051861,774.900068647458,2.559933135820497,,,,,False,training_population,46.799999,10.77,RGI60-11.00897,11,3051.0,8.036,16.2,71.0,0.1
491,HINTEREIS F.,1973,-1.229,1972-10-01,1973-09-30,490.9232505798367,662.8456324824548,4.097037935948049,,,,,False,training_population,46.799999,10.77,RGI60-11.00897,11,3051.0,8.036,16.2,71.0,0.1
491,HINTEREIS F.,1974,0.055,1973-10-01,1974-09-30,334.0601435343446,925.4822001695755,2.3645378942075204,,,,,False,training_population,46.799999,10.77,RGI60-11.00897,11,3051.0,8.036,16.2,71.0,0.1
491,HINTEREIS F.,1975,0.065,1974-10-01,1975-09-30,364.7599334716823,902.4775411115194,2.236660797008593,,,,,False,training_population,46.799999,10.77,RGI60-11.00897,11,3051.0,8.036,16.2,71.0,0.1
491,HINTEREIS F.,1976,-0.314,1975-10-01,1976-09-30,302.46425209045606,655.4003383037923,2.7070503221042115,,,,,False,training_population,46.799999,10.77,RGI60-11.00897,11,3051.0,8.036,16.2,71.0,0.1
491,HINTEREIS F.,1977,0.76,1976-10-01,1977-09-30,313.61193733215543,1072.940370745247,2.256615851581981,,,,,False,training_population,46.799999,10.77,RGI60-11.00897,11,3051.0,8.036,16.2,71.0,0.1
491,HINTEREIS F.,1978,0.411,1977-10-01,1978-09-30,260.290020879112,977.5566743770944,1.41325014777808,,,,,False,training_population,46.799999,10.77,RGI60-11.00897,11,3051.0,8.036,16.2,71.0,0.1
491,HINTEREIS F.,1979,-0.219,1978-10-01,1979-09-30,395.8300559997587,875.4837355765126,2.8521064661551443,,,,,False,training_population,46.799999,10.77,RGI60-11.00897,11,3051.0,8.036,16.2,71.0,0.1
491,HINTEREIS F.,1980,-0.05,1979-10-01,1980-09-30,396.7611529032411,947.7844415389106,2.6783800042194104,,,,,False,training_population,46.799999,10.77,RGI60-11.00897,11,3051.0,8.036,16.2,71.0,0.1
491,HINTEREIS F.,1981,-0.173,1980-10-01,1981-09-30,450.85934168497937,914.1170217443068,3.384544613050397,,,,,False,training_population,46.799999,10.77,RGI60-11.00897,11,3051.0,8.036,16.2,71.0,0.1
491,HINTEREIS F.,1982,-1.24,1981-10-01,1982-09-30,592.5017462412546,720.7260251251278,4.61779413223269,,,,,False,training_population,46.799999,10.77,RGI60-11.00897,11,3051.0,8.036,16.2,71.0,0.1
491,HINTEREIS F.,1983,-0.58,1982-10-01,1983-09-30,566.1398305257185,918.7127817554596,4.980853784257108,,,,,False,training_population,46.799999,10.77,RGI60-11.00897,11,3051.0,8.036,16.2,71.0,0.1
491,HINTEREIS F.,1984,0.032,1983-10-01,1984-09-30,352.1347976684591,852.5389128284999,2.8092205476070014,,,,,False,training_population,46.799999,10.77,RGI60-11.00897,11,3051.0,8.036,16.2,71.0,0.1
491,HINTEREIS F.,1985,-0.574,1984-10-01,1985-09-30,466.62835057576734,863.5432441446085,3.475181716421397,,,,,False,training_population,46.799999,10.77,RGI60-11.00897,11,3051.0,8.036,16.2,71.0,0.1
491,HINTEREIS F.,1986,-0.732,1985-10-01,1986-09-30,570.3703919728625,739.5757908798437,3.7811299324035854,,,,,False,training_population,46.799999,10.77,RGI60-11.00897,11,3051.0,8.036,16.2,71.0,0.1
491,HINTEREIS F.,1987,-0.717,1986-10-01,1987-09-30,556.1425118764269,738.0678241071798,3.614501364334793,,,,,False,training_population,46.799999,10.77,RGI60-11.00897,11,3051.0,8.036,16.2,71.0,0.1
491,HINTEREIS F.,1988,-0.945,1987-10-01,1988-09-30,478.4594014485704,816.0688700774408,3.978609443056431,,,,,False,training_population,46.799999,10.77,RGI60-11.00897,11,3051.0,8.036,16.2,71.0,0.1
491,HINTEREIS F.,1989,-0.637,1988-10-01,1989-09-30,398.5262430826849,795.0932839030357,2.836693409905941,,,,,False,training_population,46.799999,10.77,RGI60-11.00897,11,3051.0,8.036,16.2,71.0,0.1
491,HINTEREIS F.,1990,-0.995,1989-10-01,1990-09-30,480.067166519168,630.9470242000152,4.317891962631913,,,,,False,training_population,46.799999,10.77,RGI60-11.00897,11,3051.0,8.036,16.2,71.0,0.1
491,HINTEREIS F.,1991,-1.325,1990-10-01,1991-09-30,579.9894710540802,677.3506311120166,4.404084508315398,,,,,False,training_population,46.799999,10.77,RGI60-11.00897,11,3051.0,8.036,16.2,71.0,0.1
491,HINTEREIS F.,1992,-1.12,1991-10-01,1992-09-30,606.3472654978465,770.4390358522169,5.370690724469637,,,,,False,training_population,46.799999,10.77,RGI60-11.00897,11,3051.0,8.036,16.2,71.0,0.1
491,HINTEREIS F.,1993,-0.57,1992-10-01,1993-09-30,447.0816726684596,740.8804145111744,3.936920330489915,,,,,False,training_population,46.799999,10.77,RGI60-11.00897,11,3051.0,8.036,16.2,71.0,0.1
491,HINTEREIS F.,1994,-1.11,1993-10-01,1994-09-30,633.8369243621853,750.9282430190146,5.503268281964312,,,,,False,training_population,46.799999,10.77,RGI60-11.00897,11,3051.0,8.036,16.2,71.0,0.1
491,HINTEREIS F.,1995,-0.46,1994-10-01,1995-09-30,451.4098190307642,858.361104443162,3.8705476042153415,,,,,False,training_population,46.799999,10.77,RGI60-11.00897,11,3051.0,8.036,16.2,71.0,0.1
491,HINTEREIS F.,1996,-0.827,1995-10-01,1996-09-30,456.9402224222847,587.8326058062981,3.759598032633488,,,,,False,training_population,46.799999,10.77,RGI60-11.00897,11,3051.0,8.036,16.2,71.0,0.1
491,HINTEREIS F.,1997,-0.591,1996-10-01,1997-09-30,502.2593569437692,783.7321153539492,3.5718043769615493,,,,,False,training_population,46.799999,10.77,RGI60-11.00897,11,3051.0,8.036,16.2,71.0,0.1
491,HINTEREIS F.,1998,-1.232,1997-10-01,1998-09-30,564.9359704335557,735.4151192386807,4.792876877992072,,,,,False,training_population,46.799999,10.77,RGI60-11.00897,11,3051.0,8.036,16.2,71.0,0.1
491,HINTEREIS F.,1999,-0.861,1998-10-01,1999-09-30,522.00478452047,838.0047092791328,4.21996801348702,,,,,False,training_population,46.799999,10.77,RGI60-11.00897,11,3051.0,8.036,16.2,71.0,0.1
491,HINTEREIS F.,2000,-0.633,1999-10-01,2000-09-30,489.4173577626581,780.3329530574174,3.941523191203269,,,,,False,training_population,46.799999,10.77,RGI60-11.00897,11,3051.0,8.036,16.2,71.0,0.1
491,HINTEREIS F.,2001,-0.173,2000-10-01,2001-09-30,461.6831269582135,1154.0963848035126,4.169589497386567,,,,,False,training_population,46.799999,10.77,RGI60-11.00897,11,3051.0,8.036,16.2,71.0,0.1
491,HINTEREIS F.,2002,-0.624,2001-10-01,2002-09-30,533.3909660339386,645.5520018370073,4.645243581136088,,,,,False,training_population,46.799999,10.77,RGI60-11.00897,11,3051.0,8.036,16.2,71.0,0.1
491,HINTEREIS F.,2003,-1.796,2002-10-01,2003-09-30,756.8477490743032,712.9910082941926,6.850341816224938,,,,,False,training_population,46.799999,10.77,RGI60-11.00897,11,3051.0,8.036,16.2,71.0,0.1
491,HINTEREIS F.,2004,-0.651,2003-10-01,2004-09-30,476.1638441721626,815.8706915696819,3.925257570847248,,,,,False,training_population,46.799999,10.77,RGI60-11.00897,11,3051.0,8.036,16.2,71.0,0.1
491,HINTEREIS F.,2005,-1.022,2004-10-01,2005-09-30,520.2045946757032,659.2643092482007,3.727709423286352,,,,,False,training_population,46.799999,10.77,RGI60-11.00897,11,3051.0,8.036,16.2,71.0,0.1
491,HINTEREIS F.,2006,-1.493,2005-10-01,2006-09-30,582.3470850626655,674.7580399829687,4.060197310516822,,,,,False,training_population,46.799999,10.77,RGI60-11.00897,11,3051.0,8.036,16.2,71.0,0.1
491,HINTEREIS F.,2007,-1.813,2006-10-01,2007-09-30,474.8663786570262,667.1364065660122,4.14853018470435,,,,,False,training_population,46.799999,10.77,RGI60-11.00897,11,3051.0,8.036,16.2,71.0,0.1
491,HINTEREIS F.,2008,-1.246,2007-10-01,2008-09-30,536.1105733235707,644.2463430169844,4.559090149920944,,,,,False,training_population,46.799999,10.77,RGI60-11.00897,11,3051.0,8.036,16.2,71.0,0.1
491,HINTEREIS F.,2009,-1.182,2008-10-01,2009-09-30,560.508158747358,844.5694531106334,4.604600690758766,,,,,False,training_population,46.799999,10.77,RGI60-11.00897,11,3051.0,8.036,16.2,71.0,0.1
491,HINTEREIS F.,2010,-0.792,2009-10-01,2010-09-30,523.0860154469835,838.0972476920299,4.691296071591606,,,,,False,training_population,46.799999,10.77,RGI60-11.00897,11,3051.0,8.036,16.2,71.0,0.1
491,HINTEREIS F.,2011,-1.423,2010-10-01,2011-09-30,490.5470246632924,595.4708049890946,3.463619431205441,,,,,False,training_population,46.799999,10.77,RGI60-11.00897,11,3051.0,8.036,16.2,71.0,0.1
491,HINTEREIS F.,2012,-1.561,2011-10-01,2012-09-30,501.12048098246544,796.8014068534651,4.365125108801826,,,,,False,training_population,46.799999,10.77,RGI60-11.00897,11,3051.0,8.036,16.2,71.0,0.1
491,HINTEREIS F.,2013,-0.51,2012-10-01,2013-09-30,527.4917032877631,966.4285407963044,4.592384019105356,,,,,False,training_population,46.799999,10.77,RGI60-11.00897,11,3051.0,8.036,16.2,71.0,0.1
491,HINTEREIS F.,2014,-0.122,2013-10-01,2014-09-30,372.18607165019,789.5852870604721,3.0193540241407577,,,,,False,training_population,46.799999,10.77,RGI60-11.00897,11,3051.0,8.036,16.2,71.0,0.1
491,HINTEREIS F.,2015,-1.682,2014-10-01,2015-09-30,684.8673884073926,752.9239446421805,6.360164827540324,,,,,False,training_population,46.799999,10.77,RGI60-11.00897,11,3051.0,8.036,16.2,71.0,0.1
491,HINTEREIS F.,2016,-1.263,2015-10-01,2016-09-30,579.4833062489856,742.1105577887167,4.793405317223611,,,,,False,training_population,46.799999,10.77,RGI60-11.00897,11,3051.0,8.036,16.2,71.0,0.1
491,HINTEREIS F.,2017,-1.826,2016-10-01,2017-09-30,622.7718125661237,620.4361445209336,5.899572523089441,,,,,False,training_population,46.799999,10.77,RGI60-11.00897,11,3051.0,8.036,16.2,71.0,0.1
491,HINTEREIS F.,2018,-1.963,2017-10-01,2018-09-30,713.3810635884633,641.5871480144233,5.526858984905759,,,,,False,training_population,46.799999,10.77,RGI60-11.00897,11,3051.0,8.036,16.2,71.0,0.1
491,HINTEREIS F.,2019,-0.68,2018-10-01,2019-09-30,695.4381103515657,944.6471895758748,6.244376858421017,,,,,False,training_population,46.799999,10.77,RGI60-11.00897,11,3051.0,8.036,16.2,71.0,0.1
491,HINTEREIS F.,2020,-0.97,2019-01-01,2020-09-30,1356.753245417283,1473.1606949377287,5.832782356980942,,,,,False,training_population,46.799999,10.77,RGI60-11.00897,11,3051.0,8.036,16.2,71.0,0.1
491,HINTEREIS F.,2021,-0.668,2020-10-01,2021-09-30,590.085213724775,779.2919141648688,5.1492572577103575,,,,,False,training_population,46.799999,10.77,RGI60-11.00897,11,3051.0,8.036,16.2,71.0,0.1
491,HINTEREIS F.,2022,-3.319,2021-10-01,2022-09-30,772.8374900817903,557.3351083544616,6.727057877139792,,,,,False,training_population,46.799999,10.77,RGI60-11.00897,11,3051.0,8.036,16.2,71.0,0.1
491,HINTEREIS F.,2023,-2.189,2022-10-01,2023-09-30,791.5636243184442,620.0008880574827,5.819592674918818,,,,,False,training_population,46.799999,10.77,RGI60-11.00897,11,3051.0,8.036,16.2,71.0,0.1
491,HINTEREIS F.,2024,-1.109,2023-10-01,2024-09-30,460.967504374189,1107.600139906392,3.8646510912024654,,,,,False,training_population,46.799999,10.77,RGI60-11.00897,11,3051.0,8.036,16.2,71.0,0.1
491,HINTEREIS F.,2025,-1.793,2024-10-01,2025-09-30,720.1817139943473,658.0344145958214,6.291519218942416,,,,,False,training_population,46.799999,10.77,RGI60-11.00897,11,3051.0,8.036,16.2,71.0,0.1
507,KESSELWAND F.,1953,-0.438,1952-10-01,1953-09-30,523.3955051422147,331.88224581761364,3.783680720951269,,,,,True,training_population,46.838299,10.7933,RGI60-11.00787,11,3185.0,3.965,11.6,123.0,0.1
507,KESSELWAND F.,1954,-0.145,1953-10-01,1954-09-30,359.948545583092,822.7712677323211,2.263303299226648,,,,,True,training_population,46.838299,10.7933,RGI60-11.00787,11,3185.0,3.965,11.6,123.0,0.1
507,KESSELWAND F.,1955,0.245,1954-10-01,1955-09-30,331.0899487813338,794.6104427201348,2.572326216490396,,,,,True,training_population,46.838299,10.7933,RGI60-11.00787,11,3185.0,3.965,11.6,123.0,0.1
507,KESSELWAND F.,1956,0.291,1955-10-01,1956-09-30,408.1713682810491,767.517024574083,2.583051576476188,,,,,True,training_population,46.838299,10.7933,RGI60-11.00787,11,3185.0,3.965,11.6,123.0,0.1
507,KESSELWAND F.,1957,0.118,1956-10-01,1957-09-30,359.8091990153021,744.9185741039024,3.1179308946582105,,,,,True,training_population,46.838299,10.7933,RGI60-11.00787,11,3185.0,3.965,11.6,123.0,0.1
507,KESSELWAND F.,1958,-0.438,1957-10-01,1958-09-30,524.2299797058139,769.0840409813084,3.845384430539805,,,,,True,training_population,46.838299,10.7933,RGI60-11.00787,11,3185.0,3.965,11.6,123.0,0.1
507,KESSELWAND F.,1959,-0.557,1958-10-01,1959-09-30,477.042964553836,767.8894875537737,3.4451891705609987,,,,,True,training_population,46.838299,10.7933,RGI60-11.00787,11,3185.0,3.965,11.6,123.0,0.1
507,KESSELWAND F.,1960,0.118,1959-10-01,1960-09-30,352.7713574727401,835.6509672473856,3.106670910379184,,,,,True,training_population,46.838299,10.7933,RGI60-11.00787,11,3185.0,3.965,11.6,123.0,0.1
507,KESSELWAND F.,1961,0.271,1960-10-01,1961-09-30,471.6861344655381,827.5702786036198,3.229809559255429,,,,,True,training_population,46.838299,10.7933,RGI60-11.00787,11,3185.0,3.965,11.6,123.0,0.1
507,KESSELWAND F.,1962,-0.416,1961-10-01,1962-09-30,449.2653569539413,909.491585048862,2.697084280373417,,,,,True,training_population,46.838299,10.7933,RGI60-11.00787,11,3185.0,3.965,11.6,123.0,0.1
507,KESSELWAND F.,1963,-0.406,1962-10-01,1963-09-30,472.19480959574656,789.8658020293503,3.8119172206823606,,,,,True,training_population,46.838299,10.7933,RGI60-11.00787,11,3185.0,3.965,11.6,123.0,0.1
507,KESSELWAND F.,1964,-0.537,1963-10-01,1964-09-30,533.474480311079,615.3416024044737,4.574415606346707,,,,,True,training_population,46.838299,10.7933,RGI60-11.00787,11,3185.0,3.965,11.6,123.0,0.1
507,KESSELWAND F.,1965,1.04,1964-10-01,1965-09-30,272.445785903933,1129.3855065372754,2.022805060511072,,,,,True,training_population,46.838299,10.7933,RGI60-11.00787,11,3185.0,3.965,11.6,123.0,0.1
507,KESSELWAND F.,1966,0.594,1965-10-01,1966-09-30,401.9274276733431,874.2442244127488,2.601616457234281,,,,,True,training_population,46.838299,10.7933,RGI60-11.00787,11,3185.0,3.965,11.6,123.0,0.1
507,KESSELWAND F.,1967,0.299,1966-10-01,1967-09-30,435.0377873738632,1082.1285785321031,2.996718239438727,,,,,True,training_population,46.838299,10.7933,RGI60-11.00787,11,3185.0,3.965,11.6,123.0,0.1
507,KESSELWAND F.,1968,0.464,1967-10-01,1968-09-30,359.2730391184518,891.2599370986811,2.4017627881921064,,,,,True,training_population,46.838299,10.7933,RGI60-11.00787,11,3185.0,3.965,11.6,123.0,0.1
507,KESSELWAND F.,1969,-0.152,1968-10-01,1969-09-30,463.66908238729104,758.8416024428177,2.767579961859685,,,,,True,training_population,46.838299,10.7933,RGI60-11.00787,11,3185.0,3.965,11.6,123.0,0.1
507,KESSELWAND F.,1970,0.0,1969-10-01,1970-09-30,464.9009424845409,869.3679760471653,3.15726105924968,,,,,True,training_population,46.838299,10.7933,RGI60-11.00787,11,3185.0,3.965,11.6,123.0,0.1
507,KESSELWAND F.,1971,0.046,1970-10-01,1971-09-30,478.6543234507267,750.8475571876226,4.085103337661101,,,,,False,training_population,46.838299,10.7933,RGI60-11.00787,11,3185.0,3.965,11.6,123.0,0.1
507,KESSELWAND F.,1972,0.368,1971-10-01,1972-09-30,308.99973398844605,801.8717823100479,2.5268096218938627,,,,,False,training_population,46.838299,10.7933,RGI60-11.00787,11,3185.0,3.965,11.6,123.0,0.1
507,KESSELWAND F.,1973,-0.38,1972-10-01,1973-09-30,493.8949108123807,739.2290965208268,4.1110751373180685,,,,,False,training_population,46.838299,10.7933,RGI60-11.00787,11,3185.0,3.965,11.6,123.0,0.1
507,KESSELWAND F.,1974,0.573,1973-10-01,1974-09-30,323.80978520711506,1024.3353710413105,2.1815031908560734,,,,,False,training_population,46.838299,10.7933,RGI60-11.00787,11,3185.0,3.965,11.6,123.0,0.1
507,KESSELWAND F.,1975,0.369,1974-10-01,1975-09-30,367.16237754822,966.740573698072,2.129376029968283,,,,,False,training_population,46.838299,10.7933,RGI60-11.00787,11,3185.0,3.965,11.6,123.0,0.1
507,KESSELWAND F.,1976,-0.037,1975-10-01,1976-09-30,305.4121894836449,721.4697709281097,2.72382879810059,,,,,False,training_population,46.838299,10.7933,RGI60-11.00787,11,3185.0,3.965,11.6,123.0,0.1
507,KESSELWAND F.,1977,0.701,1976-10-01,1977-09-30,324.0005495707219,1056.8083331155372,2.301252895852819,,,,,False,training_population,46.838299,10.7933,RGI60-11.00787,11,3185.0,3.965,11.6,123.0,0.1
507,KESSELWAND F.,1978,0.423,1977-10-01,1978-09-30,262.3330839792909,1060.7427034132363,1.3463680004728218,,,,,False,training_population,46.838299,10.7933,RGI60-11.00787,11,3185.0,3.965,11.6,123.0,0.1
507,KESSELWAND F.,1979,0.066,1978-10-01,1979-09-30,388.4941373189316,926.9720544968968,2.6995380360147463,,,,,False,training_population,46.838299,10.7933,RGI60-11.00787,11,3185.0,3.965,11.6,123.0,0.1
507,KESSELWAND F.,1980,0.162,1979-10-01,1980-09-30,384.4219567616802,1016.9403148614184,2.5073453433271995,,,,,False,training_population,46.838299,10.7933,RGI60-11.00787,11,3185.0,3.965,11.6,123.0,0.1
507,KESSELWAND F.,1981,0.161,1980-10-01,1981-09-30,445.0326703389512,1005.3853222332768,3.259588841424494,,,,,False,training_population,46.838299,10.7933,RGI60-11.00787,11,3185.0,3.965,11.6,123.0,0.1
507,KESSELWAND F.,1982,-0.62,1981-10-01,1982-09-30,594.4382471720411,799.7975337919099,4.579334022687853,,,,,False,training_population,46.838299,10.7933,RGI60-11.00787,11,3185.0,3.965,11.6,123.0,0.1
507,KESSELWAND F.,1983,-0.182,1982-10-01,1983-09-30,566.0236736297632,933.5671949791048,4.925701001761637,,,,,False,training_population,46.838299,10.7933,RGI60-11.00787,11,3185.0,3.965,11.6,123.0,0.1
507,KESSELWAND F.,1984,0.178,1983-10-01,1984-09-30,349.11199633280654,917.175463950958,2.7945323045703168,,,,,False,training_population,46.838299,10.7933,RGI60-11.00787,11,3185.0,3.965,11.6,123.0,0.1
507,KESSELWAND F.,1985,-0.008,1984-10-01,1985-09-30,460.0431978861516,899.2320353392813,3.374442748747032,,,,,False,training_population,46.838299,10.7933,RGI60-11.00787,11,3185.0,3.965,11.6,123.0,0.1
507,KESSELWAND F.,1986,-0.494,1985-10-01,1986-09-30,568.6118401845324,766.6060666419235,3.714624610845615,,,,,False,training_population,46.838299,10.7933,RGI60-11.00787,11,3185.0,3.965,11.6,123.0,0.1
507,KESSELWAND F.,1987,-0.243,1986-10-01,1987-09-30,556.070815912885,823.7382178125365,3.554155286153176,,,,,False,training_population,46.838299,10.7933,RGI60-11.00787,11,3185.0,3.965,11.6,123.0,0.1
507,KESSELWAND F.,1988,-0.265,1987-10-01,1988-09-30,499.0760617574088,868.242705350763,4.094197645049188,,,,,False,training_population,46.838299,10.7933,RGI60-11.00787,11,3185.0,3.965,11.6,123.0,0.1
507,KESSELWAND F.,1989,-0.151,1988-10-01,1989-09-30,415.247086079918,849.6119238215023,2.887809910981573,,,,,False,training_population,46.838299,10.7933,RGI60-11.00787,11,3185.0,3.965,11.6,123.0,0.1
507,KESSELWAND F.,1990,-0.242,1989-10-01,1990-09-30,471.9912855784127,681.710787643869,4.252082795682186,,,,,False,training_population,46.838299,10.7933,RGI60-11.00787,11,3185.0,3.965,11.6,123.0,0.1
507,KESSELWAND F.,1991,-0.849,1990-10-01,1991-09-30,574.4036786397328,722.3424748494374,4.258349361972558,,,,,False,training_population,46.838299,10.7933,RGI60-11.00787,11,3185.0,3.965,11.6,123.0,0.1
507,KESSELWAND F.,1992,-0.41,1991-10-01,1992-09-30,618.6529815673862,803.2936950064418,5.452844929349618,,,,,False,training_population,46.838299,10.7933,RGI60-11.00787,11,3185.0,3.965,11.6,123.0,0.1
507,KESSELWAND F.,1993,0.12,1992-10-01,1993-09-30,457.4758697509792,809.4699379458134,3.978223439921527,,,,,False,training_population,46.838299,10.7933,RGI60-11.00787,11,3185.0,3.965,11.6,123.0,0.1
507,KESSELWAND F.,1994,-0.83,1993-10-01,1994-09-30,638.4719969431588,788.3222409085952,5.465685663361503,,,,,False,training_population,46.838299,10.7933,RGI60-11.00787,11,3185.0,3.965,11.6,123.0,0.1
507,KESSELWAND F.,1995,0.14,1994-10-01,1995-09-30,447.8713460286481,965.9517112518296,3.785590204985267,,,,,False,training_population,46.838299,10.7933,RGI60-11.00787,11,3185.0,3.965,11.6,123.0,0.1
507,KESSELWAND F.,1996,-0.111,1995-10-01,1996-09-30,468.0904301961292,662.5223589560356,3.821467336018901,,,,,False,training_population,46.838299,10.7933,RGI60-11.00787,11,3185.0,3.965,11.6,123.0,0.1
507,KESSELWAND F.,1997,0.011,1996-10-01,1997-09-30,506.54492848714494,788.988945509896,3.613348973315719,,,,,False,training_population,46.838299,10.7933,RGI60-11.00787,11,3185.0,3.965,11.6,123.0,0.1
507,KESSELWAND F.,1998,-0.604,1997-10-01,1998-09-30,569.3294091542589,811.9733541163469,4.793563302358015,,,,,False,training_population,46.838299,10.7933,RGI60-11.00787,11,3185.0,3.965,11.6,123.0,0.1
507,KESSELWAND F.,1999,-0.012,1998-10-01,1999-09-30,521.9111354827911,961.0570481918865,4.152375558493817,,,,,False,training_population,46.838299,10.7933,RGI60-11.00787,11,3185.0,3.965,11.6,123.0,0.1
507,KESSELWAND F.,2000,0.14,1999-10-01,2000-09-30,516.6204113006621,875.3465469534162,4.126259802389859,,,,,False,training_population,46.838299,10.7933,RGI60-11.00787,11,3185.0,3.965,11.6,123.0,0.1
507,KESSELWAND F.,2001,0.525,2000-10-01,2001-09-30,462.0485317230248,1143.395996079164,4.133115241838561,,,,,False,training_population,46.838299,10.7933,RGI60-11.00787,11,3185.0,3.965,11.6,123.0,0.1
507,KESSELWAND F.,2002,0.017,2001-10-01,2002-09-30,565.0793231964146,692.918507698387,4.858850705796415,,,,,False,training_population,46.838299,10.7933,RGI60-11.00787,11,3185.0,3.965,11.6,123.0,0.1
507,KESSELWAND F.,2003,-1.546,2002-10-01,2003-09-30,778.6173112233512,741.492071879474,7.0100115541099015,,,,,False,training_population,46.838299,10.7933,RGI60-11.00787,11,3185.0,3.965,11.6,123.0,0.1
507,KESSELWAND F.,2004,-0.188,2003-10-01,2004-09-30,478.849032211306,860.263956342834,3.902880667258022,,,,,False,training_population,46.838299,10.7933,RGI60-11.00787,11,3185.0,3.965,11.6,123.0,0.1
507,KESSELWAND F.,2005,-0.059,2004-10-01,2005-09-30,532.061998494469,703.5994657275495,3.800467752373758,,,,,False,training_population,46.838299,10.7933,RGI60-11.00787,11,3185.0,3.965,11.6,123.0,0.1
507,KESSELWAND F.,2006,-0.617,2005-10-01,2006-09-30,601.6112284342478,732.7349417403468,4.098936058818453,,,,,False,training_population,46.838299,10.7933,RGI60-11.00787,11,3185.0,3.965,11.6,123.0,0.1
507,KESSELWAND F.,2007,-0.836,2006-10-01,2007-09-30,503.4642683664989,716.1292824402175,4.400603610881882,,,,,False,training_population,46.838299,10.7933,RGI60-11.00787,11,3185.0,3.965,11.6,123.0,0.1
507,KESSELWAND F.,2008,-0.444,2007-10-01,2008-09-30,552.0635182698595,707.5997365881469,4.641164743727552,,,,,False,training_population,46.838299,10.7933,RGI60-11.00787,11,3185.0,3.965,11.6,123.0,0.1
507,KESSELWAND F.,2009,-0.795,2008-10-02,2009-09-30,576.2734013875358,850.9504313374557,4.66426919024926,,,,,False,training_population,46.838299,10.7933,RGI60-11.00787,11,3185.0,3.965,11.6,123.0,0.1
507,KESSELWAND F.,2010,-0.099,2009-10-01,2010-09-30,527.9704930623402,904.5783493420564,4.672635235993783,,,,,False,training_population,46.838299,10.7933,RGI60-11.00787,11,3185.0,3.965,11.6,123.0,0.1
507,KESSELWAND F.,2011,-0.67,2010-10-01,2011-09-30,519.7051437377963,616.2027755296613,3.7223094221474695,,,,,False,training_population,46.838299,10.7933,RGI60-11.00787,11,3185.0,3.965,11.6,123.0,0.1
507,KESSELWAND F.,2012,-0.792,2011-10-01,2012-09-30,531.5746148427353,824.3798789070063,4.58654119519222,,,,,False,training_population,46.838299,10.7933,RGI60-11.00787,11,3185.0,3.965,11.6,123.0,0.1
507,KESSELWAND F.,2013,0.1,2012-10-01,2013-09-30,539.9803756713893,1016.3831097290588,4.55820256247039,,,,,False,training_population,46.838299,10.7933,RGI60-11.00787,11,3185.0,3.965,11.6,123.0,0.1
507,KESSELWAND F.,2014,0.459,2013-10-01,2014-09-30,386.6414384206162,793.2617717659945,3.103864716792476,,,,,False,training_population,46.838299,10.7933,RGI60-11.00787,11,3185.0,3.965,11.6,123.0,0.1
507,KESSELWAND F.,2015,-1.169,2014-10-01,2015-09-30,710.6381403605174,785.6542947443188,6.460350940538509,,,,,False,training_population,46.838299,10.7933,RGI60-11.00787,11,3185.0,3.965,11.6,123.0,0.1
507,KESSELWAND F.,2016,-0.5,2015-10-01,2016-09-30,593.0989992777538,791.6152051883748,4.838520027934664,,,,,False,training_population,46.838299,10.7933,RGI60-11.00787,11,3185.0,3.965,11.6,123.0,0.1
507,KESSELWAND F.,2017,-1.054,2016-10-01,2017-09-30,638.8628772735624,665.5069506666357,6.090885008936363,,,,,False,training_population,46.838299,10.7933,RGI60-11.00787,11,3185.0,3.965,11.6,123.0,0.1
507,KESSELWAND F.,2018,-1.619,2017-10-01,2018-09-30,732.7516049703,685.64429848891,5.68621470133466,,,,,False,training_population,46.838299,10.7933,RGI60-11.00787,11,3185.0,3.965,11.6,123.0,0.1
507,KESSELWAND F.,2019,-0.337,2018-10-01,2019-09-30,699.167316945397,993.0526561185608,6.220878323264765,,,,,False,training_population,46.838299,10.7933,RGI60-11.00787,11,3185.0,3.965,11.6,123.0,0.1
507,KESSELWAND F.,2020,-0.522,2019-10-01,2020-09-30,699.1248176574741,889.7367858030982,5.463973500072114,,,,,False,training_population,46.838299,10.7933,RGI60-11.00787,11,3185.0,3.965,11.6,123.0,0.1
507,KESSELWAND F.,2021,-0.183,2020-10-01,2021-09-30,603.9774964650499,811.0323709844031,5.255101948890155,,,,,False,training_population,46.838299,10.7933,RGI60-11.00787,11,3185.0,3.965,11.6,123.0,0.1
507,KESSELWAND F.,2022,-2.8,2021-10-01,2022-09-30,784.4731623331738,606.902081887803,6.8187539114468585,,,,,False,training_population,46.838299,10.7933,RGI60-11.00787,11,3185.0,3.965,11.6,123.0,0.1
507,KESSELWAND F.,2023,-1.472,2022-10-01,2023-09-30,812.2016983032263,675.2146671090244,5.959247304391192,,,,,False,training_population,46.838299,10.7933,RGI60-11.00787,11,3185.0,3.965,11.6,123.0,0.1
507,KESSELWAND F.,2024,-0.984,2023-10-01,2024-09-30,474.4597506205271,1167.3668507558225,3.921769382642685,,,,,False,training_population,46.838299,10.7933,RGI60-11.00787,11,3185.0,3.965,11.6,123.0,0.1
507,KESSELWAND F.,2025,-1.09,2024-10-01,2025-09-30,743.3195889790883,668.3655947067031,6.447543654234535,,,,,False,training_population,46.838299,10.7933,RGI60-11.00787,11,3185.0,3.965,11.6,123.0,0.1
545,OE. WURTEN K.,1983,-1.029,1982-10-01,1983-09-30,1315.1661715189653,427.3136010345695,10.501350097379843,,,,,False,training_population,47.0388,13.0054,RGI60-11.00300,11,2616.0,0.209,14.2,233.0,0.1
545,OE. WURTEN K.,1984,0.03,1983-10-01,1984-09-30,1067.6879267374716,660.1920401929852,8.008394184665425,,,,,False,training_population,47.0388,13.0054,RGI60-11.00300,11,2616.0,0.209,14.2,233.0,0.1
545,OE. WURTEN K.,1985,-1.095,1984-10-01,1985-09-30,1309.7577246348108,569.2966983932592,8.91290197372439,,,,,False,training_population,47.0388,13.0054,RGI60-11.00300,11,2616.0,0.209,14.2,233.0,0.1
545,OE. WURTEN K.,1986,-1.572,1985-10-01,1986-09-30,1348.3226442972864,718.6870144256616,9.020733610789003,,,,,False,training_population,47.0388,13.0054,RGI60-11.00300,11,2616.0,0.209,14.2,233.0,0.1
545,OE. WURTEN K.,1987,-0.825,1986-10-01,1987-09-30,1328.1855407714886,770.2833756480417,8.93177449046704,,,,,False,training_population,47.0388,13.0054,RGI60-11.00300,11,2616.0,0.209,14.2,233.0,0.1
545,OE. WURTEN K.,1988,-0.785,1987-10-01,1988-09-30,1344.3720892588346,680.6797169382755,9.484802299997105,,,,,False,training_population,47.0388,13.0054,RGI60-11.00300,11,2616.0,0.209,14.2,233.0,0.1
545,OE. WURTEN K.,1989,-0.143,1988-10-01,1989-09-30,1260.2252056121872,644.2707498963749,8.363383464536824,,,,,False,training_population,47.0388,13.0054,RGI60-11.00300,11,2616.0,0.209,14.2,233.0,0.1
545,OE. WURTEN K.,1990,-0.76,1989-10-01,1990-09-30,1253.1256479899134,515.3933127245587,9.287180664228384,,,,,False,training_population,47.0388,13.0054,RGI60-11.00300,11,2616.0,0.209,14.2,233.0,0.1
545,OE. WURTEN K.,1991,-1.072,1990-10-01,1991-09-30,1238.1471165974976,735.8282922963149,8.806206231877443,,,,,False,training_population,47.0388,13.0054,RGI60-11.00300,11,2616.0,0.209,14.2,233.0,0.1
545,OE. WURTEN K.,1992,-1.309,1991-10-01,1992-09-30,1423.0636346181277,814.011326561051,10.599665439992734,,,,,False,training_population,47.0388,13.0054,RGI60-11.00300,11,2616.0,0.209,14.2,233.0,0.1
545,OE. WURTEN K.,1993,-0.484,1992-10-01,1993-09-30,1295.8707668304485,656.4179347082267,9.163855233399785,,,,,False,training_population,47.0388,13.0054,RGI60-11.00300,11,2616.0,0.209,14.2,233.0,0.1
545,OE. WURTEN K.,1994,-1.617,1993-10-01,1994-09-30,1532.4124524434455,604.6608783526929,10.98819171380308,,,,,False,training_population,47.0388,13.0054,RGI60-11.00300,11,2616.0,0.209,14.2,233.0,0.1
545,OE. WURTEN K.,1995,-0.414,1994-10-01,1995-09-30,1254.811272557581,720.2077197916203,9.23900357398436,,,,,False,training_population,47.0388,13.0054,RGI60-11.00300,11,2616.0,0.209,14.2,233.0,0.1
545,OE. WURTEN K.,1996,-0.638,1995-10-01,1996-09-30,1263.4820392608683,479.57743068430506,8.977155635667904,,,,,False,training_population,47.0388,13.0054,RGI60-11.00300,11,2616.0,0.209,14.2,233.0,0.1
545,OE. WURTEN K.,1997,-0.242,1996-10-01,1997-09-30,1278.618192927048,747.5048165838239,9.05391399964045,,,,,False,training_population,47.0388,13.0054,RGI60-11.00300,11,2616.0,0.209,14.2,233.0,0.1
545,OE. WURTEN K.,1998,-1.313,1997-10-01,1998-09-30,1371.7746063232466,591.5557178795403,10.163534536223503,,,,,False,training_population,47.0388,13.0054,RGI60-11.00300,11,2616.0,0.209,14.2,233.0,0.1
545,OE. WURTEN K.,1999,-1.172,1998-10-01,1999-09-30,1406.4688316345257,650.4218835845279,9.607367880448075,,,,,False,training_population,47.0388,13.0054,RGI60-11.00300,11,2616.0,0.209,14.2,233.0,0.1
545,OE. WURTEN K.,2000,-0.68,1999-10-01,2000-09-30,1444.21046536764,636.3604840398516,9.79070885837944,,,,,False,training_population,47.0388,13.0054,RGI60-11.00300,11,2616.0,0.209,14.2,233.0,0.1
545,OE. WURTEN K.,2001,-0.3,2000-10-01,2001-09-30,1300.179478708908,940.3416581931268,9.68403183066329,,,,,False,training_population,47.0388,13.0054,RGI60-11.00300,11,2616.0,0.209,14.2,233.0,0.1
545,OE. WURTEN K.,2002,-0.966,2001-10-01,2002-09-30,1505.8303946177216,597.4613588820539,10.540463024637,,,,,False,training_population,47.0388,13.0054,RGI60-11.00300,11,2616.0,0.209,14.2,233.0,0.1
545,OE. WURTEN K.,2003,-2.177,2002-10-01,2003-09-30,1642.0329310099337,478.0129059765698,12.480504152049212,,,,,False,training_population,47.0388,13.0054,RGI60-11.00300,11,2616.0,0.209,14.2,233.0,0.1
545,OE. WURTEN K.,2004,-0.301,2003-10-01,2004-09-30,1216.653241221114,741.7124326724113,9.162906355097698,,,,,False,training_population,47.0388,13.0054,RGI60-11.00300,11,2616.0,0.209,14.2,233.0,0.1
545,OE. WURTEN K.,2005,-0.448,2004-10-01,2005-09-30,1396.4400177002003,594.3965686819369,9.114837728030464,,,,,False,training_population,47.0388,13.0054,RGI60-11.00300,11,2616.0,0.209,14.2,233.0,0.1
545,OE. WURTEN K.,2006,-0.778,2005-09-30,2006-10-01,1483.343610382085,581.7973605282418,9.67041088048965,,,,,False,training_population,47.0388,13.0054,RGI60-11.00300,11,2616.0,0.209,14.2,233.0,0.1
545,OE. WURTEN K.,2007,-1.201,2006-10-01,2007-09-30,1497.916698074346,586.2667035835863,10.059385243015036,,,,,False,training_population,47.0388,13.0054,RGI60-11.00300,11,2616.0,0.209,14.2,233.0,0.1
545,OE. WURTEN K.,2008,-0.938,2007-09-24,2008-09-24,1352.3853486379026,691.252946410259,10.07882927327918,,,,,False,training_population,47.0388,13.0054,RGI60-11.00300,11,2616.0,0.209,14.2,233.0,0.1
545,OE. WURTEN K.,2009,-0.584,2008-09-24,2009-10-04,1549.3279534657845,775.714270320524,10.0675532354825,,,,,False,training_population,47.0388,13.0054,RGI60-11.00300,11,2616.0,0.209,14.2,233.0,0.1
545,OE. WURTEN K.,2010,-0.519,2009-10-04,2010-08-30,1150.9892626444534,626.3298778125801,10.262035638159473,,,,,False,training_population,47.0388,13.0054,RGI60-11.00300,11,2616.0,0.209,14.2,233.0,0.1
545,OE. WURTEN K.,2011,-1.8,2010-10-05,2011-09-29,1448.9672617594442,607.5997907765008,9.78539677495544,,,,,False,training_population,47.0388,13.0054,RGI60-11.00300,11,2616.0,0.209,14.2,233.0,0.1
545,OE. WURTEN K.,2012,-1.624,2011-09-29,2012-10-06,1570.1175238291469,652.1855489507295,11.007038923622927,,,,,False,training_population,47.0388,13.0054,RGI60-11.00300,11,2616.0,0.209,14.2,233.0,0.1
545,OE. WURTEN K.,2013,-0.665,2012-10-06,2013-10-08,1438.193855285649,782.6154410113304,10.358462802223558,,,,,False,training_population,47.0388,13.0054,RGI60-11.00300,11,2616.0,0.209,14.2,233.0,0.1
545,OE. WURTEN K.,2014,-0.38,2013-10-08,2014-09-29,1283.3414774576866,817.4679526176121,9.17763056824175,,,,,False,training_population,47.0388,13.0054,RGI60-11.00300,11,2616.0,0.209,14.2,233.0,0.1
545,OE. WURTEN K.,2015,-1.275,2018-09-18,2019-10-10,1743.3144903818818,797.7656137351872,11.806462880839495,,,,,False,training_population,47.0388,13.0054,RGI60-11.00300,11,2616.0,0.209,14.2,233.0,0.1
545,OE. WURTEN K.,2016,-1.25,2015-09-30,2016-09-15,1419.6224163055465,583.8128773450322,10.445620804938738,,,,,False,training_population,47.0388,13.0054,RGI60-11.00300,11,2616.0,0.209,14.2,233.0,0.1
545,OE. WURTEN K.,2017,-1.706,2016-09-15,2017-10-19,1660.089332199102,601.0630170803104,11.522106348949952,,,,,False,training_population,47.0388,13.0054,RGI60-11.00300,11,2616.0,0.209,14.2,233.0,0.1
545,OE. WURTEN K.,2018,-1.957,2017-10-19,2018-09-18,1537.9159235636434,621.7963476219027,11.188326163913915,,,,,False,training_population,47.0388,13.0054,RGI60-11.00300,11,2616.0,0.209,14.2,233.0,0.1
545,OE. WURTEN K.,2019,-1.232,2018-09-18,2019-10-10,1743.3144903818818,797.7656137351872,11.806462880839495,,,,,False,training_population,47.0388,13.0054,RGI60-11.00300,11,2616.0,0.209,14.2,233.0,0.1
545,OE. WURTEN K.,2020,-1.342,2019-10-11,2020-09-24,1575.2434986114545,678.2573748561589,10.72459273269213,,,,,False,training_population,47.0388,13.0054,RGI60-11.00300,11,2616.0,0.209,14.2,233.0,0.1
545,OE. WURTEN K.,2021,-0.458,2020-09-25,2021-09-14,1334.7383111317993,788.9482962490711,10.91190038072892,,,,,False,training_population,47.0388,13.0054,RGI60-11.00300,11,2616.0,0.209,14.2,233.0,0.1
545,OE. WURTEN K.,2022,-3.596,2021-09-15,2022-09-13,1708.68179639181,505.6671085550804,12.130857625214968,,,,,False,training_population,47.0388,13.0054,RGI60-11.00300,11,2616.0,0.209,14.2,233.0,0.1
545,OE. WURTEN K.,2023,-2.92,2022-09-13,2023-10-01,1808.7970906575567,634.3594402967483,11.282067553202332,,,,,False,training_population,47.0388,13.0054,RGI60-11.00300,11,2616.0,0.209,14.2,233.0,0.1
545,OE. WURTEN K.,2024,-2.698,2023-10-01,2024-09-10,1634.704768880213,731.8179213689291,12.172705255038522,,,,,False,training_population,47.0388,13.0054,RGI60-11.00300,11,2616.0,0.209,14.2,233.0,0.1
573,STUBACHER SONNBLICK K.,1949,0.48,1948-10-05,1949-10-26,,,,,,,,False,training_population,47.13,12.6,RGI60-11.00080,11,2789.0,1.188,19.3,72.0,0.1
573,STUBACHER SONNBLICK K.,1950,-1.36,1949-10-27,1950-09-14,1231.278986104333,458.9803735800153,10.587056386643583,,,,,False,training_population,47.13,12.6,RGI60-11.00080,11,2789.0,1.188,19.3,72.0,0.1
573,STUBACHER SONNBLICK K.,1951,-0.439,1950-09-15,1951-09-07,1162.435693486536,869.800292675798,9.04619048160058,,,,,False,training_population,47.13,12.6,RGI60-11.00080,11,2789.0,1.188,19.3,72.0,0.1
573,STUBACHER SONNBLICK K.,1953,-1.223,1952-09-08,1953-10-04,1267.697808965051,742.4683317186939,8.629792516127898,,,,,False,training_population,47.13,12.6,RGI60-11.00080,11,2789.0,1.188,19.3,72.0,0.1
573,STUBACHER SONNBLICK K.,1954,-0.158,1953-10-05,1954-09-21,1031.4363945007362,717.5302364954632,7.141995483896032,,,,,False,training_population,47.13,12.6,RGI60-11.00080,11,2789.0,1.188,19.3,72.0,0.1
573,STUBACHER SONNBLICK K.,1957,0.18,1956-10-05,1957-09-12,938.6780003865596,710.8180783397664,8.196339840819894,,,,,False,training_population,47.13,12.6,RGI60-11.00080,11,2789.0,1.188,19.3,72.0,0.1
573,STUBACHER SONNBLICK K.,1958,-1.438,1957-09-13,1958-09-23,1309.9821629842168,691.255812592626,8.819696590865892,,,,,False,training_population,47.13,12.6,RGI60-11.00080,11,2789.0,1.188,19.3,72.0,0.1
573,STUBACHER SONNBLICK K.,1959,-0.374,1958-09-24,1959-09-27,1219.385611724858,718.8831152984746,8.262870966869874,,,,,False,training_population,47.13,12.6,RGI60-11.00080,11,2789.0,1.188,19.3,72.0,0.1
573,STUBACHER SONNBLICK K.,1960,0.249,1959-09-28,1960-09-20,1061.9263773600303,702.2209794263183,7.940555329253732,,,,,False,training_population,47.13,12.6,RGI60-11.00080,11,2789.0,1.188,19.3,72.0,0.1
573,STUBACHER SONNBLICK K.,1961,0.148,1960-09-21,1961-10-06,1307.1429986318,673.9801003676682,8.263207289101443,,,,,False,training_population,47.13,12.6,RGI60-11.00080,11,2789.0,1.188,19.3,72.0,0.1
573,STUBACHER SONNBLICK K.,1962,0.054,1961-10-07,1962-09-16,948.4475939432812,1003.916792413733,6.89076121509941,,,,,False,training_population,47.13,12.6,RGI60-11.00080,11,2789.0,1.188,19.3,72.0,0.1
573,STUBACHER SONNBLICK K.,1963,-1.426,1962-09-17,1963-09-25,1269.0267776489304,609.4631108455495,8.884047506857632,,,,,False,training_population,47.13,12.6,RGI60-11.00080,11,2789.0,1.188,19.3,72.0,0.1
573,STUBACHER SONNBLICK K.,1964,-0.932,1963-09-26,1964-09-16,1257.974899800623,459.9616720194639,9.38919955958493,,,,,False,training_population,47.13,12.6,RGI60-11.00080,11,2789.0,1.188,19.3,72.0,0.1
573,STUBACHER SONNBLICK K.,1965,1.976,1964-09-17,1965-08-25,727.4820425669384,1211.796324843636,6.4907718288806295,,,,,False,training_population,47.13,12.6,RGI60-11.00080,11,2789.0,1.188,19.3,72.0,0.1
573,STUBACHER SONNBLICK K.,1966,0.736,1965-08-26,1966-10-17,1534.69289766948,763.4251853742348,7.612202600232622,,,,,False,training_population,47.13,12.6,RGI60-11.00080,11,2789.0,1.188,19.3,72.0,0.1
573,STUBACHER SONNBLICK K.,1967,0.16,1966-10-18,1967-10-02,1072.5753308614132,1046.3226962040544,7.968219244307388,,,,,False,training_population,47.13,12.6,RGI60-11.00080,11,2789.0,1.188,19.3,72.0,0.1
573,STUBACHER SONNBLICK K.,1968,0.236,1967-10-03,1968-09-18,1095.8823322296182,697.1782158096466,7.5506974151169235,,,,,False,training_population,47.13,12.6,RGI60-11.00080,11,2789.0,1.188,19.3,72.0,0.1
573,STUBACHER SONNBLICK K.,1969,-0.247,1968-09-19,1969-10-03,1287.2740188598675,599.9986599978157,7.627619272038581,,,,,False,training_population,47.13,12.6,RGI60-11.00080,11,2789.0,1.188,19.3,72.0,0.1
573,STUBACHER SONNBLICK K.,1970,0.144,1969-10-04,1970-09-25,1114.9001272837363,904.1268663229864,7.8888762087062,,,,,False,training_population,47.13,12.6,RGI60-11.00080,11,2789.0,1.188,19.3,72.0,0.1
573,STUBACHER SONNBLICK K.,1971,-0.392,1970-09-26,1971-09-27,1237.6828756968223,625.6401359185979,9.164942629440992,,,,,False,training_population,47.13,12.6,RGI60-11.00080,11,2789.0,1.188,19.3,72.0,0.1
573,STUBACHER SONNBLICK K.,1972,0.128,1971-09-28,1972-09-10,957.1537868499796,697.2871520277586,7.446205179242144,,,,,False,training_population,47.13,12.6,RGI60-11.00080,11,2789.0,1.188,19.3,72.0,0.1
573,STUBACHER SONNBLICK K.,1973,-0.721,1972-09-11,1973-09-21,1173.068226623539,744.0984388067342,8.948567706951216,,,,,False,training_population,47.13,12.6,RGI60-11.00080,11,2789.0,1.188,19.3,72.0,0.1
573,STUBACHER SONNBLICK K.,1974,0.576,1973-09-22,1974-09-20,983.6767386118612,909.941180081013,7.287586715255981,,,,,False,training_population,47.13,12.6,RGI60-11.00080,11,2789.0,1.188,19.3,72.0,0.1
573,STUBACHER SONNBLICK K.,1975,0.397,1974-09-21,1975-10-04,1070.1368359883666,1127.78663016784,6.979402036252257,,,,,False,training_population,47.13,12.6,RGI60-11.00080,11,2789.0,1.188,19.3,72.0,0.1
573,STUBACHER SONNBLICK K.,1976,0.079,1975-10-05,1976-08-31,844.6510281880729,625.5927146677002,7.819397468843344,,,,,False,training_population,47.13,12.6,RGI60-11.00080,11,2789.0,1.188,19.3,72.0,0.1
573,STUBACHER SONNBLICK K.,1977,0.148,1976-09-01,1977-09-08,1105.7699508667038,953.714100874226,7.550263064840588,,,,,False,training_population,47.13,12.6,RGI60-11.00080,11,2789.0,1.188,19.3,72.0,0.1
573,STUBACHER SONNBLICK K.,1978,0.833,1977-09-09,1978-08-31,858.3218995412228,837.0039128053719,6.351176509304344,,,,,False,training_population,47.13,12.6,RGI60-11.00080,11,2789.0,1.188,19.3,72.0,0.1
573,STUBACHER SONNBLICK K.,1979,0.224,1978-09-01,1979-09-21,1141.093538920089,941.099978194334,7.326028532221721,,,,,False,training_population,47.13,12.6,RGI60-11.00080,11,2789.0,1.188,19.3,72.0,0.1
573,STUBACHER SONNBLICK K.,1980,0.834,1979-09-22,1980-10-07,1110.389954376225,907.7591807301708,7.301203083646496,,,,,False,training_population,47.13,12.6,RGI60-11.00080,11,2789.0,1.188,19.3,72.0,0.1
573,STUBACHER SONNBLICK K.,1981,0.414,1980-10-08,1981-08-27,886.6889270782506,852.572225582005,8.204225512706891,,,,,False,training_population,47.13,12.6,RGI60-11.00080,11,2789.0,1.188,19.3,72.0,0.1
573,STUBACHER SONNBLICK K.,1982,-1.282,1981-08-28,1982-09-30,1605.3376715342251,799.9248838166402,9.319616452852909,,,,,False,training_population,47.13,12.6,RGI60-11.00080,11,2789.0,1.188,19.3,72.0,0.1
573,STUBACHER SONNBLICK K.,1983,-0.535,1982-10-01,1983-09-30,1327.2781525929818,723.1782824114674,9.993097967341347,,,,,False,training_population,47.13,12.6,RGI60-11.00080,11,2789.0,1.188,19.3,72.0,0.1
573,STUBACHER SONNBLICK K.,1984,0.338,1983-10-01,1984-09-05,911.0755861918165,683.4101480298216,7.628700669606547,,,,,False,training_population,47.13,12.6,RGI60-11.00080,11,2789.0,1.188,19.3,72.0,0.1
573,STUBACHER SONNBLICK K.,1985,-0.281,1984-09-06,1985-10-09,1410.0604226430307,665.6577452747782,8.498105282714421,,,,,False,training_population,47.13,12.6,RGI60-11.00080,11,2789.0,1.188,19.3,72.0,0.1
573,STUBACHER SONNBLICK K.,1986,-1.432,1985-10-10,1986-10-19,1329.541385269169,769.6864641147058,8.59525576743529,,,,,False,training_population,47.13,12.6,RGI60-11.00080,11,2789.0,1.188,19.3,72.0,0.1
573,STUBACHER SONNBLICK K.,1987,-0.525,1986-10-20,1987-10-17,1205.377179590865,857.5810591349543,8.463734798154992,,,,,False,training_population,47.13,12.6,RGI60-11.00080,11,2789.0,1.188,19.3,72.0,0.1
573,STUBACHER SONNBLICK K.,1988,-0.711,1987-10-18,1988-10-05,1250.8144639333136,788.4860933516827,9.077521778880708,,,,,False,training_population,47.13,12.6,RGI60-11.00080,11,2789.0,1.188,19.3,72.0,0.1
573,STUBACHER SONNBLICK K.,1989,0.252,1988-10-06,1989-09-25,1144.7090174357136,703.6586741023391,7.904449509883297,,,,,False,training_population,47.13,12.6,RGI60-11.00080,11,2789.0,1.188,19.3,72.0,0.1
573,STUBACHER SONNBLICK K.,1990,-0.561,1989-09-26,1990-09-01,1040.9794237772662,599.8456342181057,8.876030160378743,,,,,False,training_population,47.13,12.6,RGI60-11.00080,11,2789.0,1.188,19.3,72.0,0.1
573,STUBACHER SONNBLICK K.,1991,-0.818,1990-09-02,1991-09-30,1322.4716032664028,728.9396225947655,8.47422451765643,,,,,False,training_population,47.13,12.6,RGI60-11.00080,11,2789.0,1.188,19.3,72.0,0.1
573,STUBACHER SONNBLICK K.,1992,-2.098,1991-10-01,1992-09-30,1371.3767267862993,829.1106687283261,10.299528155119548,,,,,False,training_population,47.13,12.6,RGI60-11.00080,11,2789.0,1.188,19.3,72.0,0.1
573,STUBACHER SONNBLICK K.,1993,-0.315,1992-10-01,1993-09-25,1226.3158994038945,715.4620361739674,8.804028219416542,,,,,False,training_population,47.13,12.6,RGI60-11.00080,11,2789.0,1.188,19.3,72.0,0.1
573,STUBACHER SONNBLICK K.,1994,-1.385,1993-09-26,1994-10-02,1501.5898991902716,682.2472370489088,10.578258374808517,,,,,False,training_population,47.13,12.6,RGI60-11.00080,11,2789.0,1.188,19.3,72.0,0.1
573,STUBACHER SONNBLICK K.,1995,0.141,1994-10-03,1995-08-27,1031.2491914113398,840.3179385814567,9.188387323148346,,,,,False,training_population,47.13,12.6,RGI60-11.00080,11,2789.0,1.188,19.3,72.0,0.1
573,STUBACHER SONNBLICK K.,1996,-0.245,1995-08-28,1996-08-31,1253.957524108891,538.0439296231216,8.22686481078468,,,,,False,training_population,47.13,12.6,RGI60-11.00080,11,2789.0,1.188,19.3,72.0,0.1
573,STUBACHER SONNBLICK K.,1997,0.314,1996-09-01,1997-10-10,1354.3029089609831,905.1176832592596,8.704674373847876,,,,,False,training_population,47.13,12.6,RGI60-11.00080,11,2789.0,1.188,19.3,72.0,0.1
573,STUBACHER SONNBLICK K.,1998,-1.696,1997-10-11,1998-09-12,1156.105347315474,700.5008087154216,9.561515599402853,,,,,False,training_population,47.13,12.6,RGI60-11.00080,11,2789.0,1.188,19.3,72.0,0.1
573,STUBACHER SONNBLICK K.,1999,-0.647,1998-09-13,1999-09-26,1351.6403413136843,844.4009706440845,9.141629832723886,,,,,False,training_population,47.13,12.6,RGI60-11.00080,11,2789.0,1.188,19.3,72.0,0.1
573,STUBACHER SONNBLICK K.,2000,-0.033,1999-09-27,2000-10-17,1441.424619038905,837.3026403218696,9.282679639346378,,,,,False,training_population,47.13,12.6,RGI60-11.00080,11,2789.0,1.188,19.3,72.0,0.1
573,STUBACHER SONNBLICK K.,2001,-0.399,2000-10-18,2001-08-31,1080.3331570943233,841.3962040811747,9.165761089324976,,,,,False,training_population,47.13,12.6,RGI60-11.00080,11,2789.0,1.188,19.3,72.0,0.1
573,STUBACHER SONNBLICK K.,2002,-0.485,2001-09-01,2002-09-15,1457.2114650726369,683.2563924264185,10.114206761899224,,,,,False,training_population,47.13,12.6,RGI60-11.00080,11,2789.0,1.188,19.3,72.0,0.1
573,STUBACHER SONNBLICK K.,2003,-2.87,2002-09-16,2003-09-10,1482.655891799931,677.7233546798947,12.056078059431458,,,,,False,training_population,47.13,12.6,RGI60-11.00080,11,2789.0,1.188,19.3,72.0,0.1
573,STUBACHER SONNBLICK K.,2004,0.008,2003-09-11,2004-09-24,1252.1453507741342,834.814176910399,8.681814869590456,,,,,False,training_population,47.13,12.6,RGI60-11.00080,11,2789.0,1.188,19.3,72.0,0.1
573,STUBACHER SONNBLICK K.,2005,-0.323,2004-09-25,2005-09-30,1351.3733353932748,688.220529972746,8.65418417419215,,,,,False,training_population,47.13,12.6,RGI60-11.00080,11,2789.0,1.188,19.3,72.0,0.1
573,STUBACHER SONNBLICK K.,2006,-0.621,2005-10-01,2006-10-30,1562.5284984588682,662.4375748573322,9.143303310007315,,,,,False,training_population,47.13,12.6,RGI60-11.00080,11,2789.0,1.188,19.3,72.0,0.1
573,STUBACHER SONNBLICK K.,2007,-2.175,2006-10-31,2007-09-02,1186.1987403869662,549.2572290882904,9.725606087670831,,,,,False,training_population,47.13,12.6,RGI60-11.00080,11,2789.0,1.188,19.3,72.0,0.1
573,STUBACHER SONNBLICK K.,2008,-0.777,2007-09-03,2008-09-14,1358.400365575159,836.542349251392,9.599019526053189,,,,,False,training_population,47.13,12.6,RGI60-11.00080,11,2789.0,1.188,19.3,72.0,0.1
573,STUBACHER SONNBLICK K.,2009,-0.254,2008-09-15,2009-10-10,1518.418090693161,816.6090148966276,9.666919354424982,,,,,False,training_population,47.13,12.6,RGI60-11.00080,11,2789.0,1.188,19.3,72.0,0.1
573,STUBACHER SONNBLICK K.,2010,-0.792,2009-10-11,2010-08-29,1033.684539667769,676.1461626490614,9.870818717391426,,,,,False,training_population,47.13,12.6,RGI60-11.00080,11,2789.0,1.188,19.3,72.0,0.1
573,STUBACHER SONNBLICK K.,2011,-2.26,2010-08-30,2011-09-18,1503.361960856125,577.3749696714283,9.187296999938123,,,,,False,training_population,47.13,12.6,RGI60-11.00080,11,2789.0,1.188,19.3,72.0,0.1
573,STUBACHER SONNBLICK K.,2012,-1.369,2011-09-19,2012-09-13,1393.9960881551146,811.1582738326213,10.368718221913234,,,,,False,training_population,47.13,12.6,RGI60-11.00080,11,2789.0,1.188,19.3,72.0,0.1
573,STUBACHER SONNBLICK K.,2013,0.06,2012-09-14,2013-09-09,1352.1903078715047,872.232803467078,9.837725002178267,,,,,False,training_population,47.13,12.6,RGI60-11.00080,11,2789.0,1.188,19.3,72.0,0.1
573,STUBACHER SONNBLICK K.,2014,0.274,2013-09-10,2014-10-22,1526.858962885544,834.0801992500211,8.690065817902077,,,,,False,training_population,47.13,12.6,RGI60-11.00080,11,2789.0,1.188,19.3,72.0,0.1
573,STUBACHER SONNBLICK K.,2015,-2.734,2014-10-23,2015-09-19,1390.3781883239787,731.1174025627025,11.571863940142224,,,,,False,training_population,47.13,12.6,RGI60-11.00080,11,2789.0,1.188,19.3,72.0,0.1
573,STUBACHER SONNBLICK K.,2016,-0.828,2015-09-20,2016-09-17,1378.5174554189095,669.3565145137513,9.917278378251693,,,,,False,training_population,47.13,12.6,RGI60-11.00080,11,2789.0,1.188,19.3,72.0,0.1
573,STUBACHER SONNBLICK K.,2017,-1.85,2016-09-18,2017-09-02,1375.2188616434776,614.9253328924366,11.125477789450406,,,,,False,training_population,47.13,12.6,RGI60-11.00080,11,2789.0,1.188,19.3,72.0,0.1
573,STUBACHER SONNBLICK K.,2018,-1.507,2017-09-03,2018-09-30,1755.4843541463267,744.0191622594555,10.790052308898066,,,,,False,training_population,47.13,12.6,RGI60-11.00080,11,2789.0,1.188,19.3,72.0,0.1
573,STUBACHER SONNBLICK K.,2019,-0.699,2018-10-01,2019-09-23,1498.842119852707,878.9248748575319,11.46366202174756,,,,,False,training_population,47.13,12.6,RGI60-11.00080,11,2789.0,1.188,19.3,72.0,0.1
573,STUBACHER SONNBLICK K.,2020,-0.627,2019-09-24,2020-09-25,1575.23420995077,723.0924975620746,10.170144065912242,,,,,False,training_population,47.13,12.6,RGI60-11.00080,11,2789.0,1.188,19.3,72.0,0.1
573,STUBACHER SONNBLICK K.,2021,-0.688,2020-09-26,2021-10-06,1377.825909550989,827.8754248596947,10.201707686548668,,,,,False,training_population,47.13,12.6,RGI60-11.00080,11,2789.0,1.188,19.3,72.0,0.1
573,STUBACHER SONNBLICK K.,2022,-3.417,2021-09-26,2022-09-06,1470.5919947306354,558.0351715988102,11.652987734476747,,,,,False,training_population,47.13,12.6,RGI60-11.00080,11,2789.0,1.188,19.3,72.0,0.1
573,STUBACHER SONNBLICK K.,2023,-2.294,2022-09-06,2023-09-24,1730.9013581593877,673.5073152859527,10.96528005461764,,,,,False,training_population,47.13,12.6,RGI60-11.00080,11,2789.0,1.188,19.3,72.0,0.1
573,STUBACHER SONNBLICK K.,2024,-1.43,2023-09-24,2024-09-12,1622.201998138432,868.0323763644537,11.348756298120495,,,,,False,training_population,47.13,12.6,RGI60-11.00080,11,2789.0,1.188,19.3,72.0,0.1
573,STUBACHER SONNBLICK K.,2025,-1.275,2024-09-13,2025-09-23,1668.9036567688038,579.8072935043059,11.303541375588702,,,,,False,training_population,47.13,12.6,RGI60-11.00080,11,2789.0,1.188,19.3,72.0,0.1
635,CARESER,1967,-0.39,1966-10-01,1967-09-30,953.628010686242,377.92016709127904,7.71937979684362,,,,,True,training_population,46.451199,10.7085,RGI60-11.01834,11,3072.0,2.836,10.6,176.0,0.1
635,CARESER,1968,0.26,1967-10-01,1968-09-30,1033.687865702315,554.2279908376813,6.999480957915839,,,,,True,training_population,46.451199,10.7085,RGI60-11.01834,11,3072.0,2.836,10.6,176.0,0.1
635,CARESER,1969,0.0,1968-10-01,1969-09-30,1134.1814189910926,482.2641895875535,7.373184935251894,,,,,True,training_population,46.451199,10.7085,RGI60-11.01834,11,3072.0,2.836,10.6,176.0,0.1
635,CARESER,1970,-0.63,1969-10-01,1970-09-30,1178.252604675297,501.9020522939748,8.0618303810341,,,,,True,training_population,46.451199,10.7085,RGI60-11.01834,11,3072.0,2.836,10.6,176.0,0.1
635,CARESER,1971,-0.65,1970-07-02,1971-07-02,1105.566410954798,544.031728932449,7.560093426448066,,,,,False,training_population,46.451199,10.7085,RGI60-11.01834,11,3072.0,2.836,10.6,176.0,0.1
635,CARESER,1972,0.4,1971-07-02,1972-07-01,1109.4086137135862,619.3087914512176,8.409221696162591,,,,,False,training_population,46.451199,10.7085,RGI60-11.01834,11,3072.0,2.836,10.6,176.0,0.1
635,CARESER,1973,-1.28,1972-07-01,1973-07-02,924.5147589365678,453.9271004244654,7.810947557544058,,,,,False,training_population,46.451199,10.7085,RGI60-11.01834,11,3072.0,2.836,10.6,176.0,0.1
635,CARESER,1974,-0.32,1973-07-02,1974-07-02,981.90959421794,601.0866787111304,7.428494294142663,,,,,False,training_population,46.451199,10.7085,RGI60-11.01834,11,3072.0,2.836,10.6,176.0,0.1
635,CARESER,1975,0.17,1974-10-01,1975-09-30,914.0446862538696,695.7429229563701,6.771890466109589,,,,,False,training_population,46.451199,10.7085,RGI60-11.01834,11,3072.0,2.836,10.6,176.0,0.1
635,CARESER,1976,-0.27,1975-10-01,1976-10-08,935.4898975372354,433.35829464448494,7.486646180913087,,,,,False,training_population,46.451199,10.7085,RGI60-11.01834,11,3072.0,2.836,10.6,176.0,0.1
635,CARESER,1977,0.99,1976-10-01,1977-10-05,888.4572788238563,860.1177707446759,6.524814942954268,,,,,False,training_population,46.451199,10.7085,RGI60-11.01834,11,3072.0,2.836,10.6,176.0,0.1
635,CARESER,1978,0.08,1977-10-01,1978-10-12,891.926991653447,709.025072913441,5.916360287044385,,,,,False,training_population,46.451199,10.7085,RGI60-11.01834,11,3072.0,2.836,10.6,176.0,0.1
635,CARESER,1979,-0.18,1978-10-01,1979-10-03,999.0507340749144,668.7739090025033,7.475486823095814,,,,,False,training_population,46.451199,10.7085,RGI60-11.01834,11,3072.0,2.836,10.6,176.0,0.1
635,CARESER,1980,0.01,1979-07-02,1980-07-01,924.3271761576376,546.0844913139695,7.042656067834408,,,,,False,training_population,46.451199,10.7085,RGI60-11.01834,11,3072.0,2.836,10.6,176.0,0.1
635,CARESER,1981,-0.84,1980-07-01,1981-07-02,1195.001976013188,510.4759675923845,8.356462029531516,,,,,False,training_population,46.451199,10.7085,RGI60-11.01834,11,3072.0,2.836,10.6,176.0,0.1
635,CARESER,1982,-1.68,1981-07-02,1982-07-02,1126.4482157389366,530.876561597129,8.259271233398026,,,,,False,training_population,46.451199,10.7085,RGI60-11.01834,11,3072.0,2.836,10.6,176.0,0.1
635,CARESER,1983,-0.79,1982-07-02,1983-07-02,1161.7115451812783,576.0080441686491,8.782664789179341,,,,,False,training_population,46.451199,10.7085,RGI60-11.01834,11,3072.0,2.836,10.6,176.0,0.1
635,CARESER,1984,-0.59,1983-10-21,1984-10-14,870.0404134114617,647.719221352201,7.457014967047672,,,,,False,training_population,46.451199,10.7085,RGI60-11.01834,11,3072.0,2.836,10.6,176.0,0.1
635,CARESER,1985,-0.76,1984-07-01,1985-07-02,989.1566380818722,575.8765902380637,7.679226345035221,,,,,False,training_population,46.451199,10.7085,RGI60-11.01834,11,3072.0,2.836,10.6,176.0,0.1
635,CARESER,1986,-1.14,1985-09-29,1986-10-01,1269.2516052246135,679.3673089609129,8.2779897178429,,,,,False,training_population,46.451199,10.7085,RGI60-11.01834,11,3072.0,2.836,10.6,176.0,0.1
635,CARESER,1987,-1.64,1986-10-02,1987-10-01,1189.3228612264038,519.7996928970632,8.279664266282255,,,,,False,training_population,46.451199,10.7085,RGI60-11.01834,11,3072.0,2.836,10.6,176.0,0.1
635,CARESER,1988,-1.01,1987-10-02,1988-10-01,1186.1849807739304,439.31242018206615,8.336137466154259,,,,,False,training_population,46.451199,10.7085,RGI60-11.01834,11,3072.0,2.836,10.6,176.0,0.1
635,CARESER,1989,-0.82,1988-10-02,1989-10-07,1071.1817007700647,530.9897466809589,7.446712375032753,,,,,False,training_population,46.451199,10.7085,RGI60-11.01834,11,3072.0,2.836,10.6,176.0,0.1
635,CARESER,1990,-1.58,1989-10-08,1990-10-06,1210.888037745162,413.2222716449654,8.757402584518234,,,,,False,training_population,46.451199,10.7085,RGI60-11.01834,11,3072.0,2.836,10.6,176.0,0.1
635,CARESER,1991,-1.73,1990-10-07,1991-10-10,1255.7614323933958,638.9619836609199,9.135993334175907,,,,,False,training_population,46.451199,10.7085,RGI60-11.01834,11,3072.0,2.836,10.6,176.0,0.1
635,CARESER,1992,-1.2,1991-10-11,1992-10-15,1242.9823154449507,514.4720393446321,9.451503040479604,,,,,False,training_population,46.451199,10.7085,RGI60-11.01834,11,3072.0,2.836,10.6,176.0,0.1
635,CARESER,1993,-0.3,1992-10-16,1993-08-23,898.0965553283718,400.35644935912273,8.834926730867439,,,,,False,training_population,46.451199,10.7085,RGI60-11.01834,11,3072.0,2.836,10.6,176.0,0.1
635,CARESER,1994,-1.74,1993-08-24,1994-10-07,1518.4983451843316,523.0313430997348,9.765140603383406,,,,,False,training_population,46.451199,10.7085,RGI60-11.01834,11,3072.0,2.836,10.6,176.0,0.1
635,CARESER,1995,-1.08,1994-10-08,1995-10-15,1146.6649110158332,415.5254081490583,8.326206890050939,,,,,False,training_population,46.451199,10.7085,RGI60-11.01834,11,3072.0,2.836,10.6,176.0,0.1
635,CARESER,1996,-1.32,1995-10-24,1996-08-28,913.3487153371208,241.1730366514604,8.37068571026408,,,,,False,training_population,46.451199,10.7085,RGI60-11.01834,11,3072.0,2.836,10.6,176.0,0.1
635,CARESER,1997,-0.93,1996-08-29,1997-10-04,1311.2188078562465,559.3202043482605,7.980395373963498,,,,,False,training_population,46.451199,10.7085,RGI60-11.01834,11,3072.0,2.836,10.6,176.0,0.1
635,CARESER,1998,-2.24,1997-10-05,1998-09-04,1108.9764921824176,475.7505444979166,9.411802553093974,,,,,False,training_population,46.451199,10.7085,RGI60-11.01834,11,3072.0,2.836,10.6,176.0,0.1
635,CARESER,1999,-1.8,1998-09-05,1999-10-09,1324.9516483306936,543.8524466384358,8.548386689891009,,,,,False,training_population,46.451199,10.7085,RGI60-11.01834,11,3072.0,2.836,10.6,176.0,0.1
635,CARESER,2000,-1.61,1999-10-10,2000-09-18,1131.2153039296509,409.362855272299,8.452288377457792,,,,,False,training_population,46.451199,10.7085,RGI60-11.01834,11,3072.0,2.836,10.6,176.0,0.1
635,CARESER,2001,-0.25,2000-10-01,2001-09-30,1085.2419249216755,950.8211643942096,8.607598123688652,,,,,False,training_population,46.451199,10.7085,RGI60-11.01834,11,3072.0,2.836,10.6,176.0,0.1
635,CARESER,2002,-1.149,2001-10-01,2002-09-30,1200.212326049809,438.69221087819454,8.83889397883763,,,,,False,training_population,46.451199,10.7085,RGI60-11.01834,11,3072.0,2.836,10.6,176.0,0.1
635,CARESER,2003,-3.317,2002-10-01,2003-09-30,1439.176487350468,575.7955716444059,11.128557749762074,,,,,False,training_population,46.451199,10.7085,RGI60-11.01834,11,3072.0,2.836,10.6,176.0,0.1
635,CARESER,2004,-1.562,2003-10-01,2004-09-30,1102.085748672489,695.7321584205438,8.5789900917938,,,,,False,training_population,46.451199,10.7085,RGI60-11.01834,11,3072.0,2.836,10.6,176.0,0.1
635,CARESER,2005,-2.005,2004-10-01,2005-09-30,1270.7291470845585,365.6812189765049,8.572461638243325,,,,,False,training_population,46.451199,10.7085,RGI60-11.01834,11,3072.0,2.836,10.6,176.0,0.1
635,CARESER,2006,-2.093,2005-10-01,2006-09-30,1276.5060005188034,415.4009528583202,8.73463932534925,,,,,False,training_population,46.451199,10.7085,RGI60-11.01834,11,3072.0,2.836,10.6,176.0,0.1
635,CARESER,2007,-2.745,2006-10-01,2007-09-30,1270.8727382659958,367.8500343486704,8.67596504515498,,,,,False,training_population,46.451199,10.7085,RGI60-11.01834,11,3072.0,2.836,10.6,176.0,0.1
635,CARESER,2008,-1.851,2007-10-07,2008-09-24,1111.3812297821082,446.66803235308095,8.803179470006993,,,,,False,training_population,46.451199,10.7085,RGI60-11.01834,11,3072.0,2.836,10.6,176.0,0.1
635,CARESER,2009,-1.236,2008-09-24,2009-09-27,1268.7234605153446,790.0439593041461,9.072175100575343,,,,,False,training_population,46.451199,10.7085,RGI60-11.01834,11,3072.0,2.836,10.6,176.0,0.1
635,CARESER,2010,-0.962,2009-09-27,2010-09-15,1120.371533330285,581.6198969027332,9.109667299795865,,,,,False,training_population,46.451199,10.7085,RGI60-11.01834,11,3072.0,2.836,10.6,176.0,0.1
635,CARESER,2011,-1.922,2010-09-15,2011-09-28,1307.4911827087449,572.3246365425218,8.353828684488954,,,,,False,training_population,46.451199,10.7085,RGI60-11.01834,11,3072.0,2.836,10.6,176.0,0.1
635,CARESER,2012,-2.46,2011-09-28,2012-09-22,1177.8263079325395,416.8840677113259,9.204071022807712,,,,,False,training_population,46.451199,10.7085,RGI60-11.01834,11,3072.0,2.836,10.6,176.0,0.1
635,CARESER,2013,-1.039,2012-09-22,2013-09-28,1205.3266284942672,680.9342579996028,8.946979701000734,,,,,False,training_population,46.451199,10.7085,RGI60-11.01834,11,3072.0,2.836,10.6,176.0,0.1
635,CARESER,2014,-0.131,2013-09-28,2014-09-25,1030.976863352462,752.7766069878724,7.722407374174721,,,,,False,training_population,46.451199,10.7085,RGI60-11.01834,11,3072.0,2.836,10.6,176.0,0.1
635,CARESER,2015,-2.475,2014-09-25,2015-09-19,1419.3242551167846,544.673203058565,10.795989456729632,,,,,False,training_population,46.451199,10.7085,RGI60-11.01834,11,3072.0,2.836,10.6,176.0,0.1
635,CARESER,2016,-1.748,2015-09-19,2016-09-25,1280.4273687998502,473.2569800099639,9.24935120292334,,,,,False,training_population,46.451199,10.7085,RGI60-11.01834,11,3072.0,2.836,10.6,176.0,0.1
635,CARESER,2017,-2.747,2016-09-25,2017-09-14,1292.5276145935102,392.7067418037602,10.316774353082652,,,,,False,training_population,46.451199,10.7085,RGI60-11.01834,11,3072.0,2.836,10.6,176.0,0.1
635,CARESER,2018,-1.981,2017-09-14,2018-09-15,1404.6031000773155,542.0366084599202,10.144342815012198,,,,,False,training_population,46.451199,10.7085,RGI60-11.01834,11,3072.0,2.836,10.6,176.0,0.1
635,CARESER,2019,-1.432,2018-09-15,2019-09-21,1419.402612940475,704.4840261634527,10.463248044166036,,,,,False,training_population,46.451199,10.7085,RGI60-11.01834,11,3072.0,2.836,10.6,176.0,0.1
635,CARESER,2020,-1.371,2019-09-21,2020-09-19,1509.9402875264536,577.4065421937529,9.96034942709884,,,,,False,training_population,46.451199,10.7085,RGI60-11.01834,11,3072.0,2.836,10.6,176.0,0.1
635,CARESER,2021,-0.95,2020-09-19,2021-09-13,1165.657700475061,618.7548095826294,9.671865917979831,,,,,False,training_population,46.451199,10.7085,RGI60-11.01834,11,3072.0,2.836,10.6,176.0,0.1
635,CARESER,2022,-3.965,2021-09-13,2022-09-21,1627.645561981206,389.391325122876,11.39680460777838,,,,,False,training_population,46.451199,10.7085,RGI60-11.01834,11,3072.0,2.836,10.6,176.0,0.1
635,CARESER,2023,-2.855,2022-09-21,2023-10-01,1638.8468237559052,342.2005128020551,10.543739421125792,,,,,False,training_population,46.451199,10.7085,RGI60-11.01834,11,3072.0,2.836,10.6,176.0,0.1
635,CARESER,2024,-1.548,2023-10-01,2024-09-22,1133.9060818990115,707.6934847772484,7.913566788383178,,,,,False,training_population,46.451199,10.7085,RGI60-11.01834,11,3072.0,2.836,10.6,176.0,0.1
635,CARESER,2025,-2.151,2024-09-22,2025-09-20,1504.1418888092085,307.41185802752113,10.867185121342777,,,,,False,training_population,46.451199,10.7085,RGI60-11.01834,11,3072.0,2.836,10.6,176.0,0.1
675,PENDENTE (VEDR.) / HANGENDERF.,1996,-0.534,1996-07-15,1996-09-15,492.2029846191419,35.69502654416823,9.450471787982538,,,,,False,training_population,46.9656,11.2247,RGI60-11.00603,11,2783.0,0.841,15.8,175.0,0.1
675,PENDENTE (VEDR.) / HANGENDERF.,1997,-0.012,1996-09-15,1997-09-21,1267.6125568389932,659.869056342,8.827835358053036,,,,,False,training_population,46.9656,11.2247,RGI60-11.00603,11,2783.0,0.841,15.8,175.0,0.1
675,PENDENTE (VEDR.) / HANGENDERF.,1998,-1.21,1997-09-21,1998-09-30,1437.4064472198534,645.7539989281464,9.96654843454778,,,,,False,training_population,46.9656,11.2247,RGI60-11.00603,11,2783.0,0.841,15.8,175.0,0.1
675,PENDENTE (VEDR.) / HANGENDERF.,1999,-0.541,1998-09-30,1999-09-12,1181.0172389984168,817.2453828469486,9.193183310135572,,,,,False,training_population,46.9656,11.2247,RGI60-11.00603,11,2783.0,0.841,15.8,175.0,0.1
675,PENDENTE (VEDR.) / HANGENDERF.,2000,-1.379,1999-09-12,2000-09-16,1489.6110628763884,691.9146805404744,9.564431189108609,,,,,False,training_population,46.9656,11.2247,RGI60-11.00603,11,2783.0,0.841,15.8,175.0,0.1
675,PENDENTE (VEDR.) / HANGENDERF.,2001,0.048,2000-09-16,2001-09-15,1291.892291132613,955.7853629530548,9.396189149220804,,,,,False,training_population,46.9656,11.2247,RGI60-11.00603,11,2783.0,0.841,15.8,175.0,0.1
675,PENDENTE (VEDR.) / HANGENDERF.,2002,-1.294,2001-09-16,2002-09-15,1438.6197910308886,560.6152143470417,10.328976208230744,,,,,False,training_population,46.9656,11.2247,RGI60-11.00603,11,2783.0,0.841,15.8,175.0,0.1
675,PENDENTE (VEDR.) / HANGENDERF.,2003,-2.078,2002-09-15,2003-09-20,1651.9485187530563,544.4903239028705,12.608908852286984,,,,,False,training_population,46.9656,11.2247,RGI60-11.00603,11,2783.0,0.841,15.8,175.0,0.1
675,PENDENTE (VEDR.) / HANGENDERF.,2004,-0.427,2003-09-20,2004-09-19,1263.9996499379513,761.0714484136843,9.226126393027949,,,,,False,training_population,46.9656,11.2247,RGI60-11.00603,11,2783.0,0.841,15.8,175.0,0.1
675,PENDENTE (VEDR.) / HANGENDERF.,2005,-0.963,2004-09-19,2005-09-26,1456.514396667485,508.986431615945,9.173704809382366,,,,,False,training_population,46.9656,11.2247,RGI60-11.00603,11,2783.0,0.841,15.8,175.0,0.1
675,PENDENTE (VEDR.) / HANGENDERF.,2006,-1.78,2005-09-26,2006-09-24,1484.0160714467409,546.889268095299,9.629730506565284,,,,,False,training_population,46.9656,11.2247,RGI60-11.00603,11,2783.0,0.841,15.8,175.0,0.1
675,PENDENTE (VEDR.) / HANGENDERF.,2007,-2.154,2006-09-24,2007-09-23,1498.3455726623588,544.7007877494698,9.835073967256434,,,,,False,training_population,46.9656,11.2247,RGI60-11.00603,11,2783.0,0.841,15.8,175.0,0.1
675,PENDENTE (VEDR.) / HANGENDERF.,2008,-1.484,2007-09-23,2008-09-21,1328.9015131632532,731.2164476317485,9.90804140671442,,,,,False,training_population,46.9656,11.2247,RGI60-11.00603,11,2783.0,0.841,15.8,175.0,0.1
675,PENDENTE (VEDR.) / HANGENDERF.,2009,-0.844,2008-09-21,2009-10-04,1549.399522018438,660.8380516938262,10.06464566216955,,,,,False,training_population,46.9656,11.2247,RGI60-11.00603,11,2783.0,0.841,15.8,175.0,0.1
675,PENDENTE (VEDR.) / HANGENDERF.,2010,-0.134,2009-10-04,2010-09-12,1202.854946517948,679.4843099464102,9.902700623222042,,,,,False,training_population,46.9656,11.2247,RGI60-11.00603,11,2783.0,0.841,15.8,175.0,0.1
675,PENDENTE (VEDR.) / HANGENDERF.,2011,-1.8,2010-09-12,2011-09-17,1468.2416318257697,561.6094739682751,9.382894687376185,,,,,False,training_population,46.9656,11.2247,RGI60-11.00603,11,2783.0,0.841,15.8,175.0,0.1
675,PENDENTE (VEDR.) / HANGENDERF.,2012,-1.938,2011-09-17,2012-10-05,1547.0446023305308,699.627960477045,10.317488496199925,,,,,False,training_population,46.9656,11.2247,RGI60-11.00603,11,2783.0,0.841,15.8,175.0,0.1
675,PENDENTE (VEDR.) / HANGENDERF.,2013,-0.79,2012-10-05,2013-09-24,1316.3520092010538,807.167768405634,10.037465646992583,,,,,False,training_population,46.9656,11.2247,RGI60-11.00603,11,2783.0,0.841,15.8,175.0,0.1
675,PENDENTE (VEDR.) / HANGENDERF.,2014,-0.114,2013-09-24,2014-09-29,1310.8594556172736,703.4721852288719,8.661434137648454,,,,,False,training_population,46.9656,11.2247,RGI60-11.00603,11,2783.0,0.841,15.8,175.0,0.1
675,PENDENTE (VEDR.) / HANGENDERF.,2015,-1.5,2014-09-29,2015-09-27,1610.1133948008269,612.1608211086169,11.942491523079273,,,,,False,training_population,46.9656,11.2247,RGI60-11.00603,11,2783.0,0.841,15.8,175.0,0.1
675,PENDENTE (VEDR.) / HANGENDERF.,2016,-1.195,2015-09-27,2016-09-15,1409.3596065521288,563.6244536494104,10.221569592019808,,,,,False,training_population,46.9656,11.2247,RGI60-11.00603,11,2783.0,0.841,15.8,175.0,0.1
675,PENDENTE (VEDR.) / HANGENDERF.,2017,-1.589,2016-09-15,2017-09-27,1555.879536310837,546.5988695078679,11.474766951021964,,,,,False,training_population,46.9656,11.2247,RGI60-11.00603,11,2783.0,0.841,15.8,175.0,0.1
675,PENDENTE (VEDR.) / HANGENDERF.,2018,-2.229,2017-09-27,2018-09-28,1698.003285344446,681.2938922526471,11.191561027195164,,,,,False,training_population,46.9656,11.2247,RGI60-11.00603,11,2783.0,0.841,15.8,175.0,0.1
675,PENDENTE (VEDR.) / HANGENDERF.,2019,-1.048,2018-09-28,2019-09-27,1552.869647216802,722.4530858834087,11.589044154899732,,,,,False,training_population,46.9656,11.2247,RGI60-11.00603,11,2783.0,0.841,15.8,175.0,0.1
675,PENDENTE (VEDR.) / HANGENDERF.,2020,-1.896,2019-09-27,2020-10-01,1625.569216156011,650.6999029797811,10.441544407001464,,,,,False,training_population,46.9656,11.2247,RGI60-11.00603,11,2783.0,0.841,15.8,175.0,0.1
675,PENDENTE (VEDR.) / HANGENDERF.,2021,-1.2,2020-10-01,2021-09-28,1368.0790946960497,709.7650544394085,10.441117644655552,,,,,False,training_population,46.9656,11.2247,RGI60-11.00603,11,2783.0,0.841,15.8,175.0,0.1
675,PENDENTE (VEDR.) / HANGENDERF.,2022,-3.493,2021-09-28,2022-10-08,1681.3710642496794,520.6334389975069,12.041079333208636,,,,,False,training_population,46.9656,11.2247,RGI60-11.00603,11,2783.0,0.841,15.8,175.0,0.1
675,PENDENTE (VEDR.) / HANGENDERF.,2023,-3.703,2022-08-10,2023-09-30,2109.676411183681,590.6406690655608,11.09728851987606,,,,,False,training_population,46.9656,11.2247,RGI60-11.00603,11,2783.0,0.841,15.8,175.0,0.1
675,PENDENTE (VEDR.) / HANGENDERF.,2024,-1.834,2023-09-30,2024-10-07,1452.398603566493,962.926774049098,9.911913531759534,,,,,False,training_population,46.9656,11.2247,RGI60-11.00603,11,2783.0,0.841,15.8,175.0,0.1
675,PENDENTE (VEDR.) / HANGENDERF.,2025,-2.653,2024-10-07,2025-09-21,1592.7216356913295,376.7432559841275,11.48365169884504,,,,,False,training_population,46.9656,11.2247,RGI60-11.00603,11,2783.0,0.841,15.8,175.0,0.1
726,DJANKUAT,1968,0.1,1967-07-02,1968-07-01,165.38164189656703,421.1505130404767,3.3672466360112905,,,,,False,training_population,43.194401,42.7612,RGI60-12.01132,12,3219.0,1.762,21.9,322.0,0.1
726,DJANKUAT,1969,-1.09,1968-07-01,1969-07-02,868.3321248372431,419.8965774783012,6.909387064994672,,,,,False,training_population,43.194401,42.7612,RGI60-12.01132,12,3219.0,1.762,21.9,322.0,0.1
726,DJANKUAT,1970,0.41,1969-07-02,1970-07-02,723.3863122304315,681.916971306496,6.156404913625433,,,,,False,training_population,43.194401,42.7612,RGI60-12.01132,12,3219.0,1.762,21.9,322.0,0.1
726,DJANKUAT,1971,-0.23,1970-07-02,1971-07-02,677.5570154825879,675.7841989509643,5.950098886797529,,,,,False,training_population,43.194401,42.7612,RGI60-12.01132,12,3219.0,1.762,21.9,322.0,0.1
726,DJANKUAT,1972,-1.14,1971-07-02,1972-07-01,878.058851496382,498.3339113098247,7.200524805594205,,,,,False,training_population,43.194401,42.7612,RGI60-12.01132,12,3219.0,1.762,21.9,322.0,0.1
726,DJANKUAT,1973,-0.28,1972-07-01,1973-07-02,821.4996059417758,493.5952962132077,6.779969402069759,,,,,False,training_population,43.194401,42.7612,RGI60-12.01132,12,3219.0,1.762,21.9,322.0,0.1
726,DJANKUAT,1974,0.24,1973-07-02,1974-07-02,757.0951989491815,624.2438299235466,6.447427880892213,,,,,False,training_population,43.194401,42.7612,RGI60-12.01132,12,3219.0,1.762,21.9,322.0,0.1
726,DJANKUAT,1975,-0.91,1974-07-02,1975-07-02,806.5527328491248,553.6885000600157,6.479405072940315,,,,,False,training_population,43.194401,42.7612,RGI60-12.01132,12,3219.0,1.762,21.9,322.0,0.1
726,DJANKUAT,1976,0.29,1975-09-08,1976-09-25,679.615075047814,649.9303750644465,5.871300350410375,,,,,False,training_population,43.194401,42.7612,RGI60-12.01132,12,3219.0,1.762,21.9,322.0,0.1
726,DJANKUAT,1977,-0.37,1976-09-25,1977-09-26,736.6550827026401,473.025770261998,6.377635297913507,,,,,False,training_population,43.194401,42.7612,RGI60-12.01132,12,3219.0,1.762,21.9,322.0,0.1
726,DJANKUAT,1978,0.44,1977-09-26,1978-07-02,79.91561457316169,723.2029206961065,1.221327241261827,,,,,False,training_population,43.194401,42.7612,RGI60-12.01132,12,3219.0,1.762,21.9,322.0,0.1
726,DJANKUAT,1979,-0.31,1978-07-02,1979-09-23,1415.2063349405976,634.5156163104307,7.15216989122447,,,,,False,training_population,43.194401,42.7612,RGI60-12.01132,12,3219.0,1.762,21.9,322.0,0.1
726,DJANKUAT,1980,0.38,1979-09-23,1980-09-17,882.984094365441,607.1910030061041,7.631995054604374,,,,,False,training_population,43.194401,42.7612,RGI60-12.01132,12,3219.0,1.762,21.9,322.0,0.1
726,DJANKUAT,1981,-0.91,1980-09-18,1981-10-15,837.8002057393422,687.6082009764737,6.838283502882828,,,,,False,training_population,43.194401,42.7612,RGI60-12.01132,12,3219.0,1.762,21.9,322.0,0.1
726,DJANKUAT,1982,0.42,1981-10-15,1982-10-18,752.8402945200638,594.5192915469626,5.989002876005332,,,,,False,training_population,43.194401,42.7612,RGI60-12.01132,12,3219.0,1.762,21.9,322.0,0.1
726,DJANKUAT,1983,-0.97,1982-10-18,1983-10-04,767.5885639190703,458.2440143459934,6.554202119854934,,,,,False,training_population,43.194401,42.7612,RGI60-12.01132,12,3219.0,1.762,21.9,322.0,0.1
726,DJANKUAT,1984,0.21,1983-10-04,1984-10-14,795.243088658654,641.183309699116,6.235781986126025,,,,,False,training_population,43.194401,42.7612,RGI60-12.01132,12,3219.0,1.762,21.9,322.0,0.1
726,DJANKUAT,1985,-0.38,1984-10-14,1985-09-28,826.7624515533479,426.3392243711088,6.917089516183625,,,,,False,training_population,43.194401,42.7612,RGI60-12.01132,12,3219.0,1.762,21.9,322.0,0.1
726,DJANKUAT,1986,-0.5,1985-09-28,1986-10-03,890.2841351827017,514.2141567323897,7.411021590578406,,,,,False,training_population,43.194401,42.7612,RGI60-12.01132,12,3219.0,1.762,21.9,322.0,0.1
726,DJANKUAT,1987,1.54,1986-10-03,1987-10-12,773.5314797719352,977.1585984124832,6.746936154020027,,,,,False,training_population,43.194401,42.7612,RGI60-12.01132,12,3219.0,1.762,21.9,322.0,0.1
726,DJANKUAT,1988,0.52,1987-10-12,1988-10-01,766.3666247049998,579.209711101683,6.739800990837229,,,,,False,training_population,43.194401,42.7612,RGI60-12.01132,12,3219.0,1.762,21.9,322.0,0.1
726,DJANKUAT,1989,0.04,1988-10-01,1989-09-26,879.7487983703647,655.2023320349072,7.605803605784561,,,,,False,training_population,43.194401,42.7612,RGI60-12.01132,12,3219.0,1.762,21.9,322.0,0.1
726,DJANKUAT,1990,0.34,1989-09-26,1990-10-12,777.8171058654818,878.1478969767597,6.466517875505556,,,,,False,training_population,43.194401,42.7612,RGI60-12.01132,12,3219.0,1.762,21.9,322.0,0.1
726,DJANKUAT,1991,-0.31,1990-10-12,1991-10-23,950.811287816369,543.3395284400575,7.771146399732967,,,,,False,training_population,43.194401,42.7612,RGI60-12.01132,12,3219.0,1.762,21.9,322.0,0.1
726,DJANKUAT,1992,-0.13,1991-10-23,1992-09-19,672.6443622589136,557.0133313413628,5.897842523326068,,,,,False,training_population,43.194401,42.7612,RGI60-12.01132,12,3219.0,1.762,21.9,322.0,0.1
726,DJANKUAT,1993,1.1,1992-09-19,1993-10-22,774.151978302005,876.0583501484475,6.637466816280219,,,,,False,training_population,43.194401,42.7612,RGI60-12.01132,12,3219.0,1.762,21.9,322.0,0.1
726,DJANKUAT,1994,-0.84,1993-10-22,1994-10-13,960.6621407826776,370.9540862022926,6.7958575525145815,,,,,False,training_population,43.194401,42.7612,RGI60-12.01132,12,3219.0,1.762,21.9,322.0,0.1
726,DJANKUAT,1995,0.04,1994-10-13,1995-09-23,871.2024098714226,531.0555909020884,7.1602310705876215,,,,,False,training_population,43.194401,42.7612,RGI60-12.01132,12,3219.0,1.762,21.9,322.0,0.1
726,DJANKUAT,1996,-0.15,1995-09-23,1996-10-11,826.0400817871125,617.7625644960258,7.233924346039282,,,,,False,training_population,43.194401,42.7612,RGI60-12.01132,12,3219.0,1.762,21.9,322.0,0.1
726,DJANKUAT,1997,0.27,1996-10-11,1997-09-25,772.4522524515821,655.690303223821,7.0742104005122775,,,,,False,training_population,43.194401,42.7612,RGI60-12.01132,12,3219.0,1.762,21.9,322.0,0.1
726,DJANKUAT,1998,-1.0,1997-09-25,1998-10-17,1153.143491872156,553.858223939045,9.146777289846694,,,,,False,training_population,43.194401,42.7612,RGI60-12.01132,12,3219.0,1.762,21.9,322.0,0.1
726,DJANKUAT,1999,-0.56,1998-10-17,1999-10-07,903.2619869232212,517.5847368206412,7.814355786641465,,,,,False,training_population,43.194401,42.7612,RGI60-12.01132,12,3219.0,1.762,21.9,322.0,0.1
726,DJANKUAT,2000,-1.14,1999-10-07,2000-11-15,934.1963322957392,691.4602299479213,8.312137505628087,,,,,False,training_population,43.194401,42.7612,RGI60-12.01132,12,3219.0,1.762,21.9,322.0,0.1
726,DJANKUAT,2001,-0.62,2000-11-01,2001-09-28,833.0685059865343,509.8016828841843,7.521988798224429,,,,,False,training_population,43.194401,42.7612,RGI60-12.01132,12,3219.0,1.762,21.9,322.0,0.1
726,DJANKUAT,2002,0.43,2001-09-28,2002-10-03,802.7590899149607,705.5819976422448,6.580625926584459,,,,,False,training_population,43.194401,42.7612,RGI60-12.01132,12,3219.0,1.762,21.9,322.0,0.1
726,DJANKUAT,2003,0.28,2002-10-03,2003-10-12,838.7038225809774,535.1462518447789,6.630382612477203,,,,,False,training_population,43.194401,42.7612,RGI60-12.01132,12,3219.0,1.762,21.9,322.0,0.1
726,DJANKUAT,2004,0.73,2003-10-12,2004-10-03,783.7017398834262,683.2371354012174,6.679736136008021,,,,,False,training_population,43.194401,42.7612,RGI60-12.01132,12,3219.0,1.762,21.9,322.0,0.1
726,DJANKUAT,2005,0.39,2004-10-03,2005-10-03,871.6660200754836,779.9088918662313,7.611198617409993,,,,,False,training_population,43.194401,42.7612,RGI60-12.01132,12,3219.0,1.762,21.9,322.0,0.1
726,DJANKUAT,2006,-0.8,2005-10-03,2006-10-12,1049.8297182718948,734.548604660798,9.04845821546474,,,,,False,training_population,43.194401,42.7612,RGI60-12.01132,12,3219.0,1.762,21.9,322.0,0.1
726,DJANKUAT,2007,-2.01,2006-10-12,2007-10-19,1060.7469556172723,634.3841912749184,8.080183193649095,,,,,False,training_population,43.194401,42.7612,RGI60-12.01132,12,3219.0,1.762,21.9,322.0,0.1
726,DJANKUAT,2008,-0.41,2007-10-19,2008-09-30,844.3941469828321,680.4758241141791,7.217516185926376,,,,,False,training_population,43.194401,42.7612,RGI60-12.01132,12,3219.0,1.762,21.9,322.0,0.1
726,DJANKUAT,2009,-0.23,2008-01-10,2009-07-02,1061.6313282012984,965.3077707387608,6.822251246052426,,,,,False,training_population,43.194401,42.7612,RGI60-12.01132,12,3219.0,1.762,21.9,322.0,0.1
726,DJANKUAT,2010,-1.17,2009-09-18,2010-10-02,1169.2896558125851,690.5294002832427,9.285173449309,,,,,False,training_population,43.194401,42.7612,RGI60-12.01132,12,3219.0,1.762,21.9,322.0,0.1
726,DJANKUAT,2011,-0.94,2010-10-03,2011-09-29,896.875644429528,572.1127648344186,8.061854188338593,,,,,False,training_population,43.194401,42.7612,RGI60-12.01132,12,3219.0,1.762,21.9,322.0,0.1
726,DJANKUAT,2012,-1.58,2011-09-30,2012-10-08,1047.0117022196496,474.4268820261333,8.258853171528274,,,,,False,training_population,43.194401,42.7612,RGI60-12.01132,12,3219.0,1.762,21.9,322.0,0.1
726,DJANKUAT,2013,-0.56,2012-10-09,2013-09-22,770.3695003509555,528.1319390042079,6.622431891897472,,,,,False,training_population,43.194401,42.7612,RGI60-12.01132,12,3219.0,1.762,21.9,322.0,0.1
726,DJANKUAT,2014,-1.56,2013-09-23,2014-09-23,960.999509811405,566.1756805769685,8.130254903047007,,,,,False,training_population,43.194401,42.7612,RGI60-12.01132,12,3219.0,1.762,21.9,322.0,0.1
726,DJANKUAT,2015,-1.05,2014-09-23,2015-09-28,1091.9654946645137,591.4345894272728,8.806479542497302,,,,,False,training_population,43.194401,42.7612,RGI60-12.01132,12,3219.0,1.762,21.9,322.0,0.1
726,DJANKUAT,2016,-0.84,2015-09-28,2016-09-21,909.6571292877233,662.617566466288,7.904245160973615,,,,,False,training_population,43.194401,42.7612,RGI60-12.01132,12,3219.0,1.762,21.9,322.0,0.1
726,DJANKUAT,2017,-1.06,2016-09-21,2017-10-02,1080.356871414188,662.2570501901599,8.716837688114353,,,,,False,training_population,43.194401,42.7612,RGI60-12.01132,12,3219.0,1.762,21.9,322.0,0.1
726,DJANKUAT,2018,-0.04,2017-10-16,2018-10-16,1116.6642463684116,632.1303571155888,8.862462118397607,,,,,False,training_population,43.194401,42.7612,RGI60-12.01132,12,3219.0,1.762,21.9,322.0,0.1
726,DJANKUAT,2019,-0.63,2018-10-16,2019-09-21,979.2716818491652,496.2322215880199,8.744771375517939,,,,,False,training_population,43.194401,42.7612,RGI60-12.01132,12,3219.0,1.762,21.9,322.0,0.1
726,DJANKUAT,2020,-1.37,2019-09-22,2020-10-02,980.9674550374386,454.536342986728,7.232144285284976,,,,,False,training_population,43.194401,42.7612,RGI60-12.01132,12,3219.0,1.762,21.9,322.0,0.1
726,DJANKUAT,2021,-0.17,2020-10-03,2021-09-24,991.2711325327592,692.3132353736642,8.172537304698581,,,,,False,training_population,43.194401,42.7612,RGI60-12.01132,12,3219.0,1.762,21.9,322.0,0.1
726,DJANKUAT,2022,-0.59,2021-09-24,2022-09-24,976.4672838846872,616.976813722001,8.64838179159858,,,,,False,training_population,43.194401,42.7612,RGI60-12.01132,12,3219.0,1.762,21.9,322.0,0.1
726,DJANKUAT,2023,-0.07,2022-09-25,2023-10-02,996.3527221679722,571.3620161401459,8.230287626515288,,,,,False,training_population,43.194401,42.7612,RGI60-12.01132,12,3219.0,1.762,21.9,322.0,0.1
726,DJANKUAT,2024,-0.59,2023-10-02,2024-10-03,1064.7544139862098,676.3021590954565,8.534599503226927,,,,,False,training_population,43.194401,42.7612,RGI60-12.01132,12,3219.0,1.762,21.9,322.0,0.1
726,DJANKUAT,2025,-0.4,2024-10-03,2025-09-18,965.4039273579948,572.6546273840576,8.511085674728196,,,,,False,training_population,43.194401,42.7612,RGI60-12.01132,12,3219.0,1.762,21.9,322.0,0.1
761,GARABASHI,1984,0.34,1983-09-03,1984-09-10,471.4330533345561,419.4935037303828,4.56417766377548,,,,,False,training_population,43.308197,42.469013,RGI60-12.00161,12,3915.0,5.41,15.9,158.0,0.1
761,GARABASHI,1985,-0.1,1984-09-10,1985-09-12,663.1461734771764,507.9206979469219,5.216566913715332,,,,,False,training_population,43.308197,42.469013,RGI60-12.00161,12,3915.0,5.41,15.9,158.0,0.1
761,GARABASHI,1986,-0.64,1985-09-12,1986-10-02,680.5210933685333,550.6347705901185,5.663562068386378,,,,,False,training_population,43.308197,42.469013,RGI60-12.00161,12,3915.0,5.41,15.9,158.0,0.1
761,GARABASHI,1987,0.41,1986-10-02,1987-09-30,538.907516988121,961.7354451596718,4.958269940251911,,,,,False,training_population,43.308197,42.469013,RGI60-12.00161,12,3915.0,5.41,15.9,158.0,0.1
761,GARABASHI,1988,0.27,1987-09-30,1988-08-28,485.3446646372499,579.0356603908862,5.262480522184359,,,,,False,training_population,43.308197,42.469013,RGI60-12.00161,12,3915.0,5.41,15.9,158.0,0.1
761,GARABASHI,1989,0.03,1988-08-20,1989-09-07,721.7361021677689,709.1744203652937,5.706755592884184,,,,,False,training_population,43.308197,42.469013,RGI60-12.00161,12,3915.0,5.41,15.9,158.0,0.1
761,GARABASHI,1990,0.09,1989-09-07,1990-09-05,503.5600276947045,877.2764548269442,4.630763480974302,,,,,False,training_population,43.308197,42.469013,RGI60-12.00161,12,3915.0,5.41,15.9,158.0,0.1
761,GARABASHI,1991,-0.03,1990-09-05,1991-09-02,650.793157958987,570.4087030545714,6.076502632749277,,,,,False,training_population,43.308197,42.469013,RGI60-12.00161,12,3915.0,5.41,15.9,158.0,0.1
761,GARABASHI,1992,0.14,1991-09-02,1992-09-13,597.8871308644643,571.3529992204407,4.183102267721448,,,,,False,training_population,43.308197,42.469013,RGI60-12.00161,12,3915.0,5.41,15.9,158.0,0.1
761,GARABASHI,1993,0.31,1992-09-13,1993-09-19,534.3350706736271,867.1558096821315,4.8300504255986105,,,,,False,training_population,43.308197,42.469013,RGI60-12.00161,12,3915.0,5.41,15.9,158.0,0.1
761,GARABASHI,1994,-0.43,1993-09-19,1994-09-25,686.5746752421094,427.230478646269,5.040877437591576,,,,,False,training_population,43.308197,42.469013,RGI60-12.00161,12,3915.0,5.41,15.9,158.0,0.1
761,GARABASHI,1995,-0.01,1994-09-25,1995-09-17,694.1036294301384,508.6381940239129,5.54217315618545,,,,,False,training_population,43.308197,42.469013,RGI60-12.00161,12,3915.0,5.41,15.9,158.0,0.1
761,GARABASHI,1996,-0.03,1995-09-17,1996-09-09,590.3951517740907,628.9091253619113,5.588869432090006,,,,,False,training_population,43.308197,42.469013,RGI60-12.00161,12,3915.0,5.41,15.9,158.0,0.1
761,GARABASHI,1997,0.19,1996-09-09,1997-09-04,545.730687586469,617.2341164096408,5.3551711469457,,,,,False,training_population,43.308197,42.469013,RGI60-12.00161,12,3915.0,5.41,15.9,158.0,0.1
761,GARABASHI,1998,-1.51,1997-09-04,1998-09-23,830.1661537170443,605.8335779750798,7.244173477007017,,,,,False,training_population,43.308197,42.469013,RGI60-12.00161,12,3915.0,5.41,15.9,158.0,0.1
761,GARABASHI,1999,-0.82,1998-09-23,1999-09-14,651.8354901631702,570.8817317003784,5.996819943967093,,,,,False,training_population,43.308197,42.469013,RGI60-12.00161,12,3915.0,5.41,15.9,158.0,0.1
761,GARABASHI,2000,-1.06,1999-09-14,2000-09-26,718.0900029500359,621.9470120453145,6.254716692109062,,,,,False,training_population,43.308197,42.469013,RGI60-12.00161,12,3915.0,5.41,15.9,158.0,0.1
761,GARABASHI,2001,-0.75,2000-07-01,2001-07-02,668.1249141693145,587.7691231723147,6.217131726961635,,,,,False,training_population,43.308197,42.469013,RGI60-12.00161,12,3915.0,5.41,15.9,158.0,0.1
761,GARABASHI,2002,0.26,2001-07-02,2002-07-02,616.530229314171,709.7512306216558,5.4556500575021385,,,,,False,training_population,43.308197,42.469013,RGI60-12.00161,12,3915.0,5.41,15.9,158.0,0.1
761,GARABASHI,2003,0.16,2002-07-02,2003-07-02,567.0805614471467,571.1296866831112,4.6097160065900695,,,,,False,training_population,43.308197,42.469013,RGI60-12.00161,12,3915.0,5.41,15.9,158.0,0.1
761,GARABASHI,2004,0.25,2003-07-02,2004-07-01,553.2619537353542,704.0489552532456,4.832537456180762,,,,,False,training_population,43.308197,42.469013,RGI60-12.00161,12,3915.0,5.41,15.9,158.0,0.1
761,GARABASHI,2005,0.2,2004-07-01,2005-07-02,551.7625610351593,769.5053436394303,4.754327318178024,,,,,False,training_population,43.308197,42.469013,RGI60-12.00161,12,3915.0,5.41,15.9,158.0,0.1
761,GARABASHI,2006,-0.66,2005-10-01,2006-09-30,748.453455988569,755.9682173504285,7.005547846918542,,,,,True,training_population,43.308197,42.469013,RGI60-12.00161,12,3915.0,5.41,15.9,158.0,0.1
761,GARABASHI,2007,-0.63,2006-10-01,2007-09-30,763.726809438073,580.3768246757209,6.174293212614224,,,,,True,training_population,43.308197,42.469013,RGI60-12.00161,12,3915.0,5.41,15.9,158.0,0.1
761,GARABASHI,2008,-0.42,2007-10-01,2008-09-30,607.519543838504,772.951923961351,5.352572833627916,,,,,True,training_population,43.308197,42.469013,RGI60-12.00161,12,3915.0,5.41,15.9,158.0,0.1
761,GARABASHI,2009,-0.37,2008-10-01,2009-09-30,487.76629613240857,595.0228579253825,4.496840026413209,,,,,True,training_population,43.308197,42.469013,RGI60-12.00161,12,3915.0,5.41,15.9,158.0,0.1
761,GARABASHI,2010,-1.241,2009-10-01,2010-09-30,837.8885629018182,630.7674114919982,7.173167745617877,,,,,True,training_population,43.308197,42.469013,RGI60-12.00161,12,3915.0,5.41,15.9,158.0,0.1
761,GARABASHI,2011,-0.858,2010-10-01,2011-09-30,656.1393183390329,630.1678735236073,6.17603592803515,,,,,True,training_population,43.308197,42.469013,RGI60-12.00161,12,3915.0,5.41,15.9,158.0,0.1
761,GARABASHI,2012,-0.989,2011-10-01,2012-09-30,731.3050909678177,555.5929718480535,6.358171523826735,,,,,True,training_population,43.308197,42.469013,RGI60-12.00161,12,3915.0,5.41,15.9,158.0,0.1
761,GARABASHI,2013,-0.276,2012-09-15,2013-09-15,563.2720642089876,685.7169158592917,4.715360128706804,,,,,False,training_population,43.308197,42.469013,RGI60-12.00161,12,3915.0,5.41,15.9,158.0,0.1
761,GARABASHI,2014,-0.92,2013-09-15,2014-09-15,712.1438176473013,574.1242501108097,6.23650118786358,,,,,False,training_population,43.308197,42.469013,RGI60-12.00161,12,3915.0,5.41,15.9,158.0,0.1
761,GARABASHI,2015,-1.03,2014-09-15,2015-09-23,813.2370271046991,652.2275384381296,6.84483261937683,,,,,False,training_population,43.308197,42.469013,RGI60-12.00161,12,3915.0,5.41,15.9,158.0,0.1
761,GARABASHI,2016,-0.98,2015-09-23,2016-09-20,684.9747674306263,700.4286636647059,6.093129509082763,,,,,False,training_population,43.308197,42.469013,RGI60-12.00161,12,3915.0,5.41,15.9,158.0,0.1
761,GARABASHI,2017,-0.93,2016-09-20,2017-09-14,737.2468733469673,677.3813247766718,6.736360092439535,,,,,False,training_population,43.308197,42.469013,RGI60-12.00161,12,3915.0,5.41,15.9,158.0,0.1
761,GARABASHI,2018,-0.888,2017-09-14,2018-09-14,814.4394112904899,678.6254565330587,6.818890093374967,,,,,False,training_population,43.308197,42.469013,RGI60-12.00161,12,3915.0,5.41,15.9,158.0,0.1
761,GARABASHI,2019,-0.834,2018-09-14,2019-09-11,778.5428845723501,491.7002337593317,6.777364148955435,,,,,False,training_population,43.308197,42.469013,RGI60-12.00161,12,3915.0,5.41,15.9,158.0,0.1
761,GARABASHI,2020,-1.427,2019-09-11,2020-10-24,796.3791178385457,510.4861432194276,5.730376034888691,,,,,False,training_population,43.308197,42.469013,RGI60-12.00161,12,3915.0,5.41,15.9,158.0,0.1
761,GARABASHI,2021,-0.502,2020-10-24,2021-09-10,684.9567948659287,682.2346350097419,6.545052554641968,,,,,False,training_population,43.308197,42.469013,RGI60-12.00161,12,3915.0,5.41,15.9,158.0,0.1
761,GARABASHI,2022,-1.153,2021-09-10,2022-09-23,781.2389488220247,621.3369653595144,6.841101624309179,,,,,False,training_population,43.308197,42.469013,RGI60-12.00161,12,3915.0,5.41,15.9,158.0,0.1
761,GARABASHI,2023,-0.994,2022-09-23,2023-09-11,738.4124272664417,577.2056174811269,6.82535386292833,,,,,False,training_population,43.308197,42.469013,RGI60-12.00161,12,3915.0,5.41,15.9,158.0,0.1
761,GARABASHI,2024,-1.468,2023-09-10,2024-08-25,689.4971252441435,702.6564532949067,6.883978343934076,,,,,False,training_population,43.308197,42.469013,RGI60-12.00161,12,3915.0,5.41,15.9,158.0,0.1
761,GARABASHI,2025,-0.966,2024-08-25,2025-09-06,921.4275244394972,603.9115943382675,6.945104577164077,,,,,False,training_population,43.308197,42.469013,RGI60-12.00161,12,3915.0,5.41,15.9,158.0,0.1
817,TS.TUYUKSUYSKIY,1957,-0.15,1956-10-01,1957-09-30,804.6221012115509,369.3717427701735,7.081035584988822,,,,,True,training_population,43.05,77.08,RGI60-13.08624,13,3764.0,2.838,19.1,359.0,0.1
817,TS.TUYUKSUYSKIY,1958,0.33,1957-10-01,1958-09-30,823.0656626383496,708.8308329077257,6.664564684162991,,,,,True,training_population,43.05,77.08,RGI60-13.08624,13,3764.0,2.838,19.1,359.0,0.1
817,TS.TUYUKSUYSKIY,1959,-0.42,1958-10-01,1959-09-30,953.4462574005156,537.9355419119669,6.971748309204562,,,,,True,training_population,43.05,77.08,RGI60-13.08624,13,3764.0,2.838,19.1,359.0,0.1
817,TS.TUYUKSUYSKIY,1960,-0.1,1959-10-01,1960-09-30,827.9915796915719,774.5023497358936,6.912705606654094,,,,,True,training_population,43.05,77.08,RGI60-13.08624,13,3764.0,2.838,19.1,359.0,0.1
817,TS.TUYUKSUYSKIY,1961,-0.56,1960-10-01,1961-09-30,1005.2897340138792,518.0773672315374,7.698492332126806,,,,,True,training_population,43.05,77.08,RGI60-13.08624,13,3764.0,2.838,19.1,359.0,0.1
817,TS.TUYUKSUYSKIY,1962,-0.69,1961-10-01,1962-09-30,948.8368595123328,531.8338557830664,7.953237331777401,,,,,True,training_population,43.05,77.08,RGI60-13.08624,13,3764.0,2.838,19.1,359.0,0.1
817,TS.TUYUKSUYSKIY,1963,0.44,1962-10-01,1963-09-30,842.1386185963984,620.1754585118522,7.161730930770676,,,,,True,training_population,43.05,77.08,RGI60-13.08624,13,3764.0,2.838,19.1,359.0,0.1
817,TS.TUYUKSUYSKIY,1964,0.52,1963-10-01,1964-09-30,790.2912982940711,682.0597002148503,7.000766517805039,,,,,True,training_population,43.05,77.08,RGI60-13.08624,13,3764.0,2.838,19.1,359.0,0.1
817,TS.TUYUKSUYSKIY,1965,-0.02,1964-07-01,1965-07-02,876.6136870066362,518.5721251698112,7.277895951778353,,,,,False,training_population,43.05,77.08,RGI60-13.08624,13,3764.0,2.838,19.1,359.0,0.1
817,TS.TUYUKSUYSKIY,1966,0.06,1965-07-02,1966-07-02,895.580611801151,734.0390020458863,8.023635099951107,,,,,False,training_population,43.05,77.08,RGI60-13.08624,13,3764.0,2.838,19.1,359.0,0.1
817,TS.TUYUKSUYSKIY,1967,0.23,1966-07-02,1967-07-02,1002.8966032664016,481.4340001130085,7.97534596159469,,,,,False,training_population,43.05,77.08,RGI60-13.08624,13,3764.0,2.838,19.1,359.0,0.1
817,TS.TUYUKSUYSKIY,1968,-0.78,1967-10-01,1968-09-30,872.1911542256705,534.2463356538581,7.466540549457959,,,,,True,training_population,43.05,77.08,RGI60-13.08624,13,3764.0,2.838,19.1,359.0,0.1
817,TS.TUYUKSUYSKIY,1969,0.21,1968-07-01,1969-07-02,892.9781197865834,735.5088312331084,7.1775339857061065,,,,,False,training_population,43.05,77.08,RGI60-13.08624,13,3764.0,2.838,19.1,359.0,0.1
817,TS.TUYUKSUYSKIY,1970,0.12,1969-07-02,1970-07-02,831.5381696065299,627.3487612367923,6.762980609469966,,,,,False,training_population,43.05,77.08,RGI60-13.08624,13,3764.0,2.838,19.1,359.0,0.1
817,TS.TUYUKSUYSKIY,1971,-0.33,1970-07-02,1971-07-02,916.0246519724564,632.1108831077993,7.517807220130862,,,,,False,training_population,43.05,77.08,RGI60-13.08624,13,3764.0,2.838,19.1,359.0,0.1
817,TS.TUYUKSUYSKIY,1972,0.13,1971-07-02,1972-07-01,816.0468594869014,611.8898904526411,6.775411404043026,,,,,False,training_population,43.05,77.08,RGI60-13.08624,13,3764.0,2.838,19.1,359.0,0.1
817,TS.TUYUKSUYSKIY,1973,-0.3,1972-07-01,1973-07-02,773.1016965230342,620.956610796437,6.3136296414314685,,,,,False,training_population,43.05,77.08,RGI60-13.08624,13,3764.0,2.838,19.1,359.0,0.1
817,TS.TUYUKSUYSKIY,1974,-0.62,1973-07-02,1974-07-02,1007.5445660909054,494.87921536373136,8.18084469456829,,,,,False,training_population,43.05,77.08,RGI60-13.08624,13,3764.0,2.838,19.1,359.0,0.1
817,TS.TUYUKSUYSKIY,1975,-0.45,1974-07-02,1975-07-02,774.6068881988557,449.0836938289249,6.931393375191662,,,,,False,training_population,43.05,77.08,RGI60-13.08624,13,3764.0,2.838,19.1,359.0,0.1
817,TS.TUYUKSUYSKIY,1976,-0.72,1975-09-17,1976-09-06,896.7771853129103,547.6197763455737,7.944194018322511,,,,,False,training_population,43.05,77.08,RGI60-13.08624,13,3764.0,2.838,19.1,359.0,0.1
817,TS.TUYUKSUYSKIY,1977,-1.1,1976-09-06,1977-09-30,1080.6255736033163,516.0593663808086,8.454393641153995,,,,,False,training_population,43.05,77.08,RGI60-13.08624,13,3764.0,2.838,19.1,359.0,0.1
817,TS.TUYUKSUYSKIY,1978,-1.48,1977-09-30,1978-10-05,1070.6440795898477,566.787975933785,8.468733758511773,,,,,False,training_population,43.05,77.08,RGI60-13.08624,13,3764.0,2.838,19.1,359.0,0.1
817,TS.TUYUKSUYSKIY,1979,-0.52,1978-10-05,1979-09-13,782.761035792036,632.4085084061863,7.19836156126384,,,,,False,training_population,43.05,77.08,RGI60-13.08624,13,3764.0,2.838,19.1,359.0,0.1
817,TS.TUYUKSUYSKIY,1980,-0.63,1979-09-13,1980-09-26,1006.3391311645548,571.6409205240786,7.834922796055912,,,,,False,training_population,43.05,77.08,RGI60-13.08624,13,3764.0,2.838,19.1,359.0,0.1
817,TS.TUYUKSUYSKIY,1981,0.11,1980-09-26,1981-09-22,923.3867571512894,616.3604896708534,7.331154773546325,,,,,False,training_population,43.05,77.08,RGI60-13.08624,13,3764.0,2.838,19.1,359.0,0.1
817,TS.TUYUKSUYSKIY,1982,-0.63,1981-09-22,1982-09-13,885.4786216735869,468.2965157838375,7.432496705262578,,,,,False,training_population,43.05,77.08,RGI60-13.08624,13,3764.0,2.838,19.1,359.0,0.1
817,TS.TUYUKSUYSKIY,1983,-0.54,1982-09-13,1983-09-10,910.4767941792836,534.6261261684652,8.190729803278845,,,,,False,training_population,43.05,77.08,RGI60-13.08624,13,3764.0,2.838,19.1,359.0,0.1
817,TS.TUYUKSUYSKIY,1984,-1.25,1983-09-10,1984-09-01,1028.1067236582471,647.9781383253496,9.445978218576208,,,,,False,training_population,43.05,77.08,RGI60-13.08624,13,3764.0,2.838,19.1,359.0,0.1
817,TS.TUYUKSUYSKIY,1985,-0.55,1984-09-01,1985-10-02,1048.4771681467732,682.1092500886863,7.867569659412795,,,,,False,training_population,43.05,77.08,RGI60-13.08624,13,3764.0,2.838,19.1,359.0,0.1
817,TS.TUYUKSUYSKIY,1986,-0.52,1985-10-02,1986-09-20,879.9552697499628,551.0650786998284,7.619143512283569,,,,,False,training_population,43.05,77.08,RGI60-13.08624,13,3764.0,2.838,19.1,359.0,0.1
817,TS.TUYUKSUYSKIY,1987,-0.34,1986-09-20,1987-09-01,829.1791470845568,739.195073551187,7.301827104540863,,,,,False,training_population,43.05,77.08,RGI60-13.08624,13,3764.0,2.838,19.1,359.0,0.1
817,TS.TUYUKSUYSKIY,1988,-0.61,1987-09-01,1988-09-23,1086.945168050134,695.565001871767,7.808497386047829,,,,,False,training_population,43.05,77.08,RGI60-13.08624,13,3764.0,2.838,19.1,359.0,0.1
817,TS.TUYUKSUYSKIY,1989,-0.46,1988-09-23,1989-09-20,780.6649443308543,615.6706211063074,6.721899549511922,,,,,False,training_population,43.05,77.08,RGI60-13.08624,13,3764.0,2.838,19.1,359.0,0.1
817,TS.TUYUKSUYSKIY,1990,-0.96,1989-09-20,1990-10-02,1109.4002562205037,618.6486086812372,8.662215162360175,,,,,False,training_population,43.05,77.08,RGI60-13.08624,13,3764.0,2.838,19.1,359.0,0.1
817,TS.TUYUKSUYSKIY,1991,-1.1,1990-10-02,1991-09-27,983.879507319136,523.684122778942,7.93134776267455,,,,,False,training_population,43.05,77.08,RGI60-13.08624,13,3764.0,2.838,19.1,359.0,0.1
817,TS.TUYUKSUYSKIY,1992,-0.24,1991-09-27,1992-09-20,804.8538191477492,584.0253320334589,7.112136072352336,,,,,False,training_population,43.05,77.08,RGI60-13.08624,13,3764.0,2.838,19.1,359.0,0.1
817,TS.TUYUKSUYSKIY,1993,0.602,1992-09-20,1993-08-21,651.061891810102,648.1215000359128,7.019448844785638,,,,,False,training_population,43.05,77.08,RGI60-13.08624,13,3764.0,2.838,19.1,359.0,0.1
817,TS.TUYUKSUYSKIY,1994,-0.443,1993-08-21,1994-09-16,1141.24258384705,593.9614519641302,8.523471413769789,,,,,False,training_population,43.05,77.08,RGI60-13.08624,13,3764.0,2.838,19.1,359.0,0.1
817,TS.TUYUKSUYSKIY,1995,-0.587,1994-09-16,1995-09-26,979.4686599731482,454.30340733804894,8.304156391862529,,,,,False,training_population,43.05,77.08,RGI60-13.08624,13,3764.0,2.838,19.1,359.0,0.1
817,TS.TUYUKSUYSKIY,1996,-0.456,1995-09-26,1996-09-06,756.0316889445015,601.9740476689108,7.116000885894354,,,,,False,training_population,43.05,77.08,RGI60-13.08624,13,3764.0,2.838,19.1,359.0,0.1
817,TS.TUYUKSUYSKIY,1997,-1.467,1996-09-06,1997-09-11,1121.7250668843626,634.99174340145,8.689089179384561,,,,,False,training_population,43.05,77.08,RGI60-13.08624,13,3764.0,2.838,19.1,359.0,0.1
817,TS.TUYUKSUYSKIY,1998,-0.359,1997-09-11,1998-09-11,1037.8070274353067,561.125020188431,8.133692767654665,,,,,False,training_population,43.05,77.08,RGI60-13.08624,13,3764.0,2.838,19.1,359.0,0.1
817,TS.TUYUKSUYSKIY,1999,-0.23,1998-09-11,1999-09-12,912.6326408386262,682.1436437608099,7.440994005617909,,,,,False,training_population,43.05,77.08,RGI60-13.08624,13,3764.0,2.838,19.1,359.0,0.1
817,TS.TUYUKSUYSKIY,2000,-0.113,1999-09-12,2000-09-09,995.0365402221712,606.2603049360575,8.009127145573736,,,,,False,training_population,43.05,77.08,RGI60-13.08624,13,3764.0,2.838,19.1,359.0,0.1
817,TS.TUYUKSUYSKIY,2001,-0.555,2000-09-25,2001-09-10,923.4592679341667,549.2422871495037,7.997370400636114,,,,,False,training_population,43.05,77.08,RGI60-13.08624,13,3764.0,2.838,19.1,359.0,0.1
817,TS.TUYUKSUYSKIY,2002,-0.302,2001-09-10,2002-09-14,872.6290045420362,900.6236374929947,7.934375077399681,,,,,False,training_population,43.05,77.08,RGI60-13.08624,13,3764.0,2.838,19.1,359.0,0.1
817,TS.TUYUKSUYSKIY,2003,0.359,2002-09-14,2003-09-09,960.9439455668164,541.3304543937692,7.401527313564155,,,,,False,training_population,43.05,77.08,RGI60-13.08624,13,3764.0,2.838,19.1,359.0,0.1
817,TS.TUYUKSUYSKIY,2004,0.062,2003-09-09,2004-09-08,909.4744796752962,671.8537007144718,7.580234678240812,,,,,False,training_population,43.05,77.08,RGI60-13.08624,13,3764.0,2.838,19.1,359.0,0.1
817,TS.TUYUKSUYSKIY,2005,-0.34,2004-09-08,2005-09-18,1060.7070877075232,606.0851294792328,8.109007543757366,,,,,False,training_population,43.05,77.08,RGI60-13.08624,13,3764.0,2.838,19.1,359.0,0.1
817,TS.TUYUKSUYSKIY,2006,-0.969,2005-09-18,2006-09-14,1018.6844155629506,517.5415808516774,8.254803041098796,,,,,False,training_population,43.05,77.08,RGI60-13.08624,13,3764.0,2.838,19.1,359.0,0.1
817,TS.TUYUKSUYSKIY,2007,-0.915,2006-09-14,2007-09-23,1170.0979002634726,513.0258443147362,8.513355889527716,,,,,False,training_population,43.05,77.08,RGI60-13.08624,13,3764.0,2.838,19.1,359.0,0.1
817,TS.TUYUKSUYSKIY,2008,-1.357,2007-09-23,2008-09-20,1101.340486526493,517.663323226099,9.347903201891052,,,,,False,training_population,43.05,77.08,RGI60-13.08624,13,3764.0,2.838,19.1,359.0,0.1
817,TS.TUYUKSUYSKIY,2009,0.206,2008-09-20,2009-08-31,714.0007397969591,760.2136632582628,6.8706785893094935,,,,,False,training_population,43.05,77.08,RGI60-13.08624,13,3764.0,2.838,19.1,359.0,0.1
817,TS.TUYUKSUYSKIY,2010,0.032,2009-08-31,2010-10-02,1083.1164290110312,678.3018880445866,8.139095451327659,,,,,False,training_population,43.05,77.08,RGI60-13.08624,13,3764.0,2.838,19.1,359.0,0.1
817,TS.TUYUKSUYSKIY,2011,-0.314,2010-10-02,2011-09-21,1067.623503621423,416.407198361128,8.314508775351728,,,,,False,training_population,43.05,77.08,RGI60-13.08624,13,3764.0,2.838,19.1,359.0,0.1
817,TS.TUYUKSUYSKIY,2012,-1.023,2011-09-21,2012-09-20,1051.5302753448525,464.3560727740877,8.423221731877003,,,,,False,training_population,43.05,77.08,RGI60-13.08624,13,3764.0,2.838,19.1,359.0,0.1
817,TS.TUYUKSUYSKIY,2013,-0.34,2012-09-20,2013-10-10,1050.8395643870072,589.5116360172672,7.896554047128449,,,,,False,training_population,43.05,77.08,RGI60-13.08624,13,3764.0,2.838,19.1,359.0,0.1
817,TS.TUYUKSUYSKIY,2014,-1.088,2013-10-10,2014-09-19,912.210924021406,527.1567083270128,8.007939565354521,,,,,False,training_population,43.05,77.08,RGI60-13.08624,13,3764.0,2.838,19.1,359.0,0.1
817,TS.TUYUKSUYSKIY,2015,-0.756,2014-09-20,2015-09-19,1023.1338303883902,593.8278547853884,8.868485069274922,,,,,False,training_population,43.05,77.08,RGI60-13.08624,13,3764.0,2.838,19.1,359.0,0.1
817,TS.TUYUKSUYSKIY,2016,0.561,2015-09-20,2016-09-24,1091.0952992757204,565.8952655756053,8.499130061052872,,,,,False,training_population,43.05,77.08,RGI60-13.08624,13,3764.0,2.838,19.1,359.0,0.1
817,TS.TUYUKSUYSKIY,2017,-1.113,2016-09-25,2017-09-22,1090.146949513757,579.0877141067447,8.598601975648322,,,,,False,training_population,43.05,77.08,RGI60-13.08624,13,3764.0,2.838,19.1,359.0,0.1
817,TS.TUYUKSUYSKIY,2018,-0.075,2017-09-23,2018-09-09,902.5168104807572,702.5561961679933,8.33466104700948,,,,,False,training_population,43.05,77.08,RGI60-13.08624,13,3764.0,2.838,19.1,359.0,0.1
817,TS.TUYUKSUYSKIY,2019,-0.58,2018-09-10,2019-09-05,993.5238805135124,616.3119870064406,8.685147988969023,,,,,False,training_population,43.05,77.08,RGI60-13.08624,13,3764.0,2.838,19.1,359.0,0.1
817,TS.TUYUKSUYSKIY,2020,-0.287,2019-09-06,2020-09-18,1130.4822425842322,497.2805658281949,8.30775092166405,,,,,False,training_population,43.05,77.08,RGI60-13.08624,13,3764.0,2.838,19.1,359.0,0.1
817,TS.TUYUKSUYSKIY,2021,-0.609,2020-07-01,2021-07-02,1083.1972164154083,478.271930469937,8.653731607207188,,,,,False,training_population,43.05,77.08,RGI60-13.08624,13,3764.0,2.838,19.1,359.0,0.1
817,TS.TUYUKSUYSKIY,2022,-1.13,2021-10-01,2022-09-29,1244.7489691416458,451.7501068875412,9.228512106080007,,,,,False,training_population,43.05,77.08,RGI60-13.08624,13,3764.0,2.838,19.1,359.0,0.1
817,TS.TUYUKSUYSKIY,2023,-0.488,2022-09-30,2023-09-14,1053.871262741092,510.3483571326776,9.599384907708671,,,,,False,training_population,43.05,77.08,RGI60-13.08624,13,3764.0,2.838,19.1,359.0,0.1
817,TS.TUYUKSUYSKIY,2024,-0.761,2023-08-25,2024-09-16,1307.0291833241822,609.2576775473617,9.523230302855646,,,,,False,training_population,43.05,77.08,RGI60-13.08624,13,3764.0,2.838,19.1,359.0,0.1
817,TS.TUYUKSUYSKIY,2025,-1.367,2024-09-16,2025-09-15,1346.351892598474,440.6486738554918,10.000759233944684,,,,,False,training_population,43.05,77.08,RGI60-13.08624,13,3764.0,2.838,19.1,359.0,0.1
942,MALADETA,1992,-0.327,1992-05-26,1992-09-01,1179.8326814015734,0.0,12.0797502877056,,,,,False,training_population,42.648998,0.6393,RGI60-11.03209,11,3103.0,0.26,24.4,14.0,0.1
942,MALADETA,1993,-0.032,1993-05-12,1993-11-27,1783.4452467600552,34.937054827651075,12.934696527840458,,,,,False,training_population,42.648998,0.6393,RGI60-11.03209,11,3103.0,0.26,24.4,14.0,0.1
942,MALADETA,1994,0.351,1994-06-15,1994-08-18,1001.1036656697606,0.0,15.401594856457857,,,,,False,training_population,42.648998,0.6393,RGI60-11.03209,11,3103.0,0.26,24.4,14.0,0.1
942,MALADETA,1995,-0.643,1995-06-04,1995-08-26,1098.6236347198503,0.0,13.078852794283936,,,,,False,training_population,42.648998,0.6393,RGI60-11.03209,11,3103.0,0.26,24.4,14.0,0.1
942,MALADETA,1996,0.207,1996-06-08,1996-09-26,1252.4463776906357,0.0,12.380341017480012,,,,,False,training_population,42.648998,0.6393,RGI60-11.03209,11,3103.0,0.26,24.4,14.0,0.1
942,MALADETA,1997,0.512,1997-06-25,1997-09-11,1006.0257858276386,0.0,12.708147574406068,,,,,False,training_population,42.648998,0.6393,RGI60-11.03209,11,3103.0,0.26,24.4,14.0,0.1
942,MALADETA,1998,-0.955,1998-06-19,1998-10-15,1441.2847535451278,0.0,14.226992792696588,,,,,False,training_population,42.648998,0.6393,RGI60-11.03209,11,3103.0,0.26,24.4,14.0,0.1
942,MALADETA,1999,-0.764,1999-06-29,1999-10-28,1431.296710205081,0.0,14.06215574940048,,,,,False,training_population,42.648998,0.6393,RGI60-11.03209,11,3103.0,0.26,24.4,14.0,0.1
942,MALADETA,2000,-0.9,2000-06-15,2000-08-08,705.6098740895602,0.0,12.829270437992005,,,,,False,training_population,42.648998,0.6393,RGI60-11.03209,11,3103.0,0.26,24.4,14.0,0.1
942,MALADETA,2001,0.502,2001-06-05,2001-09-13,1305.237818018598,0.0,13.407828014547198,,,,,False,training_population,42.648998,0.6393,RGI60-11.03209,11,3103.0,0.26,24.4,14.0,0.1
942,MALADETA,2002,-0.811,2002-06-11,2002-09-27,1325.487529500328,0.0,13.025652410925913,,,,,False,training_population,42.648998,0.6393,RGI60-11.03209,11,3103.0,0.26,24.4,14.0,0.1
942,MALADETA,2003,-1.102,2003-06-09,2003-09-18,1508.3886126200382,0.0,15.645138851044688,,,,,False,training_population,42.648998,0.6393,RGI60-11.03209,11,3103.0,0.26,24.4,14.0,0.1
942,MALADETA,2004,-1.516,2004-06-10,2004-08-31,1121.109436798098,0.0,13.507342612025276,,,,,False,training_population,42.648998,0.6393,RGI60-11.03209,11,3103.0,0.26,24.4,14.0,0.1
942,MALADETA,2005,-1.479,2005-05-26,2005-09-02,1354.670806884768,0.0,13.56864649869396,,,,,False,training_population,42.648998,0.6393,RGI60-11.03209,11,3103.0,0.26,24.4,14.0,0.1
942,MALADETA,2006,-1.787,2006-05-27,2006-09-17,1515.5366119384792,0.0,13.498322699726511,,,,,False,training_population,42.648998,0.6393,RGI60-11.03209,11,3103.0,0.26,24.4,14.0,0.1
942,MALADETA,2007,-0.947,2007-06-28,2007-10-22,1320.9164160410592,7.924178242660673,12.929509529700669,,,,,False,training_population,42.648998,0.6393,RGI60-11.03209,11,3103.0,0.26,24.4,14.0,0.1
942,MALADETA,2008,-0.038,2007-10-22,2008-09-28,2020.419752629604,337.8795960934191,12.685415232008806,,,,,False,training_population,42.648998,0.6393,RGI60-11.03209,11,3103.0,0.26,24.4,14.0,0.1
942,MALADETA,2009,-1.415,2008-09-28,2009-10-14,2455.3787910461488,636.9822114423087,14.115456102896449,,,,,False,training_population,42.648998,0.6393,RGI60-11.03209,11,3103.0,0.26,24.4,14.0,0.1
942,MALADETA,2010,0.259,2009-10-14,2010-10-02,2109.098164749152,493.5913801379534,12.957325318930828,,,,,False,training_population,42.648998,0.6393,RGI60-11.03209,11,3103.0,0.26,24.4,14.0,0.1
942,MALADETA,2011,-1.504,2010-10-02,2011-09-28,2324.3435109456445,274.73147526130856,12.51815124732863,,,,,False,training_population,42.648998,0.6393,RGI60-11.03209,11,3103.0,0.26,24.4,14.0,0.1
942,MALADETA,2012,-2.471,2011-10-01,2012-09-30,2452.737339909878,286.1126793274664,14.10763193766278,,,,,True,training_population,42.648998,0.6393,RGI60-11.03209,11,3103.0,0.26,24.4,14.0,0.1
942,MALADETA,2013,0.39,2012-10-01,2013-09-30,2071.286599731451,639.6360201318743,12.732327017576823,,,,,True,training_population,42.648998,0.6393,RGI60-11.03209,11,3103.0,0.26,24.4,14.0,0.1
942,MALADETA,2014,0.078,2013-09-25,2014-09-26,2252.2160050710104,491.08880332069305,12.239713052390302,,,,,False,training_population,42.648998,0.6393,RGI60-11.03209,11,3103.0,0.26,24.4,14.0,0.1
942,MALADETA,2015,-1.76,2014-09-26,2015-10-23,2735.28836949667,451.294128618656,14.656967293006808,,,,,False,training_population,42.648998,0.6393,RGI60-11.03209,11,3103.0,0.26,24.4,14.0,0.1
942,MALADETA,2016,-0.843,2015-10-23,2016-10-28,2475.917942555752,431.8711674969009,13.499499810260298,,,,,False,training_population,42.648998,0.6393,RGI60-11.03209,11,3103.0,0.26,24.4,14.0,0.1
942,MALADETA,2017,-1.672,2016-10-01,2017-09-30,2555.358814748135,326.9661059774549,14.662555320021056,,,,,True,training_population,42.648998,0.6393,RGI60-11.03209,11,3103.0,0.26,24.4,14.0,0.1
942,MALADETA,2018,0.257,2017-10-28,2018-10-04,2138.466855112717,584.3625973598314,13.746512128304774,,,,,False,training_population,42.648998,0.6393,RGI60-11.03209,11,3103.0,0.26,24.4,14.0,0.1
942,MALADETA,2019,-1.582,2018-10-04,2019-10-25,2671.816401036588,343.3626837316801,14.717041954095835,,,,,False,training_population,42.648998,0.6393,RGI60-11.03209,11,3103.0,0.26,24.4,14.0,0.1
942,MALADETA,2020,-0.212,2019-10-25,2020-09-30,2344.1201957702706,313.5069362171663,13.36820668621342,,,,,False,training_population,42.648998,0.6393,RGI60-11.03209,11,3103.0,0.26,24.4,14.0,0.1
942,MALADETA,2021,-1.939,2020-09-30,2021-10-01,2238.8306512196923,375.59709174760417,13.09437249916189,,,,,False,training_population,42.648998,0.6393,RGI60-11.03209,11,3103.0,0.26,24.4,14.0,0.1
942,MALADETA,2022,-3.017,2021-10-01,2022-10-04,2637.051907602953,440.9881232512944,15.744185757291516,,,,,False,training_population,42.648998,0.6393,RGI60-11.03209,11,3103.0,0.26,24.4,14.0,0.1
942,MALADETA,2023,-2.662,2021-10-01,2023-09-26,5227.868193689996,685.0917977031941,15.083309566110826,,,,,False,training_population,42.648998,0.6393,RGI60-11.03209,11,3103.0,0.26,24.4,14.0,0.1
942,MALADETA,2024,-0.768,2023-09-26,2024-10-21,2821.1535910288567,332.41531567173865,14.395006793478284,,,,,False,training_population,42.648998,0.6393,RGI60-11.03209,11,3103.0,0.26,24.4,14.0,0.1
942,MALADETA,2025,-1.647,2024-10-21,2025-10-17,2590.3258837382064,310.4134645711589,15.331557396874937,,,,,False,training_population,42.648998,0.6393,RGI60-11.03209,11,3103.0,0.26,24.4,14.0,0.1
1264,CIARDONEY,1992,-0.97,1991-10-01,1992-09-21,881.7824422200551,411.54605314532586,7.50252931567208,,,,,False,training_population,45.518101,7.3898,RGI60-11.03135,11,3075.0,0.345,17.2,64.0,0.1
1264,CIARDONEY,1993,-0.41,1992-09-22,1993-09-16,845.9086809794144,867.2235762576684,7.4827586174011484,,,,,False,training_population,45.518101,7.3898,RGI60-11.03135,11,3075.0,0.345,17.2,64.0,0.1
1264,CIARDONEY,1994,-1.1,1993-09-17,1994-09-16,1011.2953955332472,1026.166982527794,8.774491709557154,,,,,False,training_population,45.518101,7.3898,RGI60-11.03135,11,3075.0,0.345,17.2,64.0,0.1
1264,CIARDONEY,1995,-0.56,1994-09-17,1995-09-29,827.2668523152709,1195.449927550424,6.811194895315885,,,,,False,training_population,45.518101,7.3898,RGI60-11.03135,11,3075.0,0.345,17.2,64.0,0.1
1264,CIARDONEY,1996,-0.37,1995-09-29,1996-09-17,809.6851044972775,628.7364282964454,6.66209304367289,,,,,False,training_population,45.518101,7.3898,RGI60-11.03135,11,3075.0,0.345,17.2,64.0,0.1
1264,CIARDONEY,1997,-0.66,1996-09-18,1997-09-17,883.6093644460078,896.0975835480198,6.856461730901765,,,,,False,training_population,45.518101,7.3898,RGI60-11.03135,11,3075.0,0.345,17.2,64.0,0.1
1264,CIARDONEY,1998,-3.36,1997-09-18,1998-09-09,1046.0237691243528,707.8469917174282,8.30626126856046,,,,,False,training_population,45.518101,7.3898,RGI60-11.03135,11,3075.0,0.345,17.2,64.0,0.1
1264,CIARDONEY,1999,-2.43,1998-09-10,1999-10-07,1018.6730717976928,753.4021602011017,7.303998385996077,,,,,False,training_population,45.518101,7.3898,RGI60-11.03135,11,3075.0,0.345,17.2,64.0,0.1
1264,CIARDONEY,2000,-1.23,1999-10-07,2000-09-05,803.7085254669223,719.3353979590106,7.286654885609965,,,,,False,training_population,45.518101,7.3898,RGI60-11.03135,11,3075.0,0.345,17.2,64.0,0.1
1264,CIARDONEY,2001,0.16,2000-09-05,2001-09-13,968.6499875386596,1075.416901282459,7.591963393446352,,,,,False,training_population,45.518101,7.3898,RGI60-11.03135,11,3075.0,0.345,17.2,64.0,0.1
1264,CIARDONEY,2002,-0.4,2001-09-13,2002-09-13,937.9929397583048,680.8144124642226,7.445510012861633,,,,,False,training_population,45.518101,7.3898,RGI60-11.03135,11,3075.0,0.345,17.2,64.0,0.1
1264,CIARDONEY,2003,-3.0,2002-09-13,2003-09-17,1189.2359125773153,678.7676400346853,9.998009742515698,,,,,False,training_population,45.518101,7.3898,RGI60-11.03135,11,3075.0,0.345,17.2,64.0,0.1
1264,CIARDONEY,2004,-1.06,2003-09-17,2004-09-08,871.8467286427847,937.7318692911948,7.305595051032931,,,,,False,training_population,45.518101,7.3898,RGI60-11.03135,11,3075.0,0.345,17.2,64.0,0.1
1264,CIARDONEY,2005,-2.23,2004-09-08,2005-09-15,1055.2358214060505,672.3290649565215,7.396632621599302,,,,,False,training_population,45.518101,7.3898,RGI60-11.03135,11,3075.0,0.345,17.2,64.0,0.1
1264,CIARDONEY,2006,-2.099,2005-09-15,2006-09-05,957.3408250172968,613.3435218145884,7.436211909418542,,,,,False,training_population,45.518101,7.3898,RGI60-11.03135,11,3075.0,0.345,17.2,64.0,0.1
1264,CIARDONEY,2007,-1.49,2006-09-05,2007-09-10,1084.718478775029,615.486829243487,7.092386686629165,,,,,False,training_population,45.518101,7.3898,RGI60-11.03135,11,3075.0,0.345,17.2,64.0,0.1
1264,CIARDONEY,2008,-1.51,2007-09-10,2008-09-09,961.8541772206662,634.4568171889869,7.646696828759255,,,,,False,training_population,45.518101,7.3898,RGI60-11.03135,11,3075.0,0.345,17.2,64.0,0.1
1264,CIARDONEY,2009,-0.49,2008-09-09,2009-09-07,1043.5436703999876,1106.8476165546244,8.190237437814933,,,,,False,training_population,45.518101,7.3898,RGI60-11.03135,11,3075.0,0.345,17.2,64.0,0.1
1264,CIARDONEY,2010,-0.83,2009-09-07,2010-09-06,979.7422976175984,806.2264407503932,7.63114725195846,,,,,False,training_population,45.518101,7.3898,RGI60-11.03135,11,3075.0,0.345,17.2,64.0,0.1
1264,CIARDONEY,2011,-1.71,2010-09-06,2011-09-04,990.9220035553016,675.3026351794986,7.332688406239407,,,,,False,training_population,45.518101,7.3898,RGI60-11.03135,11,3075.0,0.345,17.2,64.0,0.1
1264,CIARDONEY,2012,-2.16,2011-09-14,2012-09-07,1073.7891910553014,894.05991941776,8.590386410035967,,,,,False,training_population,45.518101,7.3898,RGI60-11.03135,11,3075.0,0.345,17.2,64.0,0.1
1264,CIARDONEY,2013,-0.69,2012-09-07,2013-09-13,989.0185382843052,1041.1317558741755,7.293552355835423,,,,,False,training_population,45.518101,7.3898,RGI60-11.03135,11,3075.0,0.345,17.2,64.0,0.1
1264,CIARDONEY,2014,-0.56,2013-09-13,2014-09-22,890.2241886138958,804.522824798493,6.296002504099994,,,,,False,training_population,45.518101,7.3898,RGI60-11.03135,11,3075.0,0.345,17.2,64.0,0.1
1264,CIARDONEY,2015,-1.831,2014-09-22,2015-09-15,1201.1915176391642,864.0497449405266,9.658402946029906,,,,,False,training_population,45.518101,7.3898,RGI60-11.03135,11,3075.0,0.345,17.2,64.0,0.1
1264,CIARDONEY,2016,-1.8,2015-09-15,2016-09-13,1067.2585062662797,782.0133615460385,8.399119976983572,,,,,False,training_population,45.518101,7.3898,RGI60-11.03135,11,3075.0,0.345,17.2,64.0,0.1
1264,CIARDONEY,2017,-1.39,2016-09-13,2017-09-06,1123.5237991333042,841.0992593361257,9.472150400410548,,,,,False,training_population,45.518101,7.3898,RGI60-11.03135,11,3075.0,0.345,17.2,64.0,0.1
1264,CIARDONEY,2018,-1.45,2017-09-06,2018-09-10,1202.3329765319872,944.1424608442936,9.062517669235476,,,,,False,training_population,45.518101,7.3898,RGI60-11.03135,11,3075.0,0.345,17.2,64.0,0.1
1264,CIARDONEY,2019,-1.65,2018-09-10,2019-09-13,1217.530963897709,903.7675636326554,9.3974831055904,,,,,False,training_population,45.518101,7.3898,RGI60-11.03135,11,3075.0,0.345,17.2,64.0,0.1
1264,CIARDONEY,2020,-0.78,2019-09-15,2020-09-17,1203.5312149047895,845.7582795597069,8.224580348747386,,,,,False,training_population,45.518101,7.3898,RGI60-11.03135,11,3075.0,0.345,17.2,64.0,0.1
1264,CIARDONEY,2021,-1.33,2020-09-17,2021-09-13,856.841061528527,703.2470616608997,7.329624105536442,,,,,False,training_population,45.518101,7.3898,RGI60-11.03135,11,3075.0,0.345,17.2,64.0,0.1
1264,CIARDONEY,2022,-4.0,2021-09-13,2022-09-20,1257.4182070414267,476.23124171949627,9.71851295526479,,,,,False,training_population,45.518101,7.3898,RGI60-11.03135,11,3075.0,0.345,17.2,64.0,0.1
1264,CIARDONEY,2023,-2.17,2022-09-20,2023-09-14,1121.85516738892,576.7002051014458,8.778384214207772,,,,,False,training_population,45.518101,7.3898,RGI60-11.03135,11,3075.0,0.345,17.2,64.0,0.1
1264,CIARDONEY,2024,-1.0,2023-09-14,2024-09-17,1248.907721964523,1145.213608458345,9.051652195142688,,,,,False,training_population,45.518101,7.3898,RGI60-11.03135,11,3075.0,0.345,17.2,64.0,0.1
1264,CIARDONEY,2025,-1.36,2024-09-17,2025-09-19,1183.867532857263,784.1118378696663,9.350150120776656,,,,,False,training_population,45.518101,7.3898,RGI60-11.03135,11,3075.0,0.345,17.2,64.0,0.1
1305,GOLDBERG K.,1989,0.163,1988-10-01,1989-09-30,1024.2313438415567,462.152211006444,7.835422286434474,,,,,True,training_population,47.04,12.97,RGI60-11.00289,11,2647.0,0.635,15.2,45.0,0.1
1305,GOLDBERG K.,1990,-0.149,1989-10-01,1990-09-30,1156.684345245366,546.4069788176075,8.809296620410446,,,,,True,training_population,47.04,12.97,RGI60-11.00289,11,2647.0,0.635,15.2,45.0,0.1
1305,GOLDBERG K.,1991,-0.457,1990-10-01,1991-09-30,1155.8868492126503,766.8668979249951,8.268661649676364,,,,,True,training_population,47.04,12.97,RGI60-11.00289,11,2647.0,0.635,15.2,45.0,0.1
1305,GOLDBERG K.,1992,-1.507,1991-10-01,1992-09-30,1348.1867853800495,826.8898071145757,10.131964537026247,,,,,True,training_population,47.04,12.97,RGI60-11.00289,11,2647.0,0.635,15.2,45.0,0.1
1305,GOLDBERG K.,1993,0.022,1992-10-01,1993-09-30,1209.9646724700972,680.138473445222,8.704705444280673,,,,,True,training_population,47.04,12.97,RGI60-11.00289,11,2647.0,0.635,15.2,45.0,0.1
1305,GOLDBERG K.,1994,-1.283,1993-10-01,1994-09-30,1442.443784459437,654.4727660459487,10.477839620562587,,,,,True,training_population,47.04,12.97,RGI60-11.00289,11,2647.0,0.635,15.2,45.0,0.1
1305,GOLDBERG K.,1995,0.501,1994-10-01,1995-09-30,1163.9505851745648,785.9142667730978,8.724183530392875,,,,,True,training_population,47.04,12.97,RGI60-11.00289,11,2647.0,0.635,15.2,45.0,0.1
1305,GOLDBERG K.,1996,0.171,1995-10-01,1996-09-30,1171.695205434168,515.3803567772925,8.53545570926392,,,,,True,training_population,47.04,12.97,RGI60-11.00289,11,2647.0,0.635,15.2,45.0,0.1
1305,GOLDBERG K.,1997,0.073,1996-10-01,1997-09-30,1196.8365481058795,786.8577938946863,8.596700528739177,,,,,True,training_population,47.04,12.97,RGI60-11.00289,11,2647.0,0.635,15.2,45.0,0.1
1305,GOLDBERG K.,1998,-0.596,1997-10-01,1998-09-30,1282.5268675486293,634.5192077693546,9.654410222647872,,,,,True,training_population,47.04,12.97,RGI60-11.00289,11,2647.0,0.635,15.2,45.0,0.1
1305,GOLDBERG K.,1999,-0.888,1998-10-01,1999-09-30,1320.0472485860228,719.2090294983302,9.134278192381949,,,,,True,training_population,47.04,12.97,RGI60-11.00289,11,2647.0,0.635,15.2,45.0,0.1
1305,GOLDBERG K.,2000,-0.298,1999-10-01,2000-09-30,1346.0220091501917,699.1065113834729,9.2725469188414,,,,,True,training_population,47.04,12.97,RGI60-11.00289,11,2647.0,0.635,15.2,45.0,0.1
1305,GOLDBERG K.,2001,-0.388,2000-10-01,2001-09-30,1197.29469998678,991.70287453515,9.131761853591277,,,,,False,training_population,47.04,12.97,RGI60-11.00289,11,2647.0,0.635,15.2,45.0,0.1
1305,GOLDBERG K.,2002,-0.612,2001-10-01,2002-09-30,1408.2604370117233,619.4059046186844,10.07888421321263,,,,,False,training_population,47.04,12.97,RGI60-11.00289,11,2647.0,0.635,15.2,45.0,0.1
1305,GOLDBERG K.,2003,-1.806,2002-10-01,2003-09-30,1532.8284581502326,583.2092391378332,11.991044658163345,,,,,False,training_population,47.04,12.97,RGI60-11.00289,11,2647.0,0.635,15.2,45.0,0.1
1305,GOLDBERG K.,2004,0.137,2003-10-01,2004-09-30,1126.8531394958538,789.688822998059,8.59445852334951,,,,,False,training_population,47.04,12.97,RGI60-11.00289,11,2647.0,0.635,15.2,45.0,0.1
1305,GOLDBERG K.,2005,-0.26,2004-10-01,2005-09-30,1301.290870539352,638.5413674968561,8.59285445697068,,,,,False,training_population,47.04,12.97,RGI60-11.00289,11,2647.0,0.635,15.2,45.0,0.1
1305,GOLDBERG K.,2006,-1.077,2005-09-30,2006-10-01,1387.5598421732634,645.7305950319175,9.133199780229232,,,,,False,training_population,47.04,12.97,RGI60-11.00289,11,2647.0,0.635,15.2,45.0,0.1
1305,GOLDBERG K.,2007,-1.106,2006-10-01,2007-09-30,1392.806804275517,613.7561482894931,9.60630004855172,,,,,False,training_population,47.04,12.97,RGI60-11.00289,11,2647.0,0.635,15.2,45.0,0.1
1305,GOLDBERG K.,2008,-0.651,2007-10-01,2008-10-15,1293.3948745727585,757.1961084213506,9.567492656431362,,,,,False,training_population,47.04,12.97,RGI60-11.00289,11,2647.0,0.635,15.2,45.0,0.1
1305,GOLDBERG K.,2009,-0.542,2008-10-15,2009-09-18,1266.9389280955038,786.4217042058215,9.563522261467554,,,,,False,training_population,47.04,12.97,RGI60-11.00289,11,2647.0,0.635,15.2,45.0,0.1
1305,GOLDBERG K.,2010,-0.758,2009-09-18,2010-08-29,1193.127416610722,663.2641572186486,9.773626334578928,,,,,False,training_population,47.04,12.97,RGI60-11.00289,11,2647.0,0.635,15.2,45.0,0.1
1305,GOLDBERG K.,2011,-1.878,2010-08-29,2011-09-18,1452.5636751810755,584.8548042277919,9.066859871044516,,,,,False,training_population,47.04,12.97,RGI60-11.00289,11,2647.0,0.635,15.2,45.0,0.1
1305,GOLDBERG K.,2012,-1.563,2011-09-19,2012-10-04,1509.8846693674773,750.8188923824334,10.497293643675013,,,,,False,training_population,47.04,12.97,RGI60-11.00289,11,2647.0,0.635,15.2,45.0,0.1
1305,GOLDBERG K.,2013,-0.53,2012-10-04,2013-09-27,1295.014435195927,904.0801166759138,9.807181771596296,,,,,False,training_population,47.04,12.97,RGI60-11.00289,11,2647.0,0.635,15.2,45.0,0.1
1305,GOLDBERG K.,2014,0.069,2013-09-27,2014-09-28,1242.620425669357,866.0121667931087,8.613175674106788,,,,,False,training_population,47.04,12.97,RGI60-11.00289,11,2647.0,0.635,15.2,45.0,0.1
1305,GOLDBERG K.,2015,-1.873,2014-09-28,2015-10-06,1598.596647898361,648.7112247740222,11.553787803649929,,,,,False,training_population,47.04,12.97,RGI60-11.00289,11,2647.0,0.635,15.2,45.0,0.1
1305,GOLDBERG K.,2016,-0.86,2015-10-06,2016-09-15,1301.6442921956425,624.1444531554484,9.943030791351784,,,,,False,training_population,47.04,12.97,RGI60-11.00289,11,2647.0,0.635,15.2,45.0,0.1
1305,GOLDBERG K.,2017,-1.806,2016-09-15,2017-09-01,1359.7935888926231,595.972947049141,11.057673038261548,,,,,False,training_population,47.04,12.97,RGI60-11.00289,11,2647.0,0.635,15.2,45.0,0.1
1305,GOLDBERG K.,2018,-1.697,2017-09-01,2018-09-20,1662.990141805018,742.9668415739243,10.71651732956156,,,,,False,training_population,47.04,12.97,RGI60-11.00289,11,2647.0,0.635,15.2,45.0,0.1
1305,GOLDBERG K.,2019,-0.845,2018-09-20,2019-09-20,1525.64887212118,839.4447112021588,11.321612868101724,,,,,False,training_population,47.04,12.97,RGI60-11.00289,11,2647.0,0.635,15.2,45.0,0.1
1305,GOLDBERG K.,2020,-1.093,2019-09-19,2020-09-22,1561.4722731272425,743.1818929062182,10.185699185081171,,,,,False,training_population,47.04,12.97,RGI60-11.00289,11,2647.0,0.635,15.2,45.0,0.1
1305,GOLDBERG K.,2021,-0.504,2020-09-22,2021-09-14,1263.7125420888306,871.6574892966378,10.372781268410083,,,,,False,training_population,47.04,12.97,RGI60-11.00289,11,2647.0,0.635,15.2,45.0,0.1
1305,GOLDBERG K.,2022,-2.8,2021-09-13,2022-09-14,1638.9451735178675,545.985888648481,11.67218992537349,,,,,False,training_population,47.04,12.97,RGI60-11.00289,11,2647.0,0.635,15.2,45.0,0.1
1305,GOLDBERG K.,2023,-1.942,2022-10-01,2023-09-30,1641.2279865264936,660.2185164819048,10.798429397914743,,,,,True,training_population,47.04,12.97,RGI60-11.00289,11,2647.0,0.635,15.2,45.0,0.1
1305,GOLDBERG K.,2024,-2.2,2023-10-01,2024-09-30,1589.745288848882,1005.2718602741102,11.528468566009987,,,,,True,training_population,47.04,12.97,RGI60-11.00289,11,2647.0,0.635,15.2,45.0,0.1
1305,GOLDBERG K.,2025,-2.1,2024-09-11,2025-09-20,1607.320044326788,639.757245172941,11.21646543723952,,,,,False,training_population,47.04,12.97,RGI60-11.00289,11,2647.0,0.635,15.2,45.0,0.1
1344,ECHAURREN NORTE,1976,-0.92,1975-04-01,1976-03-31,989.26061973572,0.0,11.175608454810272,,,,,False,training_population,-33.576536,-70.131835,RGI60-17.13715,17,3739.0,0.341,21.5,136.0,0.1
1344,ECHAURREN NORTE,1977,-1.3,1976-04-01,1977-03-31,1788.1022562662808,664.3699552112032,10.358212584036387,,,,,False,training_population,-33.576536,-70.131835,RGI60-17.13715,17,3739.0,0.341,21.5,136.0,0.1
1344,ECHAURREN NORTE,1978,0.18,1977-04-01,1978-03-31,1905.92770487468,1031.2878760237893,10.308623426931897,,,,,False,training_population,-33.576536,-70.131835,RGI60-17.13715,17,3739.0,0.341,21.5,136.0,0.1
1344,ECHAURREN NORTE,1979,0.67,1978-04-01,1979-03-31,1905.221498107916,1182.6991303399907,10.470003657870846,,,,,False,training_population,-33.576536,-70.131835,RGI60-17.13715,17,3739.0,0.341,21.5,136.0,0.1
1344,ECHAURREN NORTE,1980,0.3,1979-04-01,1980-03-31,1607.9679154714004,673.6280345026593,8.41351798619982,,,,,False,training_population,-33.576536,-70.131835,RGI60-17.13715,17,3739.0,0.341,21.5,136.0,0.1
1344,ECHAURREN NORTE,1981,0.36,1980-04-01,1981-03-31,1425.124988428757,1188.1738287338094,8.827492918791618,,,,,False,training_population,-33.576536,-70.131835,RGI60-17.13715,17,3739.0,0.341,21.5,136.0,0.1
1344,ECHAURREN NORTE,1982,-2.42,1981-04-01,1982-03-31,1643.3779734293666,736.2022153125167,10.160521217628782,,,,,False,training_population,-33.576536,-70.131835,RGI60-17.13715,17,3739.0,0.341,21.5,136.0,0.1
1344,ECHAURREN NORTE,1983,3.7,1982-04-01,1983-03-31,1426.325803756719,1867.99673285811,7.602336961251739,,,,,False,training_population,-33.576536,-70.131835,RGI60-17.13715,17,3739.0,0.341,21.5,136.0,0.1
1344,ECHAURREN NORTE,1984,-1.24,1983-04-01,1984-03-31,1725.7227085113575,930.886774104252,11.223814034374668,,,,,False,training_population,-33.576536,-70.131835,RGI60-17.13715,17,3739.0,0.341,21.5,136.0,0.1
1344,ECHAURREN NORTE,1985,0.34,1984-04-01,1985-03-31,1524.1573980967253,1367.2703339123868,9.372731604399526,,,,,False,training_population,-33.576536,-70.131835,RGI60-17.13715,17,3739.0,0.341,21.5,136.0,0.1
1344,ECHAURREN NORTE,1986,-1.7,1985-04-01,1986-03-31,1701.7407381693574,587.7632877076414,10.84460460521559,,,,,False,training_population,-33.576536,-70.131835,RGI60-17.13715,17,3739.0,0.341,21.5,136.0,0.1
1344,ECHAURREN NORTE,1987,0.95,1986-04-01,1987-03-31,1729.1248799641987,942.8802078809398,10.577612912213382,,,,,False,training_population,-33.576536,-70.131835,RGI60-17.13715,17,3739.0,0.341,21.5,136.0,0.1
1344,ECHAURREN NORTE,1988,2.3,1987-04-01,1988-03-31,1606.3254418691054,1417.8107002031234,8.993992217905811,,,,,False,training_population,-33.576536,-70.131835,RGI60-17.13715,17,3739.0,0.341,21.5,136.0,0.1
1344,ECHAURREN NORTE,1989,-1.26,1988-04-01,1989-03-31,1851.6653174082487,540.513999425194,11.711024757667849,,,,,False,training_population,-33.576536,-70.131835,RGI60-17.13715,17,3739.0,0.341,21.5,136.0,0.1
1344,ECHAURREN NORTE,1990,-1.3,1989-04-01,1990-03-31,1844.7425474802703,879.0713727184603,10.813348134358746,,,,,False,training_population,-33.576536,-70.131835,RGI60-17.13715,17,3739.0,0.341,21.5,136.0,0.1
1344,ECHAURREN NORTE,1991,-0.86,1990-04-01,1991-03-31,1764.0726998647106,687.0105061442438,11.640269399572322,,,,,False,training_population,-33.576536,-70.131835,RGI60-17.13715,17,3739.0,0.341,21.5,136.0,0.1
1344,ECHAURREN NORTE,1992,1.74,1991-04-01,1992-03-31,1680.4216046651254,1022.5791069184532,10.11525512807101,,,,,False,training_population,-33.576536,-70.131835,RGI60-17.13715,17,3739.0,0.341,21.5,136.0,0.1
1344,ECHAURREN NORTE,1993,-0.29,1992-04-01,1993-03-31,1726.5365904490202,998.7256127519686,11.569167193660052,,,,,False,training_population,-33.576536,-70.131835,RGI60-17.13715,17,3739.0,0.341,21.5,136.0,0.1
1344,ECHAURREN NORTE,1994,-1.86,1993-04-01,1994-03-31,1738.5517059326232,791.0231950452059,11.02327654803243,,,,,False,training_population,-33.576536,-70.131835,RGI60-17.13715,17,3739.0,0.341,21.5,136.0,0.1
1344,ECHAURREN NORTE,1995,-0.95,1994-04-01,1995-03-31,1903.776696268723,606.8641879081724,11.803484669438138,,,,,False,training_population,-33.576536,-70.131835,RGI60-17.13715,17,3739.0,0.341,21.5,136.0,0.1
1344,ECHAURREN NORTE,1996,-1.18,1995-04-01,1996-03-31,1944.7019556681369,720.0753018034156,11.527409070752066,,,,,False,training_population,-33.576536,-70.131835,RGI60-17.13715,17,3739.0,0.341,21.5,136.0,0.1
1344,ECHAURREN NORTE,1997,-2.53,1996-04-01,1997-03-31,1975.3400723775285,409.7404068051809,11.844020009923886,,,,,False,training_population,-33.576536,-70.131835,RGI60-17.13715,17,3739.0,0.341,21.5,136.0,0.1
1344,ECHAURREN NORTE,1998,2.4,1997-04-01,1998-03-31,1857.5842357635552,1414.803389474212,10.664564175075975,,,,,False,training_population,-33.576536,-70.131835,RGI60-17.13715,17,3739.0,0.341,21.5,136.0,0.1
1344,ECHAURREN NORTE,1999,-4.28,1998-04-01,1999-03-31,1820.328687159225,339.39887742280206,11.96348026416922,,,,,False,training_population,-33.576536,-70.131835,RGI60-17.13715,17,3739.0,0.341,21.5,136.0,0.1
1344,ECHAURREN NORTE,2000,-0.75,1999-04-01,2000-03-31,1865.0166624705053,737.6377205414926,10.91123874650336,,,,,False,training_population,-33.576536,-70.131835,RGI60-17.13715,17,3739.0,0.341,21.5,136.0,0.1
1344,ECHAURREN NORTE,2001,1.79,2000-04-01,2001-03-31,1782.4321656545053,1134.5133572060815,12.054504302695968,,,,,False,training_population,-33.576536,-70.131835,RGI60-17.13715,17,3739.0,0.341,21.5,136.0,0.1
1344,ECHAURREN NORTE,2002,-0.22,2001-04-01,2002-03-31,1856.2455986022992,1004.4612595578036,12.086709778397193,,,,,False,training_population,-33.576536,-70.131835,RGI60-17.13715,17,3739.0,0.341,21.5,136.0,0.1
1344,ECHAURREN NORTE,2003,1.9,2002-04-01,2003-03-31,1771.592421849574,1131.741801658638,10.91980949684428,,,,,False,training_population,-33.576536,-70.131835,RGI60-17.13715,17,3739.0,0.341,21.5,136.0,0.1
1344,ECHAURREN NORTE,2004,-0.55,2003-04-01,2004-03-31,2113.284653472906,588.7194327375126,11.722447681077693,,,,,False,training_population,-33.576536,-70.131835,RGI60-17.13715,17,3739.0,0.341,21.5,136.0,0.1
1344,ECHAURREN NORTE,2005,-0.78,2004-04-01,2005-03-31,1646.3669344584196,719.5682223862043,11.277242872450108,,,,,False,training_population,-33.576536,-70.131835,RGI60-17.13715,17,3739.0,0.341,21.5,136.0,0.1
1344,ECHAURREN NORTE,2006,0.48,2005-04-01,2006-03-31,1808.3212467193653,1307.688820619422,12.076082724112077,,,,,False,training_population,-33.576536,-70.131835,RGI60-17.13715,17,3739.0,0.341,21.5,136.0,0.1
1344,ECHAURREN NORTE,2007,-0.13,2006-04-01,2007-03-31,1895.1178516387995,939.260027598774,10.914831966824025,,,,,False,training_population,-33.576536,-70.131835,RGI60-17.13715,17,3739.0,0.341,21.5,136.0,0.1
1344,ECHAURREN NORTE,2008,-0.54,2007-04-01,2008-03-31,1750.2616762797093,724.8796709099033,11.52358091026001,,,,,False,training_population,-33.576536,-70.131835,RGI60-17.13715,17,3739.0,0.341,21.5,136.0,0.1
1344,ECHAURREN NORTE,2009,0.08,2008-04-01,2009-03-31,1931.144738515224,847.8254834293643,11.955599170260982,,,,,False,training_population,-33.576536,-70.131835,RGI60-17.13715,17,3739.0,0.341,21.5,136.0,0.1
1344,ECHAURREN NORTE,2010,-2.11,2009-04-01,2010-03-31,2073.7812606811576,822.4136492161663,11.770340319033044,,,,,False,training_population,-33.576536,-70.131835,RGI60-17.13715,17,3739.0,0.341,21.5,136.0,0.1
1344,ECHAURREN NORTE,2011,-1.27,2010-04-01,2011-03-31,1669.08627929688,540.6654255646259,9.99750193136712,,,,,False,training_population,-33.576536,-70.131835,RGI60-17.13715,17,3739.0,0.341,21.5,136.0,0.1
1344,ECHAURREN NORTE,2012,-2.38,2011-04-01,2012-03-31,2051.3061024983776,592.4686360035878,12.058515390808354,,,,,True,training_population,-33.576536,-70.131835,RGI60-17.13715,17,3739.0,0.341,21.5,136.0,0.1
1344,ECHAURREN NORTE,2013,-1.03,2012-04-01,2013-03-31,1728.92985369365,608.4056471576317,10.1704373960142,,,,,True,training_population,-33.576536,-70.131835,RGI60-17.13715,17,3739.0,0.341,21.5,136.0,0.1
1344,ECHAURREN NORTE,2014,-0.94,2013-04-01,2014-03-31,1839.146032079066,627.0572821323448,11.694927922001613,,,,,True,training_population,-33.576536,-70.131835,RGI60-17.13715,17,3739.0,0.341,21.5,136.0,0.1
1344,ECHAURREN NORTE,2015,-1.72,2014-04-01,2015-03-31,1871.87675539653,694.2824842810787,11.277471210338474,,,,,True,training_population,-33.576536,-70.131835,RGI60-17.13715,17,3739.0,0.341,21.5,136.0,0.1
1344,ECHAURREN NORTE,2016,-2.284,2015-04-01,2016-03-31,1898.68524258932,879.0104733505509,10.257840686840035,,,,,True,training_population,-33.576536,-70.131835,RGI60-17.13715,17,3739.0,0.341,21.5,136.0,0.1
1344,ECHAURREN NORTE,2017,-0.353,2016-04-01,2017-03-31,1783.502226893112,693.5149148593673,10.960157825328707,,,,,True,training_population,-33.576536,-70.131835,RGI60-17.13715,17,3739.0,0.341,21.5,136.0,0.1
1344,ECHAURREN NORTE,2018,-3.592,2017-04-01,2018-03-31,1764.8380643208875,720.593206111353,11.72068169911705,,,,,True,training_population,-33.576536,-70.131835,RGI60-17.13715,17,3739.0,0.341,21.5,136.0,0.1
1344,ECHAURREN NORTE,2019,-2.246,2018-04-01,2019-03-31,1984.3698708852187,556.8701346662905,11.653283698470528,,,,,True,training_population,-33.576536,-70.131835,RGI60-17.13715,17,3739.0,0.341,21.5,136.0,0.1
1344,ECHAURREN NORTE,2020,-2.43,2019-04-01,2020-03-31,2432.4967296600407,385.2760883514357,13.699525130275426,,,,,True,training_population,-33.576536,-70.131835,RGI60-17.13715,17,3739.0,0.341,21.5,136.0,0.1
1344,ECHAURREN NORTE,2021,-0.7,2020-04-01,2021-03-31,2116.356980641689,595.5441120625871,11.276836734347896,,,,,True,training_population,-33.576536,-70.131835,RGI60-17.13715,17,3739.0,0.341,21.5,136.0,0.1
1344,ECHAURREN NORTE,2022,-1.161,2021-04-16,2022-04-14,2074.984065755214,434.1008954749413,12.098246637980166,,,,,False,training_population,-33.576536,-70.131835,RGI60-17.13715,17,3739.0,0.341,21.5,136.0,0.1
1344,ECHAURREN NORTE,2023,-1.125,2022-04-14,2023-04-18,2114.644700241094,590.1650730985822,12.81483150058325,,,,,False,training_population,-33.576536,-70.131835,RGI60-17.13715,17,3739.0,0.341,21.5,136.0,0.1
1344,ECHAURREN NORTE,2024,0.92,2023-04-01,2024-03-31,2270.715374628709,946.5560554232438,13.415092492016267,,,,,True,training_population,-33.576536,-70.131835,RGI60-17.13715,17,3739.0,0.341,21.5,136.0,0.1
1344,ECHAURREN NORTE,2025,-0.46,2024-04-01,2025-03-31,2178.585164006557,882.2106030680068,13.60930387708878,,,,,True,training_population,-33.576536,-70.131835,RGI60-17.13715,17,3739.0,0.341,21.5,136.0,0.1
1367,EASTON,1990,-0.58,1989-10-01,1990-09-30,1790.1610627492316,1084.597722132518,12.572472253053109,,,,,True,training_population,48.758999,-121.825302,RGI60-02.17739,2,2159.0,2.888,18.6,199.0,0.1
1367,EASTON,1991,0.41,1990-09-29,1991-09-30,1683.2474587758434,1676.575661626522,11.198772857500185,,,,,False,training_population,48.758999,-121.825302,RGI60-02.17739,2,2159.0,2.888,18.6,199.0,0.1
1367,EASTON,1992,-1.67,1991-09-30,1992-10-01,2092.320378239955,1109.601804365347,13.29623314124952,,,,,False,training_population,48.758999,-121.825302,RGI60-02.17739,2,2159.0,2.888,18.6,199.0,0.1
1367,EASTON,1993,-1.01,1992-10-01,1993-10-01,1759.222555669154,1021.0277720817444,10.070958841019806,,,,,False,training_population,48.758999,-121.825302,RGI60-02.17739,2,2159.0,2.888,18.6,199.0,0.1
1367,EASTON,1994,-0.92,1993-10-01,1994-10-01,1995.089399337774,1308.5964161267752,11.911369681703896,,,,,False,training_population,48.758999,-121.825302,RGI60-02.17739,2,2159.0,2.888,18.6,199.0,0.1
1367,EASTON,1995,-0.31,1994-10-01,1995-10-03,1790.2865175883028,1681.4180396605243,10.666975013069504,,,,,False,training_population,48.758999,-121.825302,RGI60-02.17739,2,2159.0,2.888,18.6,199.0,0.1
1367,EASTON,1996,0.22,1995-09-28,1996-09-28,1603.2059916178437,1540.8034054496438,11.711777429995353,,,,,False,training_population,48.758999,-121.825302,RGI60-02.17739,2,2159.0,2.888,18.6,199.0,0.1
1367,EASTON,1997,0.53,1996-09-28,1997-09-28,1709.3207968394013,2061.390588713117,11.092231693820697,,,,,False,training_population,48.758999,-121.825302,RGI60-02.17739,2,2159.0,2.888,18.6,199.0,0.1
1367,EASTON,1998,-1.87,1997-09-28,1998-09-28,1964.278632227585,1355.8902035733915,13.062960098100769,,,,,False,training_population,48.758999,-121.825302,RGI60-02.17739,2,2159.0,2.888,18.6,199.0,0.1
1367,EASTON,1999,1.61,1998-09-28,1999-10-01,1551.76938476563,2224.9163953663247,10.175580417246088,,,,,False,training_population,48.758999,-121.825302,RGI60-02.17739,2,2159.0,2.888,18.6,199.0,0.1
1367,EASTON,2000,-0.1,1999-10-01,2000-09-28,1511.2062249501598,1706.0887558637246,10.384033381420656,,,,,False,training_population,48.758999,-121.825302,RGI60-02.17739,2,2159.0,2.888,18.6,199.0,0.1
1367,EASTON,2001,-1.93,2000-10-01,2001-09-30,1557.8242899576871,1038.5158806275178,10.207850579247983,,,,,True,training_population,48.758999,-121.825302,RGI60-02.17739,2,2159.0,2.888,18.6,199.0,0.1
1367,EASTON,2002,0.18,2001-10-01,2002-09-30,1569.7921836853072,1786.863192191685,11.597692771579926,,,,,True,training_population,48.758999,-121.825302,RGI60-02.17739,2,2159.0,2.888,18.6,199.0,0.1
1367,EASTON,2003,-0.98,2002-10-01,2003-09-30,1835.112965520229,1296.285884826208,12.584632782314165,,,,,True,training_population,48.758999,-121.825302,RGI60-02.17739,2,2159.0,2.888,18.6,199.0,0.1
1367,EASTON,2004,-1.06,2003-10-01,2004-09-30,1976.6978928883923,1338.9798445336571,13.243532911936466,,,,,True,training_population,48.758999,-121.825302,RGI60-02.17739,2,2159.0,2.888,18.6,199.0,0.1
1367,EASTON,2005,-2.45,2004-10-01,2005-09-30,1921.8589726766008,1068.6063622841252,11.49397838841316,,,,,True,training_population,48.758999,-121.825302,RGI60-02.17739,2,2159.0,2.888,18.6,199.0,0.1
1367,EASTON,2006,-0.79,2005-10-02,2006-10-02,1879.8269630432185,1584.3323472769166,12.260340433535392,,,,,False,training_population,48.758999,-121.825302,RGI60-02.17739,2,2159.0,2.888,18.6,199.0,0.1
1367,EASTON,2007,0.26,2006-10-02,2007-09-30,1697.8985558827765,1500.273408875522,11.016793318762318,,,,,False,training_population,48.758999,-121.825302,RGI60-02.17739,2,2159.0,2.888,18.6,199.0,0.1
1367,EASTON,2008,0.45,2007-09-30,2008-10-05,1630.4107058207242,1567.7448855433695,10.594904518127466,,,,,False,training_population,48.758999,-121.825302,RGI60-02.17739,2,2159.0,2.888,18.6,199.0,0.1
1367,EASTON,2009,-2.06,2008-10-03,2009-10-04,1910.589168294276,1244.43828687307,13.183834938381052,,,,,False,training_population,48.758999,-121.825302,RGI60-02.17739,2,2159.0,2.888,18.6,199.0,0.1
1367,EASTON,2010,0.68,2009-10-04,2010-10-04,1616.9191354115858,1490.7574115521738,10.884703213235628,,,,,False,training_population,48.758999,-121.825302,RGI60-02.17739,2,2159.0,2.888,18.6,199.0,0.1
1367,EASTON,2011,1.15,2010-10-04,2011-10-07,1529.5316060384162,1805.230834469452,9.532343248007974,,,,,False,training_population,48.758999,-121.825302,RGI60-02.17739,2,2159.0,2.888,18.6,199.0,0.1
1367,EASTON,2012,-0.16,2011-10-07,2012-10-01,1674.5181438446089,1710.7699064294764,11.198168304001095,,,,,False,training_population,48.758999,-121.825302,RGI60-02.17739,2,2159.0,2.888,18.6,199.0,0.1
1367,EASTON,2013,-1.58,2012-10-01,2013-09-29,1911.459945297246,1563.8647197395626,12.393031699415587,,,,,False,training_population,48.758999,-121.825302,RGI60-02.17739,2,2159.0,2.888,18.6,199.0,0.1
1367,EASTON,2014,-1.3,2013-09-29,2014-09-28,1880.8257255554256,1481.4525675965483,12.661957801597726,,,,,False,training_population,48.758999,-121.825302,RGI60-02.17739,2,2159.0,2.888,18.6,199.0,0.1
1367,EASTON,2015,-2.78,2014-09-28,2015-09-28,2275.430151367193,789.691524457222,14.400394072048927,,,,,False,training_population,48.758999,-121.825302,RGI60-02.17739,2,2159.0,2.888,18.6,199.0,0.1
1367,EASTON,2016,-0.82,2015-09-28,2016-09-27,2048.0763996124324,1384.1912064197145,11.970135708131668,,,,,False,training_population,48.758999,-121.825302,RGI60-02.17739,2,2159.0,2.888,18.6,199.0,0.1
1367,EASTON,2017,-0.26,2016-09-27,2017-09-21,1934.6518553415983,1530.6853603951572,13.1877681469572,,,,,False,training_population,48.758999,-121.825302,RGI60-02.17739,2,2159.0,2.888,18.6,199.0,0.1
1367,EASTON,2018,-0.5,2017-09-21,2018-10-05,2028.877608235682,1706.5646180504111,12.856565591563374,,,,,False,training_population,48.758999,-121.825302,RGI60-02.17739,2,2159.0,2.888,18.6,199.0,0.1
1367,EASTON,2019,-1.7,2018-10-05,2019-09-28,1906.831768035894,1106.0615253534856,11.850177321226724,,,,,False,training_population,48.758999,-121.825302,RGI60-02.17739,2,2159.0,2.888,18.6,199.0,0.1
1367,EASTON,2020,-0.633,2019-09-28,2020-10-07,1905.653777949021,1436.1172474751882,11.231165069082532,,,,,False,training_population,48.758999,-121.825302,RGI60-02.17739,2,2159.0,2.888,18.6,199.0,0.1
1367,EASTON,2021,-1.562,2020-10-07,2021-09-25,1912.66913782756,1590.4918995996377,13.978150946852113,,,,,False,training_population,48.758999,-121.825302,RGI60-02.17739,2,2159.0,2.888,18.6,199.0,0.1
1367,EASTON,2022,-1.216,2021-09-25,2022-10-20,2154.8638003031474,1426.4461004254124,13.100745178996672,,,,,False,training_population,48.758999,-121.825302,RGI60-02.17739,2,2159.0,2.888,18.6,199.0,0.1
1367,EASTON,2023,-1.702,2022-10-20,2023-09-14,1762.9906841278116,1392.1270072389866,13.448409583603148,,,,,False,training_population,48.758999,-121.825302,RGI60-02.17739,2,2159.0,2.888,18.6,199.0,0.1
1367,EASTON,2024,-1.64,2023-09-14,2024-09-21,2029.1199480692603,1210.5506568657631,12.638713980412154,,,,,False,training_population,48.758999,-121.825302,RGI60-02.17739,2,2159.0,2.888,18.6,199.0,0.1
1367,EASTON,2025,-2.06,2024-09-21,2025-10-06,2212.727521006272,1171.5844270364144,13.271199819316053,,,,,False,training_population,48.758999,-121.825302,RGI60-02.17739,2,2159.0,2.888,18.6,199.0,0.1
1456,KONGSVEGEN,1987,0.535,1986-10-01,1987-09-30,25.20406926473015,502.7773879446222,-1.525575203826442,,,,,True,training_population,78.8,12.98,RGI60-07.01481,7,581.0,108.297,7.4,285.0,0.1
1456,KONGSVEGEN,1988,-0.052,1987-10-01,1988-09-30,61.90465672810973,638.2767137963938,-0.4148912858271739,,,,,True,training_population,78.8,12.98,RGI60-07.01481,7,581.0,108.297,7.4,285.0,0.1
1456,KONGSVEGEN,1989,-0.15,1988-10-01,1989-09-30,42.58160260518457,535.467777382113,-1.0859078199966845,,,,,True,training_population,78.8,12.98,RGI60-07.01481,7,581.0,108.297,7.4,285.0,0.1
1456,KONGSVEGEN,1990,-0.305,1989-10-01,1990-09-30,81.08897972107064,595.8985925293589,-0.1805980806765097,,,,,True,training_population,78.8,12.98,RGI60-07.01481,7,581.0,108.297,7.4,285.0,0.1
1456,KONGSVEGEN,1991,0.43,1990-09-15,1991-09-15,37.66920687357685,830.9744967120203,-0.6460899283920274,,,,,False,training_population,78.8,12.98,RGI60-07.01481,7,581.0,108.297,7.4,285.0,0.1
1456,KONGSVEGEN,1992,0.32,1991-09-15,1992-09-15,27.344135538737703,687.9484415483753,-0.9005848926046393,,,,,False,training_population,78.8,12.98,RGI60-07.01481,7,581.0,108.297,7.4,285.0,0.1
1456,KONGSVEGEN,1993,-0.38,1992-09-15,1993-09-15,105.37501360575482,564.849120404503,0.3425148659858362,,,,,False,training_population,78.8,12.98,RGI60-07.01481,7,581.0,108.297,7.4,285.0,0.1
1456,KONGSVEGEN,1994,0.5,1993-09-15,1994-09-15,33.36299591064528,915.7966135981468,-1.0299941090569742,,,,,False,training_population,78.8,12.98,RGI60-07.01481,7,581.0,108.297,7.4,285.0,0.1
1456,KONGSVEGEN,1995,-0.35,1994-09-15,1995-09-15,35.15893681844153,413.6554530094578,-0.9119735192561236,,,,,False,training_population,78.8,12.98,RGI60-07.01481,7,581.0,108.297,7.4,285.0,0.1
1456,KONGSVEGEN,1996,0.384,1995-09-15,1996-09-15,37.71942024231026,875.818922451419,-0.7760898424231261,,,,,False,training_population,78.8,12.98,RGI60-07.01481,7,581.0,108.297,7.4,285.0,0.1
1456,KONGSVEGEN,1997,0.102,1996-09-15,1997-09-15,35.59423357645744,519.5892084179193,-0.926802429254482,,,,,False,training_population,78.8,12.98,RGI60-07.01481,7,581.0,108.297,7.4,285.0,0.1
1456,KONGSVEGEN,1998,-0.695,1997-10-01,1998-09-30,103.6011383056652,445.2848185616496,0.2107173657071974,,,,,True,training_population,78.8,12.98,RGI60-07.01481,7,581.0,108.297,7.4,285.0,0.1
1456,KONGSVEGEN,1999,-0.15,1998-10-01,1999-09-30,38.33993771871008,652.2976009235713,-0.904290718963156,,,,,True,training_population,78.8,12.98,RGI60-07.01481,7,581.0,108.297,7.4,285.0,0.1
1456,KONGSVEGEN,2000,0.331,2000-04-28,2000-10-10,27.572983296713005,355.8086506654768,-1.5614224185114052,,,,,False,training_population,78.8,12.98,RGI60-07.01481,7,581.0,108.297,7.4,285.0,0.1
1456,KONGSVEGEN,2001,-0.491,2001-04-26,2001-09-23,70.57106920878215,177.19517221320658,-0.6150660874186851,,,,,False,training_population,78.8,12.98,RGI60-07.01481,7,581.0,108.297,7.4,285.0,0.1
1456,KONGSVEGEN,2002,-0.213,2002-04-29,2002-09-04,63.53083483378202,71.63450417193573,-0.0059175021406326,,,,,False,training_population,78.8,12.98,RGI60-07.01481,7,581.0,108.297,7.4,285.0,0.1
1456,KONGSVEGEN,2003,-0.336,2003-04-22,2003-09-12,52.71090494791764,134.16414527687337,-0.494245869180409,,,,,False,training_population,78.8,12.98,RGI60-07.01481,7,581.0,108.297,7.4,285.0,0.1
1456,KONGSVEGEN,2004,-0.74,2004-04-21,2004-09-14,81.68215268453076,153.76312910828105,-0.1536140041074661,,,,,False,training_population,78.8,12.98,RGI60-07.01481,7,581.0,108.297,7.4,285.0,0.1
1456,KONGSVEGEN,2005,-0.457,2005-04-20,2005-09-21,44.6680165608733,164.22999201171606,0.0179032850956794,,,,,False,training_population,78.8,12.98,RGI60-07.01481,7,581.0,108.297,7.4,285.0,0.1
1456,KONGSVEGEN,2006,0.018,2006-04-26,2006-09-16,38.52753817240512,182.41217243729224,-0.422646503172036,,,,,False,training_population,78.8,12.98,RGI60-07.01481,7,581.0,108.297,7.4,285.0,0.1
1456,KONGSVEGEN,2007,-0.09,2007-04-22,2007-09-16,28.14141553243064,147.03035658151364,-0.9081325544827008,,,,,False,training_population,78.8,12.98,RGI60-07.01481,7,581.0,108.297,7.4,285.0,0.1
1456,KONGSVEGEN,2008,0.418,2008-04-24,2008-09-12,21.68427467346288,164.53444234233672,-0.8870573817819514,,,,,False,training_population,78.8,12.98,RGI60-07.01481,7,581.0,108.297,7.4,285.0,0.1
1456,KONGSVEGEN,2009,-0.078,2009-04-23,2009-09-15,59.20481808980378,134.67169030856496,-0.560910730776558,,,,,False,training_population,78.8,12.98,RGI60-07.01481,7,581.0,108.297,7.4,285.0,0.1
1456,KONGSVEGEN,2010,0.13,2009-10-01,2010-09-30,24.748417917888105,642.7252329019773,-0.9864878391873784,,,,,True,training_population,78.8,12.98,RGI60-07.01481,7,581.0,108.297,7.4,285.0,0.1
1456,KONGSVEGEN,2011,-0.434,2010-10-01,2011-09-30,61.80060386657868,586.2393194243722,-0.0683682980744513,,,,,True,training_population,78.8,12.98,RGI60-07.01481,7,581.0,108.297,7.4,285.0,0.1
1456,KONGSVEGEN,2012,0.208,2011-10-01,2012-09-30,43.00999285380146,804.7515969855929,-0.5164109603218177,,,,,True,training_population,78.8,12.98,RGI60-07.01481,7,581.0,108.297,7.4,285.0,0.1
1456,KONGSVEGEN,2013,-0.69,2012-10-01,2013-09-30,87.4007648468031,574.4331725570398,0.1459746554278193,,,,,True,training_population,78.8,12.98,RGI60-07.01481,7,581.0,108.297,7.4,285.0,0.1
1456,KONGSVEGEN,2014,0.14,2013-10-01,2014-09-30,32.79476242065516,614.2864563881112,-1.016547031678995,,,,,True,training_population,78.8,12.98,RGI60-07.01481,7,581.0,108.297,7.4,285.0,0.1
1456,KONGSVEGEN,2015,-0.16,2014-10-01,2015-09-30,77.04330762227482,683.8273858295203,0.1604206444560841,,,,,True,training_population,78.8,12.98,RGI60-07.01481,7,581.0,108.297,7.4,285.0,0.1
1456,KONGSVEGEN,2016,-0.32,2015-10-01,2016-09-30,84.83371760050562,687.011675359809,-0.0710179093955039,,,,,True,training_population,78.8,12.98,RGI60-07.01481,7,581.0,108.297,7.4,285.0,0.1
1456,KONGSVEGEN,2017,0.04,2016-09-08,2017-09-14,68.2333175659196,792.5578718342514,-0.2679238678752268,,,,,False,training_population,78.8,12.98,RGI60-07.01481,7,581.0,108.297,7.4,285.0,0.1
1456,KONGSVEGEN,2018,-0.21,2017-10-01,2018-09-30,69.22519009908194,674.8735146693434,0.0170588617739697,,,,,True,training_population,78.8,12.98,RGI60-07.01481,7,581.0,108.297,7.4,285.0,0.1
1456,KONGSVEGEN,2019,-0.47,2018-10-01,2019-09-30,78.74825223287075,591.5793130509605,-0.0992554941038929,,,,,True,training_population,78.8,12.98,RGI60-07.01481,7,581.0,108.297,7.4,285.0,0.1
1456,KONGSVEGEN,2020,-1.081,2019-10-01,2020-09-30,133.80532519022756,468.5502869724303,0.7604009089262798,,,,,True,training_population,78.8,12.98,RGI60-07.01481,7,581.0,108.297,7.4,285.0,0.1
1456,KONGSVEGEN,2021,-0.16,2020-10-01,2021-09-30,57.484445953370425,694.949855323511,-0.135446978306401,,,,,True,training_population,78.8,12.98,RGI60-07.01481,7,581.0,108.297,7.4,285.0,0.1
1456,KONGSVEGEN,2022,-0.954,2021-10-01,2022-09-30,123.13230794271033,581.5701400444055,0.6669798229051919,,,,,True,training_population,78.8,12.98,RGI60-07.01481,7,581.0,108.297,7.4,285.0,0.1
1456,KONGSVEGEN,2023,-0.673,2022-07-02,2023-07-02,113.59733301798671,785.850288623866,0.2973328607484233,,,,,False,training_population,78.8,12.98,RGI60-07.01481,7,581.0,108.297,7.4,285.0,0.1
1456,KONGSVEGEN,2024,-1.41,2023-07-02,2024-07-01,122.99510841369818,503.1471308784887,1.0542472673499312,,,,,False,training_population,78.8,12.98,RGI60-07.01481,7,581.0,108.297,7.4,285.0,0.1
1456,KONGSVEGEN,2025,-1.17,2024-07-01,2025-07-02,175.7109289805112,548.4488059360934,1.2318657313678525,,,,,False,training_population,78.8,12.98,RGI60-07.01481,7,581.0,108.297,7.4,285.0,0.1
1461,MARMAGLACIAEREN,1990,-0.12,1989-05-29,1990-09-10,623.1282162984237,456.53513104336696,6.173485436646859,,,,,False,training_population,68.08,18.68,RGI60-08.00199,8,1524.0,3.689,9.3,81.0,0.1
1461,MARMAGLACIAEREN,1991,-0.2,1990-05-21,1991-08-20,1125.2807056427043,669.2511671097776,6.0582274662966205,,,,,False,training_population,68.08,18.68,RGI60-08.00199,8,1524.0,3.689,9.3,81.0,0.1
1461,MARMAGLACIAEREN,1992,0.09,1991-05-23,1992-09-02,1069.9224767049195,829.3609861772034,5.399507075461811,,,,,False,training_population,68.08,18.68,RGI60-08.00199,8,1524.0,3.689,9.3,81.0,0.1
1461,MARMAGLACIAEREN,1993,0.27,1992-04-09,1993-08-26,1015.7111267089896,929.4674040788352,4.768770230682226,,,,,False,training_population,68.08,18.68,RGI60-08.00199,8,1524.0,3.689,9.3,81.0,0.1
1461,MARMAGLACIAEREN,1994,-0.34,1993-05-26,1994-09-04,973.6423013051394,526.873519261791,4.950592689237757,,,,,False,training_population,68.08,18.68,RGI60-08.00199,8,1524.0,3.689,9.3,81.0,0.1
1461,MARMAGLACIAEREN,1995,0.1,1994-05-20,1995-09-03,948.9454177856488,801.9118059336777,4.675900827629002,,,,,False,training_population,68.08,18.68,RGI60-08.00199,8,1524.0,3.689,9.3,81.0,0.1
1461,MARMAGLACIAEREN,1996,-0.38,1995-07-02,1996-07-01,440.16966082255294,647.4495649192597,3.975727328701318,,,,,False,training_population,68.08,18.68,RGI60-08.00199,8,1524.0,3.689,9.3,81.0,0.1
1461,MARMAGLACIAEREN,1997,-0.2,1996-07-01,1997-07-02,668.1164717356387,796.4059696048159,6.672400789734341,,,,,False,training_population,68.08,18.68,RGI60-08.00199,8,1524.0,3.689,9.3,81.0,0.1
1461,MARMAGLACIAEREN,1998,-0.28,1997-07-02,1998-07-02,719.5846042633085,673.9021189283427,6.528934493799814,,,,,False,training_population,68.08,18.68,RGI60-08.00199,8,1524.0,3.689,9.3,81.0,0.1
1461,MARMAGLACIAEREN,1999,-0.3,1998-07-02,1999-07-02,664.3805224100778,585.7029515983286,6.006239765946608,,,,,False,training_population,68.08,18.68,RGI60-08.00199,8,1524.0,3.689,9.3,81.0,0.1
1461,MARMAGLACIAEREN,2000,0.13,1999-07-02,2000-07-01,506.241473134362,776.3679945826425,3.930282446266975,,,,,False,training_population,68.08,18.68,RGI60-08.00199,8,1524.0,3.689,9.3,81.0,0.1
1461,MARMAGLACIAEREN,2001,-0.41,2000-10-01,2001-09-30,697.711084238691,477.31808730424416,5.730522043808668,,,,,True,training_population,68.08,18.68,RGI60-08.00199,8,1524.0,3.689,9.3,81.0,0.1
1461,MARMAGLACIAEREN,2002,-0.66,2001-10-01,2002-09-30,882.6706406911243,743.7215602800436,8.410314841892433,,,,,True,training_population,68.08,18.68,RGI60-08.00199,8,1524.0,3.689,9.3,81.0,0.1
1461,MARMAGLACIAEREN,2003,-1.42,2002-10-01,2003-09-30,781.2500478108751,549.6997411122493,7.319470411107182,,,,,True,training_population,68.08,18.68,RGI60-08.00199,8,1524.0,3.689,9.3,81.0,0.1
1461,MARMAGLACIAEREN,2004,-0.58,2003-10-01,2004-09-30,636.1971650441515,551.7864568395262,5.802160275500777,,,,,True,training_population,68.08,18.68,RGI60-08.00199,8,1524.0,3.689,9.3,81.0,0.1
1461,MARMAGLACIAEREN,2005,-0.79,2004-10-01,2005-09-30,656.0350817362494,689.5357012889071,6.471519220048128,,,,,True,training_population,68.08,18.68,RGI60-08.00199,8,1524.0,3.689,9.3,81.0,0.1
1461,MARMAGLACIAEREN,2006,-1.65,2005-10-01,2006-09-30,836.0074582417838,578.0288130822697,7.283759357618271,,,,,True,training_population,68.08,18.68,RGI60-08.00199,8,1524.0,3.689,9.3,81.0,0.1
1461,MARMAGLACIAEREN,2007,-0.53,2006-10-01,2007-09-30,565.3714899698916,818.0178277102036,5.850430943309418,,,,,True,training_population,68.08,18.68,RGI60-08.00199,8,1524.0,3.689,9.3,81.0,0.1
1461,MARMAGLACIAEREN,2008,0.12,2007-10-01,2008-09-30,564.8149616241484,631.4860915137359,5.187424969327645,,,,,True,training_population,68.08,18.68,RGI60-08.00199,8,1524.0,3.689,9.3,81.0,0.1
1461,MARMAGLACIAEREN,2009,-1.39,2008-10-01,2009-09-30,700.5271995544459,593.538210346793,6.226880645751975,,,,,True,training_population,68.08,18.68,RGI60-08.00199,8,1524.0,3.689,9.3,81.0,0.1
1461,MARMAGLACIAEREN,2010,-0.5,2009-10-01,2010-09-30,592.3933587392196,456.9447164758245,5.137243691043601,,,,,True,training_population,68.08,18.68,RGI60-08.00199,8,1524.0,3.689,9.3,81.0,0.1
1461,MARMAGLACIAEREN,2011,-1.45,2010-10-01,2011-09-30,785.6514976501496,565.1767995706577,7.058204462908343,,,,,True,training_population,68.08,18.68,RGI60-08.00199,8,1524.0,3.689,9.3,81.0,0.1
1461,MARMAGLACIAEREN,2012,-0.09,2011-10-01,2012-09-30,466.3756265004501,762.0868369313314,4.363754029204903,,,,,True,training_population,68.08,18.68,RGI60-08.00199,8,1524.0,3.689,9.3,81.0,0.1
1461,MARMAGLACIAEREN,2014,-1.37,2013-10-01,2014-09-30,846.5889413197863,747.2832417153902,7.600130957451442,,,,,True,training_population,68.08,18.68,RGI60-08.00199,8,1524.0,3.689,9.3,81.0,0.1
1461,MARMAGLACIAEREN,2015,0.02,2014-10-01,2015-09-30,632.8242595672637,686.8070114258309,5.191994396154455,,,,,True,training_population,68.08,18.68,RGI60-08.00199,8,1524.0,3.689,9.3,81.0,0.1
1461,MARMAGLACIAEREN,2016,-0.37,2015-10-01,2016-09-30,762.1397914886509,610.7223391023347,5.942217873835935,,,,,True,training_population,68.08,18.68,RGI60-08.00199,8,1524.0,3.689,9.3,81.0,0.1
1461,MARMAGLACIAEREN,2017,0.26,2016-09-15,2017-09-06,618.4520430247017,701.8932115311429,5.250617551112544,,,,,False,training_population,68.08,18.68,RGI60-08.00199,8,1524.0,3.689,9.3,81.0,0.1
1461,MARMAGLACIAEREN,2018,-1.37,2017-09-15,2018-09-09,838.0735041300481,406.792062058205,6.916668413687463,,,,,False,training_population,68.08,18.68,RGI60-08.00199,8,1524.0,3.689,9.3,81.0,0.1
1461,MARMAGLACIAEREN,2019,-0.91,2018-09-15,2019-09-07,733.1111735026075,784.8043168409156,6.965548804186419,,,,,False,training_population,68.08,18.68,RGI60-08.00199,8,1524.0,3.689,9.3,81.0,0.1
1461,MARMAGLACIAEREN,2020,-1.206,2019-10-01,2020-09-30,672.6670260111514,811.428608261707,6.459265831933528,,,,,True,training_population,68.08,18.68,RGI60-08.00199,8,1524.0,3.689,9.3,81.0,0.1
1461,MARMAGLACIAEREN,2021,-0.755,2020-09-10,2021-09-07,746.7793617248567,664.809491202476,7.445484754313618,,,,,False,training_population,68.08,18.68,RGI60-08.00199,8,1524.0,3.689,9.3,81.0,0.1
1461,MARMAGLACIAEREN,2022,-0.427,2021-09-07,2022-09-08,713.5361928304068,759.3828178336609,6.611313991270225,,,,,False,training_population,68.08,18.68,RGI60-08.00199,8,1524.0,3.689,9.3,81.0,0.1
1461,MARMAGLACIAEREN,2023,-1.256,2022-09-08,2023-09-08,877.0706830342638,659.849690377147,7.978945737645265,,,,,False,training_population,68.08,18.68,RGI60-08.00199,8,1524.0,3.689,9.3,81.0,0.1
1461,MARMAGLACIAEREN,2024,-2.573,2023-09-09,2024-09-12,1094.8845546722446,495.0214190602296,9.001231848675292,,,,,False,training_population,68.08,18.68,RGI60-08.00199,8,1524.0,3.689,9.3,81.0,0.1
1461,MARMAGLACIAEREN,2025,-0.888,2024-09-13,2025-09-14,824.0358425140412,1012.6772868391462,7.014972464243596,,,,,False,training_population,68.08,18.68,RGI60-08.00199,8,1524.0,3.689,9.3,81.0,0.1
1507,FONTANA BIANCA / WEISSBRUNNF.,1984,0.395,1983-10-01,1984-09-30,836.7155646006296,424.0109883667458,7.457014967047672,,,,,True,training_population,46.483799,10.771,RGI60-11.01704,11,3181.0,0.564,21.8,71.0,0.1
1507,FONTANA BIANCA / WEISSBRUNNF.,1985,-0.6,1984-10-01,1985-09-30,1133.1963027954143,563.2840325214906,8.158236764824935,,,,,True,training_population,46.483799,10.771,RGI60-11.01704,11,3181.0,0.564,21.8,71.0,0.1
1507,FONTANA BIANCA / WEISSBRUNNF.,1986,-0.107,1985-10-01,1986-09-30,1244.9320123036746,679.3673089609129,8.2779897178429,,,,,True,training_population,46.483799,10.771,RGI60-11.01704,11,3181.0,0.564,21.8,71.0,0.1
1507,FONTANA BIANCA / WEISSBRUNNF.,1987,-0.466,1986-10-01,1987-09-30,1195.9783063252808,519.7996928970632,8.279664266282255,,,,,True,training_population,46.483799,10.771,RGI60-11.01704,11,3181.0,0.564,21.8,71.0,0.1
1507,FONTANA BIANCA / WEISSBRUNNF.,1988,-1.096,1987-10-01,1988-09-30,1181.5427262624153,439.31242018206615,8.336137466154259,,,,,True,training_population,46.483799,10.771,RGI60-11.01704,11,3181.0,0.564,21.8,71.0,0.1
1507,FONTANA BIANCA / WEISSBRUNNF.,1992,-1.091,1991-10-01,1992-09-30,1258.5270258585654,439.4669241062772,9.451503040479604,,,,,False,training_population,46.483799,10.771,RGI60-11.01704,11,3181.0,0.564,21.8,71.0,0.1
1507,FONTANA BIANCA / WEISSBRUNNF.,1993,-0.556,1992-10-01,1993-09-30,1116.042488606775,487.7647223188894,8.675290921805583,,,,,False,training_population,46.483799,10.771,RGI60-11.01704,11,3181.0,0.564,21.8,71.0,0.1
1507,FONTANA BIANCA / WEISSBRUNNF.,1994,-0.955,1993-10-01,1994-09-30,1304.0402214050337,509.845378390196,10.005664575272734,,,,,False,training_population,46.483799,10.771,RGI60-11.01704,11,3181.0,0.564,21.8,71.0,0.1
1507,FONTANA BIANCA / WEISSBRUNNF.,1995,-0.682,1994-10-01,1995-09-30,1072.082913208012,416.3082151371853,8.326206890050939,,,,,False,training_population,46.483799,10.771,RGI60-11.01704,11,3181.0,0.564,21.8,71.0,0.1
1507,FONTANA BIANCA / WEISSBRUNNF.,1996,-0.44,1995-10-01,1996-09-30,1153.908063761398,245.2051009453413,8.282207577470443,,,,,False,training_population,46.483799,10.771,RGI60-11.01704,11,3181.0,0.564,21.8,71.0,0.1
1507,FONTANA BIANCA / WEISSBRUNNF.,1997,-0.62,1996-10-01,1997-09-30,1175.95505561829,555.2881400543796,8.05614664796472,,,,,False,training_population,46.483799,10.771,RGI60-11.01704,11,3181.0,0.564,21.8,71.0,0.1
1507,FONTANA BIANCA / WEISSBRUNNF.,1998,-1.62,1997-10-01,1998-09-30,1248.0067930857383,487.2073462736672,9.411802553093974,,,,,False,training_population,46.483799,10.771,RGI60-11.01704,11,3181.0,0.564,21.8,71.0,0.1
1507,FONTANA BIANCA / WEISSBRUNNF.,1999,-0.97,1998-10-01,1999-09-30,1194.296999486292,514.5746792120356,8.548386689891009,,,,,False,training_population,46.483799,10.771,RGI60-11.01704,11,3181.0,0.564,21.8,71.0,0.1
1507,FONTANA BIANCA / WEISSBRUNNF.,2000,-0.74,1999-10-01,2000-09-30,1212.8578704834028,427.1838209229486,8.452288377457792,,,,,False,training_population,46.483799,10.771,RGI60-11.01704,11,3181.0,0.564,21.8,71.0,0.1
1507,FONTANA BIANCA / WEISSBRUNNF.,2001,0.395,2000-10-01,2001-10-01,1089.8655398050987,950.8211643942096,8.607598123688652,,,,,False,training_population,46.483799,10.771,RGI60-11.01704,11,3181.0,0.564,21.8,71.0,0.1
1507,FONTANA BIANCA / WEISSBRUNNF.,2002,-0.435,2001-10-02,2002-09-28,1194.088012822473,438.6904966753136,8.83889397883763,,,,,False,training_population,46.483799,10.771,RGI60-11.01704,11,3181.0,0.564,21.8,71.0,0.1
1507,FONTANA BIANCA / WEISSBRUNNF.,2003,-2.95,2002-09-29,2003-10-03,1458.5092444102013,575.7972858472868,11.128557749762074,,,,,False,training_population,46.483799,10.771,RGI60-11.01704,11,3181.0,0.564,21.8,71.0,0.1
1507,FONTANA BIANCA / WEISSBRUNNF.,2004,-0.994,2003-10-04,2004-09-30,1084.2536899566687,695.7321584205438,8.5789900917938,,,,,False,training_population,46.483799,10.771,RGI60-11.01704,11,3181.0,0.564,21.8,71.0,0.1
1507,FONTANA BIANCA / WEISSBRUNNF.,2005,-1.471,2004-10-01,2005-09-30,1270.7291470845585,365.6812189765049,8.572461638243325,,,,,False,training_population,46.483799,10.771,RGI60-11.01704,11,3181.0,0.564,21.8,71.0,0.1
1507,FONTANA BIANCA / WEISSBRUNNF.,2006,-1.753,2005-09-30,2006-09-30,1278.4929214477584,415.4009528583202,8.73463932534925,,,,,False,training_population,46.483799,10.771,RGI60-11.01704,11,3181.0,0.564,21.8,71.0,0.1
1507,FONTANA BIANCA / WEISSBRUNNF.,2007,-1.607,2006-09-30,2007-10-12,1331.4225920359345,367.8500343486704,8.67596504515498,,,,,False,training_population,46.483799,10.771,RGI60-11.01704,11,3181.0,0.564,21.8,71.0,0.1
1507,FONTANA BIANCA / WEISSBRUNNF.,2008,-1.246,2007-10-12,2008-10-07,1117.3616457621297,467.67992379486856,8.803179470006993,,,,,False,training_population,46.483799,10.771,RGI60-11.01704,11,3181.0,0.564,21.8,71.0,0.1
1507,FONTANA BIANCA / WEISSBRUNNF.,2009,-0.622,2008-10-07,2009-09-30,1266.9242478688604,768.2702863489546,9.072175100575343,,,,,False,training_population,46.483799,10.771,RGI60-11.01704,11,3181.0,0.564,21.8,71.0,0.1
1507,FONTANA BIANCA / WEISSBRUNNF.,2010,-0.195,2009-09-30,2010-09-21,1138.2995558420855,581.6198969027332,9.109667299795865,,,,,False,training_population,46.483799,10.771,RGI60-11.01704,11,3181.0,0.564,21.8,71.0,0.1
1507,FONTANA BIANCA / WEISSBRUNNF.,2011,-1.142,2010-09-22,2011-09-30,1276.9679874420212,572.3246365425218,8.353828684488954,,,,,False,training_population,46.483799,10.771,RGI60-11.01704,11,3181.0,0.564,21.8,71.0,0.1
1507,FONTANA BIANCA / WEISSBRUNNF.,2012,-1.931,2011-09-30,2012-10-08,1244.7373845418338,416.8840677113259,9.204071022807712,,,,,False,training_population,46.483799,10.771,RGI60-11.01704,11,3181.0,0.564,21.8,71.0,0.1
1507,FONTANA BIANCA / WEISSBRUNNF.,2013,-0.047,2012-10-08,2013-09-25,1099.5381797790567,680.9342579996028,8.946979701000734,,,,,False,training_population,46.483799,10.771,RGI60-11.01704,11,3181.0,0.564,21.8,71.0,0.1
1507,FONTANA BIANCA / WEISSBRUNNF.,2014,0.467,2013-09-25,2014-09-28,1072.6478396097862,752.7766069878724,7.722407374174721,,,,,False,training_population,46.483799,10.771,RGI60-11.01704,11,3181.0,0.564,21.8,71.0,0.1
1507,FONTANA BIANCA / WEISSBRUNNF.,2015,-1.291,2014-09-28,2015-09-22,1419.595337677006,544.673203058565,10.795989456729632,,,,,False,training_population,46.483799,10.771,RGI60-11.01704,11,3181.0,0.564,21.8,71.0,0.1
1507,FONTANA BIANCA / WEISSBRUNNF.,2016,-1.312,2015-09-22,2016-09-14,1200.4951765696255,473.2569800099639,9.24935120292334,,,,,False,training_population,46.483799,10.771,RGI60-11.01704,11,3181.0,0.564,21.8,71.0,0.1
1507,FONTANA BIANCA / WEISSBRUNNF.,2017,-1.88,2016-09-14,2017-09-21,1365.7357425689745,409.4646330716607,10.316774353082652,,,,,False,training_population,46.483799,10.771,RGI60-11.01704,11,3181.0,0.564,21.8,71.0,0.1
1511,URUMQI GLACIER NO. 1 E-BRANCH,1988,-0.646,1987-10-01,1988-09-30,499.4260084788029,248.4303561824035,4.417473446113497,,,,,True,training_population,43.111,86.811,RGI60-13.45335,13,3985.0,1.034,20.2,10.0,0.1
1511,URUMQI GLACIER NO. 1 E-BRANCH,1989,0.099,1988-10-01,1989-09-30,436.3971391042099,238.5376497779319,3.949529722462553,,,,,True,training_population,43.111,86.811,RGI60-13.45335,13,3985.0,1.034,20.2,10.0,0.1
1511,URUMQI GLACIER NO. 1 E-BRANCH,1990,0.018,1989-10-01,1990-09-30,523.6022652943959,223.0761477198264,4.8361175910286525,,,,,True,training_population,43.111,86.811,RGI60-13.45335,13,3985.0,1.034,20.2,10.0,0.1
1511,URUMQI GLACIER NO. 1 E-BRANCH,1991,-0.677,1990-08-31,1991-08-31,528.8976286570261,261.4663180160406,4.647784012278371,,,,,False,training_population,43.111,86.811,RGI60-13.45335,13,3985.0,1.034,20.2,10.0,0.1
1511,URUMQI GLACIER NO. 1 E-BRANCH,1992,0.09,1991-08-31,1992-08-31,419.329584884646,321.0637100856424,3.7792513324368606,,,,,False,training_population,43.111,86.811,RGI60-13.45335,13,3985.0,1.034,20.2,10.0,0.1
1511,URUMQI GLACIER NO. 1 E-BRANCH,1993,-0.034,1992-08-31,1993-09-03,426.65580164591705,259.00401566191886,4.0490916481155015,,,,,False,training_population,43.111,86.811,RGI60-13.45335,13,3985.0,1.034,20.2,10.0,0.1
1511,URUMQI GLACIER NO. 1 E-BRANCH,1994,-0.384,1993-09-03,1994-08-31,512.9498729705838,249.05834421453577,4.501668983957064,,,,,False,training_population,43.111,86.811,RGI60-13.45335,13,3985.0,1.034,20.2,10.0,0.1
1511,URUMQI GLACIER NO. 1 E-BRANCH,1995,-0.225,1994-08-31,1995-08-31,450.9295861562121,271.92146607115933,4.672448265595276,,,,,False,training_population,43.111,86.811,RGI60-13.45335,13,3985.0,1.034,20.2,10.0,0.1
1511,URUMQI GLACIER NO. 1 E-BRANCH,1996,0.046,1995-08-31,1996-09-01,516.0471700032576,292.2240814895183,4.179657284589672,,,,,False,training_population,43.111,86.811,RGI60-13.45335,13,3985.0,1.034,20.2,10.0,0.1
1511,URUMQI GLACIER NO. 1 E-BRANCH,1997,-0.773,1996-09-01,1997-08-31,570.135041809085,248.54993374583856,4.490635580256388,,,,,False,training_population,43.111,86.811,RGI60-13.45335,13,3985.0,1.034,20.2,10.0,0.1
1511,URUMQI GLACIER NO. 1 E-BRANCH,1998,-0.826,1997-08-31,1998-09-01,561.8974541982041,285.9914047859036,5.46053704702728,,,,,False,training_population,43.111,86.811,RGI60-13.45335,13,3985.0,1.034,20.2,10.0,0.1
1511,URUMQI GLACIER NO. 1 E-BRANCH,1999,-0.825,1998-09-01,1999-08-29,610.8966690063505,271.2754970191576,5.42493113058587,,,,,False,training_population,43.111,86.811,RGI60-13.45335,13,3985.0,1.034,20.2,10.0,0.1
1511,URUMQI GLACIER NO. 1 E-BRANCH,2000,-0.379,1999-08-29,2000-08-30,568.8215936025014,297.3758514634426,4.89024290531242,,,,,False,training_population,43.111,86.811,RGI60-13.45335,13,3985.0,1.034,20.2,10.0,0.1
1511,URUMQI GLACIER NO. 1 E-BRANCH,2004,-0.706,2003-08-30,2004-08-31,569.6102095286083,244.1806254772203,4.845494876347559,,,,,False,training_population,43.111,86.811,RGI60-13.45335,13,3985.0,1.034,20.2,10.0,0.1
1511,URUMQI GLACIER NO. 1 E-BRANCH,2005,-0.48,2004-08-31,2005-08-30,529.4217942555772,261.78171254356994,5.086557767011139,,,,,False,training_population,43.111,86.811,RGI60-13.45335,13,3985.0,1.034,20.2,10.0,0.1
1511,URUMQI GLACIER NO. 1 E-BRANCH,2006,-0.92,2005-09-01,2006-08-31,605.451782099409,213.57487483625448,5.35095375724463,,,,,False,training_population,43.111,86.811,RGI60-13.45335,13,3985.0,1.034,20.2,10.0,0.1
1511,URUMQI GLACIER NO. 1 E-BRANCH,2007,-0.696,2006-09-01,2007-08-31,607.576662317915,270.2142258017375,5.25988750043125,,,,,False,training_population,43.111,86.811,RGI60-13.45335,13,3985.0,1.034,20.2,10.0,0.1
1511,URUMQI GLACIER NO. 1 E-BRANCH,2008,-1.046,2007-08-30,2008-09-08,661.6560297648148,252.70359902271977,5.425392181991709,,,,,False,training_population,43.111,86.811,RGI60-13.45335,13,3985.0,1.034,20.2,10.0,0.1
1511,URUMQI GLACIER NO. 1 E-BRANCH,2009,-0.057,2008-09-09,2009-09-17,463.5415738423696,321.16205000717457,4.06785752669627,,,,,False,training_population,43.111,86.811,RGI60-13.45335,13,3985.0,1.034,20.2,10.0,0.1
1511,URUMQI GLACIER NO. 1 E-BRANCH,2010,-1.441,2009-09-17,2010-09-07,605.3877488454214,238.0915003246784,5.962315164096137,,,,,False,training_population,43.111,86.811,RGI60-13.45335,13,3985.0,1.034,20.2,10.0,0.1
1511,URUMQI GLACIER NO. 1 E-BRANCH,2011,-1.103,2010-09-11,2011-09-06,611.1201385498074,224.14748102852755,5.6809196251026295,,,,,False,training_population,43.111,86.811,RGI60-13.45335,13,3985.0,1.034,20.2,10.0,0.1
1511,URUMQI GLACIER NO. 1 E-BRANCH,2012,-0.81,2011-09-13,2012-09-01,540.3827246348089,212.2231082405825,5.345892842610698,,,,,False,training_population,43.111,86.811,RGI60-13.45335,13,3985.0,1.034,20.2,10.0,0.1
1511,URUMQI GLACIER NO. 1 E-BRANCH,2013,-0.658,2012-09-01,2013-08-29,520.5123973846464,291.71403083376646,4.917653980961576,,,,,False,training_population,43.111,86.811,RGI60-13.45335,13,3985.0,1.034,20.2,10.0,0.1
1511,URUMQI GLACIER NO. 1 E-BRANCH,2014,-0.228,2013-08-29,2014-09-01,477.09625549316695,279.4494671577681,4.054828309176284,,,,,False,training_population,43.111,86.811,RGI60-13.45335,13,3985.0,1.034,20.2,10.0,0.1
1511,URUMQI GLACIER NO. 1 E-BRANCH,2015,-0.932,2014-09-01,2015-08-28,568.5989274342879,308.45398740653354,5.507673396421305,,,,,False,training_population,43.111,86.811,RGI60-13.45335,13,3985.0,1.034,20.2,10.0,0.1
1511,URUMQI GLACIER NO. 1 E-BRANCH,2016,-0.939,2015-08-28,2016-09-02,625.3263200124131,289.6731954546219,6.09171238475378,,,,,False,training_population,43.111,86.811,RGI60-13.45335,13,3985.0,1.034,20.2,10.0,0.1
1511,URUMQI GLACIER NO. 1 E-BRANCH,2017,-0.773,2016-09-02,2017-08-26,614.0519772847522,285.9762066823031,5.612343914572785,,,,,False,training_population,43.111,86.811,RGI60-13.45335,13,3985.0,1.034,20.2,10.0,0.1
1511,URUMQI GLACIER NO. 1 E-BRANCH,2018,-0.817,2017-08-27,2018-08-28,603.6466178894073,243.8231668421018,5.638483849653982,,,,,False,training_population,43.111,86.811,RGI60-13.45335,13,3985.0,1.034,20.2,10.0,0.1
1511,URUMQI GLACIER NO. 1 E-BRANCH,2019,-0.348,2018-08-28,2019-08-28,541.1273028055853,279.623408937244,5.204684029856058,,,,,False,training_population,43.111,86.811,RGI60-13.45335,13,3985.0,1.034,20.2,10.0,0.1
1511,URUMQI GLACIER NO. 1 E-BRANCH,2020,-0.31,2019-08-28,2020-08-28,595.2291085561146,275.4503563883901,4.929424608565596,,,,,False,training_population,43.111,86.811,RGI60-13.45335,13,3985.0,1.034,20.2,10.0,0.1
1511,URUMQI GLACIER NO. 1 E-BRANCH,2021,-0.824,2020-08-29,2021-08-28,596.7605570475286,233.285090174622,5.480391355873903,,,,,False,training_population,43.111,86.811,RGI60-13.45335,13,3985.0,1.034,20.2,10.0,0.1
1511,URUMQI GLACIER NO. 1 E-BRANCH,2022,-1.315,2021-08-28,2022-08-29,718.9948291778595,206.4333812051977,5.871433458260633,,,,,False,training_population,43.111,86.811,RGI60-13.45335,13,3985.0,1.034,20.2,10.0,0.1
1511,URUMQI GLACIER NO. 1 E-BRANCH,2023,-1.402,2022-08-29,2023-08-28,630.0757684071887,265.5573315747155,5.861580930239936,,,,,False,training_population,43.111,86.811,RGI60-13.45335,13,3985.0,1.034,20.2,10.0,0.1
1511,URUMQI GLACIER NO. 1 E-BRANCH,2024,-1.844,2023-08-27,2024-08-27,786.1463431040474,200.8735581642327,6.642303085327172,,,,,False,training_population,43.111,86.811,RGI60-13.45335,13,3985.0,1.034,20.2,10.0,0.1
1511,URUMQI GLACIER NO. 1 E-BRANCH,2025,-1.719,2024-08-27,2025-08-27,737.9408200581897,225.6046324177064,6.532746552224675,,,,,False,training_population,43.111,86.811,RGI60-13.45335,13,3985.0,1.034,20.2,10.0,0.1
1512,URUMQI GLACIER NO. 1 W-BRANCH,1988,-0.639,1987-10-01,1988-09-30,499.4260084788029,248.4303561824035,4.417473446113497,,,,,True,training_population,43.118,86.804,RGI60-13.45334,13,4087.0,0.547,20.9,56.0,0.1
1512,URUMQI GLACIER NO. 1 W-BRANCH,1989,0.11,1988-10-01,1989-09-30,436.3971391042099,238.5376497779319,3.949529722462553,,,,,True,training_population,43.118,86.804,RGI60-13.45334,13,4087.0,0.547,20.9,56.0,0.1
1512,URUMQI GLACIER NO. 1 W-BRANCH,1990,0.11,1989-10-01,1990-09-30,523.6022652943959,223.0761477198264,4.8361175910286525,,,,,True,training_population,43.118,86.804,RGI60-13.45334,13,4087.0,0.547,20.9,56.0,0.1
1512,URUMQI GLACIER NO. 1 W-BRANCH,1991,-0.657,1990-08-31,1991-08-31,528.8976286570261,261.4663180160406,4.647784012278371,,,,,False,training_population,43.118,86.804,RGI60-13.45334,13,4087.0,0.547,20.9,56.0,0.1
1512,URUMQI GLACIER NO. 1 W-BRANCH,1992,0.037,1991-08-31,1992-08-31,419.329584884646,321.0637100856424,3.7792513324368606,,,,,False,training_population,43.118,86.804,RGI60-13.45334,13,4087.0,0.547,20.9,56.0,0.1
1512,URUMQI GLACIER NO. 1 W-BRANCH,1993,-0.02,1992-08-31,1993-09-03,426.65580164591705,259.00401566191886,4.0490916481155015,,,,,False,training_population,43.118,86.804,RGI60-13.45334,13,4087.0,0.547,20.9,56.0,0.1
1512,URUMQI GLACIER NO. 1 W-BRANCH,1994,-0.367,1993-09-03,1994-08-31,512.9498729705838,249.05834421453577,4.501668983957064,,,,,False,training_population,43.118,86.804,RGI60-13.45334,13,4087.0,0.547,20.9,56.0,0.1
1512,URUMQI GLACIER NO. 1 W-BRANCH,1995,-0.233,1994-08-31,1995-08-31,450.9295861562121,271.92146607115933,4.672448265595276,,,,,False,training_population,43.118,86.804,RGI60-13.45334,13,4087.0,0.547,20.9,56.0,0.1
1512,URUMQI GLACIER NO. 1 W-BRANCH,1996,0.037,1995-08-31,1996-09-02,516.0471700032576,292.276857378635,4.179657284589672,,,,,False,training_population,43.118,86.804,RGI60-13.45334,13,4087.0,0.547,20.9,56.0,0.1
1512,URUMQI GLACIER NO. 1 W-BRANCH,1997,-0.995,1996-09-02,1997-09-02,580.7387664794951,248.5454306150281,4.490635580256388,,,,,False,training_population,43.118,86.804,RGI60-13.45334,13,4087.0,0.547,20.9,56.0,0.1
1512,URUMQI GLACIER NO. 1 W-BRANCH,1998,-0.726,1997-09-02,1998-09-02,558.843695958458,285.9914047859036,5.48588861797169,,,,,False,training_population,43.118,86.804,RGI60-13.45334,13,4087.0,0.547,20.9,56.0,0.1
1512,URUMQI GLACIER NO. 1 W-BRANCH,1999,-0.737,1998-09-02,1999-08-29,606.1123612721788,271.2754970191576,5.42493113058587,,,,,False,training_population,43.118,86.804,RGI60-13.45334,13,4087.0,0.547,20.9,56.0,0.1
1512,URUMQI GLACIER NO. 1 W-BRANCH,2000,-0.242,1999-08-29,2000-08-31,571.7007550557485,297.3758514634426,4.869073626869628,,,,,False,training_population,43.118,86.804,RGI60-13.45334,13,4087.0,0.547,20.9,56.0,0.1
1512,URUMQI GLACIER NO. 1 W-BRANCH,2001,-1.159,2000-08-30,2001-08-30,554.3428620656359,280.35643411203284,5.289101113213457,,,,,False,training_population,43.118,86.804,RGI60-13.45334,13,4087.0,0.547,20.9,56.0,0.1
1512,URUMQI GLACIER NO. 1 W-BRANCH,2002,-1.264,2001-08-30,2002-09-01,617.5606507619248,267.8817674890724,5.697941148365667,,,,,False,training_population,43.118,86.804,RGI60-13.45334,13,4087.0,0.547,20.9,56.0,0.1
1512,URUMQI GLACIER NO. 1 W-BRANCH,2003,-0.622,2002-09-01,2003-08-30,452.56516418457306,222.88475569405364,4.401325361370627,,,,,False,training_population,43.118,86.804,RGI60-13.45334,13,4087.0,0.547,20.9,56.0,0.1
1512,URUMQI GLACIER NO. 1 W-BRANCH,2004,-0.844,2003-08-30,2004-08-31,569.6102095286083,244.1806254772203,4.845494876347559,,,,,False,training_population,43.118,86.804,RGI60-13.45334,13,4087.0,0.547,20.9,56.0,0.1
1512,URUMQI GLACIER NO. 1 W-BRANCH,2005,-0.503,2004-08-31,2005-08-30,529.4217942555772,261.78171254356994,5.086557767011139,,,,,False,training_population,43.118,86.804,RGI60-13.45334,13,4087.0,0.547,20.9,56.0,0.1
1512,URUMQI GLACIER NO. 1 W-BRANCH,2006,-0.506,2005-09-01,2006-08-31,605.451782099409,213.57487483625448,5.35095375724463,,,,,False,training_population,43.118,86.804,RGI60-13.45334,13,4087.0,0.547,20.9,56.0,0.1
1512,URUMQI GLACIER NO. 1 W-BRANCH,2007,-0.542,2006-09-01,2007-08-31,607.576662317915,270.2142258017375,5.25988750043125,,,,,False,training_population,43.118,86.804,RGI60-13.45334,13,4087.0,0.547,20.9,56.0,0.1
1512,URUMQI GLACIER NO. 1 W-BRANCH,2008,-0.719,2007-08-30,2008-09-08,661.6560297648148,252.70359902271977,5.425392181991709,,,,,False,training_population,43.118,86.804,RGI60-13.45334,13,4087.0,0.547,20.9,56.0,0.1
1512,URUMQI GLACIER NO. 1 W-BRANCH,2009,0.289,2008-09-09,2009-09-17,463.5415738423696,321.16205000717457,4.06785752669627,,,,,False,training_population,43.118,86.804,RGI60-13.45334,13,4087.0,0.547,20.9,56.0,0.1
1512,URUMQI GLACIER NO. 1 W-BRANCH,2010,-1.116,2009-09-17,2010-09-07,605.3877488454214,238.0915003246784,5.962315164096137,,,,,False,training_population,43.118,86.804,RGI60-13.45334,13,4087.0,0.547,20.9,56.0,0.1
1512,URUMQI GLACIER NO. 1 W-BRANCH,2011,-0.653,2010-09-11,2011-09-06,611.1201385498074,224.14748102852755,5.6809196251026295,,,,,False,training_population,43.118,86.804,RGI60-13.45334,13,4087.0,0.547,20.9,56.0,0.1
1512,URUMQI GLACIER NO. 1 W-BRANCH,2012,-0.544,2011-09-13,2012-09-02,547.1042157491074,212.2231082405825,5.345892842610698,,,,,False,training_population,43.118,86.804,RGI60-13.45334,13,4087.0,0.547,20.9,56.0,0.1
1512,URUMQI GLACIER NO. 1 W-BRANCH,2013,-0.324,2012-09-02,2013-08-29,516.0280392964709,291.71403083376646,4.917653980961576,,,,,False,training_population,43.118,86.804,RGI60-13.45334,13,4087.0,0.547,20.9,56.0,0.1
1512,URUMQI GLACIER NO. 1 W-BRANCH,2014,-0.109,2013-08-29,2014-09-01,477.09625549316695,279.4494671577681,4.054828309176284,,,,,False,training_population,43.118,86.804,RGI60-13.45334,13,4087.0,0.547,20.9,56.0,0.1
1512,URUMQI GLACIER NO. 1 W-BRANCH,2015,-0.607,2014-09-01,2015-09-02,573.5338511149114,321.5478404032233,5.379941987300287,,,,,False,training_population,43.118,86.804,RGI60-13.45334,13,4087.0,0.547,20.9,56.0,0.1
1512,URUMQI GLACIER NO. 1 W-BRANCH,2016,-0.498,2015-09-02,2016-09-01,610.412476476036,277.07106885629787,6.248698392121711,,,,,False,training_population,43.118,86.804,RGI60-13.45334,13,4087.0,0.547,20.9,56.0,0.1
1512,URUMQI GLACIER NO. 1 W-BRANCH,2017,-0.52,2016-09-01,2017-08-26,617.6875054677357,285.9762066823031,5.612343914572785,,,,,False,training_population,43.118,86.804,RGI60-13.45334,13,4087.0,0.547,20.9,56.0,0.1
1512,URUMQI GLACIER NO. 1 W-BRANCH,2018,-0.521,2017-08-27,2018-08-28,603.6466178894073,243.8231668421018,5.638483849653982,,,,,False,training_population,43.118,86.804,RGI60-13.45334,13,4087.0,0.547,20.9,56.0,0.1
1512,URUMQI GLACIER NO. 1 W-BRANCH,2019,-0.136,2018-08-28,2019-08-28,541.1273028055853,279.623408937244,5.204684029856058,,,,,False,training_population,43.118,86.804,RGI60-13.45334,13,4087.0,0.547,20.9,56.0,0.1
1512,URUMQI GLACIER NO. 1 W-BRANCH,2020,-0.089,2019-08-28,2020-08-28,595.2291085561146,275.4503563883901,4.929424608565596,,,,,False,training_population,43.118,86.804,RGI60-13.45334,13,4087.0,0.547,20.9,56.0,0.1
1512,URUMQI GLACIER NO. 1 W-BRANCH,2021,-0.837,2020-08-29,2021-08-28,596.7605570475286,233.285090174622,5.480391355873903,,,,,False,training_population,43.118,86.804,RGI60-13.45334,13,4087.0,0.547,20.9,56.0,0.1
1512,URUMQI GLACIER NO. 1 W-BRANCH,2022,-1.134,2021-08-28,2022-08-29,718.9948291778595,206.4333812051977,5.871433458260633,,,,,False,training_population,43.118,86.804,RGI60-13.45334,13,4087.0,0.547,20.9,56.0,0.1
1512,URUMQI GLACIER NO. 1 W-BRANCH,2023,-1.095,2022-08-29,2023-08-28,630.0757684071887,265.5573315747155,5.861580930239936,,,,,False,training_population,43.118,86.804,RGI60-13.45334,13,4087.0,0.547,20.9,56.0,0.1
1512,URUMQI GLACIER NO. 1 W-BRANCH,2024,-1.764,2023-08-27,2024-08-27,786.1463431040474,200.8735581642327,6.642303085327172,,,,,False,training_population,43.118,86.804,RGI60-13.45334,13,4087.0,0.547,20.9,56.0,0.1
1512,URUMQI GLACIER NO. 1 W-BRANCH,2025,-1.971,2024-08-27,2025-08-27,737.9408200581897,225.6046324177064,6.532746552224675,,,,,False,training_population,43.118,86.804,RGI60-13.45334,13,4087.0,0.547,20.9,56.0,0.1
1597,BREWSTER,2005,1.376,2004-04-01,2005-03-31,896.5079689025899,0.0,10.781139444900791,,,,,True,external_holdout,-44.07078,169.435174,RGI60-18.01130,18,1929.0,2.673,16.3,202.0,0.1
1597,BREWSTER,2006,0.691,2005-03-21,2006-02-13,1565.66611646017,345.9753134559236,9.744741168551997,,,,,False,external_holdout,-44.07078,169.435174,RGI60-18.01130,18,1929.0,2.673,16.3,202.0,0.1
1597,BREWSTER,2007,0.692,2006-02-13,2007-03-23,1896.3786861419749,619.895169216921,9.087293603285325,,,,,False,external_holdout,-44.07078,169.435174,RGI60-18.01130,18,1929.0,2.673,16.3,202.0,0.1
1597,BREWSTER,2008,-1.698,2007-03-23,2008-04-20,2059.8813068389964,550.3706100656025,10.688691515800306,,,,,False,external_holdout,-44.07078,169.435174,RGI60-18.01130,18,1929.0,2.673,16.3,202.0,0.1
1597,BREWSTER,2009,-0.702,2008-04-20,2009-03-18,1404.9308228810685,562.899928212854,9.026566328825794,,,,,False,external_holdout,-44.07078,169.435174,RGI60-18.01130,18,1929.0,2.673,16.3,202.0,0.1
1597,BREWSTER,2010,-0.074,2009-03-18,2010-03-28,1680.096165720628,743.6864719231409,9.668426979912674,,,,,False,external_holdout,-44.07078,169.435174,RGI60-18.01130,18,1929.0,2.673,16.3,202.0,0.1
1597,BREWSTER,2011,-1.728,2010-03-28,2011-03-12,1710.8430647532205,554.6541057696502,9.913125122918048,,,,,False,external_holdout,-44.07078,169.435174,RGI60-18.01130,18,1929.0,2.673,16.3,202.0,0.1
1597,BREWSTER,2012,-0.565,2011-03-12,2012-03-21,1824.920134099332,553.7571870411817,9.877139475057437,,,,,False,external_holdout,-44.07078,169.435174,RGI60-18.01130,18,1929.0,2.673,16.3,202.0,0.1
1597,BREWSTER,2013,0.201,2012-03-21,2013-03-21,1773.4512546539368,503.71228140393146,10.08402427390772,,,,,False,external_holdout,-44.07078,169.435174,RGI60-18.01130,18,1929.0,2.673,16.3,202.0,0.1
1597,BREWSTER,2014,0.47,2013-03-21,2014-04-08,2005.3548971812,502.2385539874036,9.112398444281707,,,,,False,external_holdout,-44.07078,169.435174,RGI60-18.01130,18,1929.0,2.673,16.3,202.0,0.1
1597,BREWSTER,2015,0.215,2014-04-08,2015-03-17,1631.632739766445,495.8384633928148,10.334565756056069,,,,,False,external_holdout,-44.07078,169.435174,RGI60-18.01130,18,1929.0,2.673,16.3,202.0,0.1
1597,BREWSTER,2016,-1.193,2015-03-17,2016-03-25,1873.550355529792,757.4155230367055,10.396370370047457,,,,,False,external_holdout,-44.07078,169.435174,RGI60-18.01130,18,1929.0,2.673,16.3,202.0,0.1
1597,BREWSTER,2017,0.553,2016-03-25,2017-03-15,1662.8230747222967,523.0829127690662,8.301971880594913,,,,,False,external_holdout,-44.07078,169.435174,RGI60-18.01130,18,1929.0,2.673,16.3,202.0,0.1
1597,BREWSTER,2018,-2.217,2017-03-15,2018-03-23,2203.0963420868,604.4328124506677,11.418640864336956,,,,,False,external_holdout,-44.07078,169.435174,RGI60-18.01130,18,1929.0,2.673,16.3,202.0,0.1
1597,BREWSTER,2019,-1.333,2018-03-23,2019-03-23,1853.5981539408435,595.1263757109934,10.56449246583164,,,,,False,external_holdout,-44.07078,169.435174,RGI60-18.01130,18,1929.0,2.673,16.3,202.0,0.1
1597,BREWSTER,2020,-1.454,2019-03-23,2020-03-16,1852.981294504808,517.8336340197376,10.005649751097312,,,,,False,external_holdout,-44.07078,169.435174,RGI60-18.01130,18,1929.0,2.673,16.3,202.0,0.1
1597,BREWSTER,2021,0.178,2020-03-16,2021-03-21,1961.0343479156568,197.25495368134816,9.660522715250677,,,,,False,external_holdout,-44.07078,169.435174,RGI60-18.01130,18,1929.0,2.673,16.3,202.0,0.1
1597,BREWSTER,2022,-1.125,2021-03-21,2022-03-18,2087.838725916551,469.6527541374991,10.97629025777183,,,,,False,external_holdout,-44.07078,169.435174,RGI60-18.01130,18,1929.0,2.673,16.3,202.0,0.1
1597,BREWSTER,2023,-0.937,2022-03-18,2023-03-23,2194.461710993456,497.0103363665821,11.132745997111025,,,,,False,external_holdout,-44.07078,169.435174,RGI60-18.01130,18,1929.0,2.673,16.3,202.0,0.1
1597,BREWSTER,2024,-1.006,2023-03-23,2024-03-23,1895.8139523824125,403.7829301189327,10.048743834163703,,,,,False,external_holdout,-44.07078,169.435174,RGI60-18.01130,18,1929.0,2.673,16.3,202.0,0.1
1597,BREWSTER,2025,-0.318,2024-03-23,2025-03-10,1791.2313250223851,617.248024724443,11.116788143581834,,,,,False,external_holdout,-44.07078,169.435174,RGI60-18.01130,18,1929.0,2.673,16.3,202.0,0.1
1624,ANTIZANA15ALPHA,1995,-1.831,1994-12-30,1995-12-30,1870.0426957448408,0.0,5.440911400898591,,,,,False,external_holdout,-0.47,-78.150002,RGI60-16.01339,16,5042.0,9.487,27.0,251.0,0.1
1624,ANTIZANA15ALPHA,1996,-0.342,1995-12-30,1996-12-30,1786.8950213114506,0.0,4.926076452282914,,,,,False,external_holdout,-0.47,-78.150002,RGI60-16.01339,16,5042.0,9.487,27.0,251.0,0.1
1624,ANTIZANA15ALPHA,1997,-0.639,1996-12-30,1997-12-30,1857.5159075419192,0.0,5.3825439159686965,,,,,False,external_holdout,-0.47,-78.150002,RGI60-16.01339,16,5042.0,9.487,27.0,251.0,0.1
1624,ANTIZANA15ALPHA,1998,-0.912,1997-12-30,1998-12-30,2049.1686607360925,0.0,6.213797142392138,,,,,False,external_holdout,-0.47,-78.150002,RGI60-16.01339,16,5042.0,9.487,27.0,251.0,0.1
1624,ANTIZANA15ALPHA,1999,0.51,1998-12-30,1999-12-30,1661.0002634684329,0.0,5.118553241268643,,,,,False,external_holdout,-0.47,-78.150002,RGI60-16.01339,16,5042.0,9.487,27.0,251.0,0.1
1624,ANTIZANA15ALPHA,2000,0.378,1999-07-02,2000-01-31,942.7679021199592,0.0,5.069395381148168,,,,,False,external_holdout,-0.47,-78.150002,RGI60-16.01339,16,5042.0,9.487,27.0,251.0,0.1
1624,ANTIZANA15ALPHA,2001,-0.598,2000-07-01,2001-01-31,954.0234769185432,0.0,4.722894881874025,,,,,False,external_holdout,-0.47,-78.150002,RGI60-16.01339,16,5042.0,9.487,27.0,251.0,0.1
1624,ANTIZANA15ALPHA,2002,-1.038,2001-07-02,2002-01-31,1045.0789506276494,0.0,5.641273096556327,,,,,False,external_holdout,-0.47,-78.150002,RGI60-16.01339,16,5042.0,9.487,27.0,251.0,0.1
1624,ANTIZANA15ALPHA,2003,-1.366,2002-07-02,2003-01-31,1053.1670605977422,0.0,5.90659455125052,,,,,False,external_holdout,-0.47,-78.150002,RGI60-16.01339,16,5042.0,9.487,27.0,251.0,0.1
1624,ANTIZANA15ALPHA,2004,-0.604,2003-07-02,2004-01-31,1061.62339312236,0.0,5.615491321522727,,,,,False,external_holdout,-0.47,-78.150002,RGI60-16.01339,16,5042.0,9.487,27.0,251.0,0.1
1624,ANTIZANA15ALPHA,2005,-1.216,2004-07-01,2005-01-31,1046.6245009104464,0.0,5.632334071333712,,,,,False,external_holdout,-0.47,-78.150002,RGI60-16.01339,16,5042.0,9.487,27.0,251.0,0.1
1624,ANTIZANA15ALPHA,2006,-0.203,2005-12-31,2006-12-31,1821.92742055258,0.0,5.533280895917868,,,,,False,external_holdout,-0.47,-78.150002,RGI60-16.01339,16,5042.0,9.487,27.0,251.0,0.1
1624,ANTIZANA15ALPHA,2007,-0.904,2006-12-31,2007-12-31,1807.686650848397,0.0,5.55167996333198,,,,,False,external_holdout,-0.47,-78.150002,RGI60-16.01339,16,5042.0,9.487,27.0,251.0,0.1
1624,ANTIZANA15ALPHA,2008,0.337,2007-12-31,2008-12-31,1742.4388248443686,0.0,5.207246848120229,,,,,False,external_holdout,-0.47,-78.150002,RGI60-16.01339,16,5042.0,9.487,27.0,251.0,0.1
1624,ANTIZANA15ALPHA,2009,-0.828,2008-12-31,2009-12-31,1924.6479418436768,0.0,5.477845072484303,,,,,False,external_holdout,-0.47,-78.150002,RGI60-16.01339,16,5042.0,9.487,27.0,251.0,0.1
1624,ANTIZANA15ALPHA,2010,-0.938,2009-12-31,2010-12-31,1943.7201190948565,0.0,5.751909740853243,,,,,False,external_holdout,-0.47,-78.150002,RGI60-16.01339,16,5042.0,9.487,27.0,251.0,0.1
1624,ANTIZANA15ALPHA,2011,0.163,2010-12-31,2011-12-31,1811.229727045703,0.0,5.371392053736895,,,,,False,external_holdout,-0.47,-78.150002,RGI60-16.01339,16,5042.0,9.487,27.0,251.0,0.1
1624,ANTIZANA15ALPHA,2012,-0.42,2011-04-01,2012-03-31,1805.0783376058023,0.0,5.256919444437015,,,,,True,external_holdout,-0.47,-78.150002,RGI60-16.01339,16,5042.0,9.487,27.0,251.0,0.1
1624,ANTIZANA15ALPHA,2013,-0.45,2012-04-01,2013-03-31,1796.1323719024736,0.0,5.564117770724847,,,,,True,external_holdout,-0.47,-78.150002,RGI60-16.01339,16,5042.0,9.487,27.0,251.0,0.1
1624,ANTIZANA15ALPHA,2014,-0.267,2014-01-11,2015-01-08,1837.4706625620609,0.0,5.6058831735091,,,,,False,external_holdout,-0.47,-78.150002,RGI60-16.01339,16,5042.0,9.487,27.0,251.0,0.1
1624,ANTIZANA15ALPHA,2015,-0.305,2015-01-01,2015-12-31,1942.722173690805,0.0,5.704923919395186,,,,,False,external_holdout,-0.47,-78.150002,RGI60-16.01339,16,5042.0,9.487,27.0,251.0,0.1
1624,ANTIZANA15ALPHA,2016,-0.257,2015-12-29,2016-12-27,2075.429402033496,0.0,6.5347563637627735,,,,,False,external_holdout,-0.47,-78.150002,RGI60-16.01339,16,5042.0,9.487,27.0,251.0,0.1
1624,ANTIZANA15ALPHA,2017,-0.379,2016-12-27,2018-01-04,1951.842006429045,0.0,5.554552827058039,,,,,False,external_holdout,-0.47,-78.150002,RGI60-16.01339,16,5042.0,9.487,27.0,251.0,0.1
1624,ANTIZANA15ALPHA,2018,-0.277,2018-01-04,2018-12-27,1813.3086193084791,0.0,5.355260390928971,,,,,False,external_holdout,-0.47,-78.150002,RGI60-16.01339,16,5042.0,9.487,27.0,251.0,0.1
1624,ANTIZANA15ALPHA,2019,-1.047,2018-12-27,2020-01-06,1986.9026529948,0.0,5.925652667004701,,,,,False,external_holdout,-0.47,-78.150002,RGI60-16.01339,16,5042.0,9.487,27.0,251.0,0.1
1624,ANTIZANA15ALPHA,2020,-0.93,2019-04-01,2020-03-31,1945.6506693522213,0.0,6.014766123006654,,,,,True,external_holdout,-0.47,-78.150002,RGI60-16.01339,16,5042.0,9.487,27.0,251.0,0.1
1624,ANTIZANA15ALPHA,2021,-0.84,2020-04-01,2021-03-31,1873.8601264953693,0.0,5.372902453387248,,,,,True,external_holdout,-0.47,-78.150002,RGI60-16.01339,16,5042.0,9.487,27.0,251.0,0.1
1624,ANTIZANA15ALPHA,2022,-0.973,2021-04-01,2022-03-31,1856.524848937996,0.0,5.674229530051924,,,,,True,external_holdout,-0.47,-78.150002,RGI60-16.01339,16,5042.0,9.487,27.0,251.0,0.1
1624,ANTIZANA15ALPHA,2023,-1.035,2022-04-01,2023-03-31,1763.7146530151458,0.0,5.126120743928157,,,,,True,external_holdout,-0.47,-78.150002,RGI60-16.01339,16,5042.0,9.487,27.0,251.0,0.1
1624,ANTIZANA15ALPHA,2024,-0.491,2023-04-01,2024-03-31,2079.332426325488,0.0,6.458693503634854,,,,,True,external_holdout,-0.47,-78.150002,RGI60-16.01339,16,5042.0,9.487,27.0,251.0,0.1
1624,ANTIZANA15ALPHA,2025,-0.75,2024-04-01,2025-03-31,2007.802744547534,0.0,5.736616883454521,,,,,True,external_holdout,-0.47,-78.150002,RGI60-16.01339,16,5042.0,9.487,27.0,251.0,0.1
1629,MITTIVAKKAT,1996,0.01,1995-10-01,1996-09-30,427.8677335103378,693.5619582974617,3.699642933278865,,,,,True,external_holdout,65.6957,-37.8032,RGI60-05.11186,5,648.0,20.154,11.3,261.0,0.1
1629,MITTIVAKKAT,1997,-0.4,1996-10-01,1997-09-30,414.0594104766872,907.5114614072248,3.9397225297015854,,,,,True,external_holdout,65.6957,-37.8032,RGI60-05.11186,5,648.0,20.154,11.3,261.0,0.1
1629,MITTIVAKKAT,1998,-1.17,1997-10-01,1998-09-30,437.9763271331816,819.9864083109035,3.911337270598504,,,,,True,external_holdout,65.6957,-37.8032,RGI60-05.11186,5,648.0,20.154,11.3,261.0,0.1
1629,MITTIVAKKAT,1999,-0.77,1998-10-01,1999-09-30,418.45554288228647,670.1159189423506,3.856100295246534,,,,,True,external_holdout,65.6957,-37.8032,RGI60-05.11186,5,648.0,20.154,11.3,261.0,0.1
1629,MITTIVAKKAT,2000,-0.83,1999-10-01,2000-09-30,467.80046946207966,974.7557472376654,4.17261467671051,,,,,True,external_holdout,65.6957,-37.8032,RGI60-05.11186,5,648.0,20.154,11.3,261.0,0.1
1629,MITTIVAKKAT,2001,-0.96,2000-10-01,2001-09-30,450.0903420766224,758.3545212887088,3.9617665594902816,,,,,True,external_holdout,65.6957,-37.8032,RGI60-05.11186,5,648.0,20.154,11.3,261.0,0.1
1629,MITTIVAKKAT,2002,-0.5,2001-10-01,2002-09-30,463.1917672475209,967.4398497371328,4.043760692209458,,,,,True,external_holdout,65.6957,-37.8032,RGI60-05.11186,5,648.0,20.154,11.3,261.0,0.1
1629,MITTIVAKKAT,2003,0.34,2002-10-01,2003-09-30,655.9197766621944,1117.500994624624,5.662184582585898,,,,,True,external_holdout,65.6957,-37.8032,RGI60-05.11186,5,648.0,20.154,11.3,261.0,0.1
1629,MITTIVAKKAT,2004,-1.07,2003-10-01,2004-09-30,526.9712520599398,823.1977544131332,4.4904386948848325,,,,,True,external_holdout,65.6957,-37.8032,RGI60-05.11186,5,648.0,20.154,11.3,261.0,0.1
1629,MITTIVAKKAT,2005,-1.82,2004-10-01,2005-09-30,503.56231396993326,769.2768886706141,4.896255795852021,,,,,True,external_holdout,65.6957,-37.8032,RGI60-05.11186,5,648.0,20.154,11.3,261.0,0.1
1629,MITTIVAKKAT,2006,-0.58,2005-10-01,2006-09-30,419.04777692159286,734.9261233477016,3.908295844257762,,,,,True,external_holdout,65.6957,-37.8032,RGI60-05.11186,5,648.0,20.154,11.3,261.0,0.1
1629,MITTIVAKKAT,2007,-1.58,2006-10-01,2007-09-30,503.33786710103647,767.33743413007,5.137327137546288,,,,,True,external_holdout,65.6957,-37.8032,RGI60-05.11186,5,648.0,20.154,11.3,261.0,0.1
1629,MITTIVAKKAT,2008,-0.52,2007-10-01,2008-09-30,522.9935132344594,997.918904045047,4.610871845742955,,,,,True,external_holdout,65.6957,-37.8032,RGI60-05.11186,5,648.0,20.154,11.3,261.0,0.1
1629,MITTIVAKKAT,2009,-1.01,2008-10-01,2009-09-30,488.4334377288845,802.8385339896289,4.59604161580406,,,,,True,external_holdout,65.6957,-37.8032,RGI60-05.11186,5,648.0,20.154,11.3,261.0,0.1
1629,MITTIVAKKAT,2010,-2.16,2009-10-01,2010-09-30,660.3196074167925,654.538575230898,5.67076172206715,,,,,True,external_holdout,65.6957,-37.8032,RGI60-05.11186,5,648.0,20.154,11.3,261.0,0.1
1629,MITTIVAKKAT,2011,-2.45,2010-10-01,2011-09-30,507.5894888560011,656.0030077568655,4.144599284296475,,,,,True,external_holdout,65.6957,-37.8032,RGI60-05.11186,5,648.0,20.154,11.3,261.0,0.1
1629,MITTIVAKKAT,2012,-1.63,2011-07-02,2012-08-16,786.2846082051634,742.3839071194038,4.86148701635538,,,,,False,external_holdout,65.6957,-37.8032,RGI60-05.11186,5,648.0,20.154,11.3,261.0,0.1
1629,MITTIVAKKAT,2013,-0.7,2012-10-01,2013-09-30,432.1992299397815,903.6630441267588,4.282499685149286,,,,,True,external_holdout,65.6957,-37.8032,RGI60-05.11186,5,648.0,20.154,11.3,261.0,0.1
1629,MITTIVAKKAT,2014,-1.2,2013-10-01,2014-09-30,563.8054667154979,810.8984770587639,5.195529791237676,,,,,True,external_holdout,65.6957,-37.8032,RGI60-05.11186,5,648.0,20.154,11.3,261.0,0.1
1629,MITTIVAKKAT,2015,0.2,2014-10-01,2015-09-30,467.5781326293974,1051.1275553710816,4.03948965487275,,,,,True,external_holdout,65.6957,-37.8032,RGI60-05.11186,5,648.0,20.154,11.3,261.0,0.1
1629,MITTIVAKKAT,2016,-1.766,2015-10-01,2016-09-30,625.0089307149283,643.1488094997596,5.81461989914164,,,,,True,external_holdout,65.6957,-37.8032,RGI60-05.11186,5,648.0,20.154,11.3,261.0,0.1
1629,MITTIVAKKAT,2017,-1.15,2016-10-01,2017-09-30,526.1049260457394,945.8096195592772,4.088246344137905,,,,,True,external_holdout,65.6957,-37.8032,RGI60-05.11186,5,648.0,20.154,11.3,261.0,0.1
1629,MITTIVAKKAT,2018,-0.36,2017-10-01,2018-09-30,443.7015872955354,963.8351734212416,3.909006290159387,,,,,True,external_holdout,65.6957,-37.8032,RGI60-05.11186,5,648.0,20.154,11.3,261.0,0.1
1629,MITTIVAKKAT,2019,-1.64,2018-10-01,2019-09-30,628.1423698425327,806.9209747302928,5.438557996611687,,,,,True,external_holdout,65.6957,-37.8032,RGI60-05.11186,5,648.0,20.154,11.3,261.0,0.1
1629,MITTIVAKKAT,2020,-1.39,2019-08-16,2020-08-16,538.0029371897413,730.804397543455,4.588757882066973,,,,,False,external_holdout,65.6957,-37.8032,RGI60-05.11186,5,648.0,20.154,11.3,261.0,0.1
1629,MITTIVAKKAT,2021,-1.72,2020-08-16,2021-08-16,535.07141914368,961.7773421285704,5.199500854382831,,,,,False,external_holdout,65.6957,-37.8032,RGI60-05.11186,5,648.0,20.154,11.3,261.0,0.1
1629,MITTIVAKKAT,2022,-1.45,2021-08-16,2022-08-16,497.3275677998887,850.5843762253419,4.626025095293621,,,,,False,external_holdout,65.6957,-37.8032,RGI60-05.11186,5,648.0,20.154,11.3,261.0,0.1
1629,MITTIVAKKAT,2023,-1.452,2022-10-01,2023-09-30,585.6887814839713,780.8951358165573,5.299990659520269,,,,,True,external_holdout,65.6957,-37.8032,RGI60-05.11186,5,648.0,20.154,11.3,261.0,0.1
1629,MITTIVAKKAT,2024,-1.4,2023-08-11,2024-08-08,543.3543275197378,611.8792376708768,4.949711135581709,,,,,False,external_holdout,65.6957,-37.8032,RGI60-05.11186,5,648.0,20.154,11.3,261.0,0.1
1629,MITTIVAKKAT,2025,-1.66,2024-08-10,2025-08-10,567.5431354522739,891.4607495294647,4.9547431713364265,,,,,False,external_holdout,65.6957,-37.8032,RGI60-05.11186,5,648.0,20.154,11.3,261.0,0.1
2000,MARTIAL ESTE,2001,0.785,2000-03-26,2001-04-02,455.7924383799256,3.504833118768147,5.8269001438119545,,,,,False,external_holdout,-54.781156,-68.403561,RGI60-17.02128,17,1097.0,0.703,30.9,107.0,0.1
2000,MARTIAL ESTE,2002,-0.682,2001-04-21,2002-04-08,924.5805569966684,323.8565370850637,6.559524267691179,,,,,False,external_holdout,-54.781156,-68.403561,RGI60-17.02128,17,1097.0,0.703,30.9,107.0,0.1
2000,MARTIAL ESTE,2003,-0.202,2002-05-19,2003-04-25,980.4200005849248,305.631995204422,6.674478912353537,,,,,False,external_holdout,-54.781156,-68.403561,RGI60-17.02128,17,1097.0,0.703,30.9,107.0,0.1
2000,MARTIAL ESTE,2004,-1.318,2003-06-01,2004-04-14,1021.082786560063,338.38325290465934,7.326341589903243,,,,,False,external_holdout,-54.781156,-68.403561,RGI60-17.02128,17,1097.0,0.703,30.9,107.0,0.1
2000,MARTIAL ESTE,2005,-0.991,2004-04-01,2005-03-31,1091.6455987294569,391.3127662641039,6.928056674533443,,,,,False,external_holdout,-54.781156,-68.403561,RGI60-17.02128,17,1097.0,0.703,30.9,107.0,0.1
2000,MARTIAL ESTE,2006,-0.513,2005-04-01,2006-03-31,1048.053531138107,331.1379754693355,6.715238359239391,,,,,True,external_holdout,-54.781156,-68.403561,RGI60-17.02128,17,1097.0,0.703,30.9,107.0,0.1
2000,MARTIAL ESTE,2007,0.099,2006-04-01,2007-03-31,980.7908532460584,389.2968297679538,6.105923546685133,,,,,True,external_holdout,-54.781156,-68.403561,RGI60-17.02128,17,1097.0,0.703,30.9,107.0,0.1
2000,MARTIAL ESTE,2008,-0.056,2007-04-01,2008-03-31,941.7414240519252,546.8523889203958,6.539481350965139,,,,,True,external_holdout,-54.781156,-68.403561,RGI60-17.02128,17,1097.0,0.703,30.9,107.0,0.1
2000,MARTIAL ESTE,2009,-0.119,2008-04-01,2009-03-31,975.087505213425,451.2077286413642,6.449751550179967,,,,,True,external_holdout,-54.781156,-68.403561,RGI60-17.02128,17,1097.0,0.703,30.9,107.0,0.1
2000,MARTIAL ESTE,2010,0.976,2009-03-31,2010-04-09,736.4885149637903,644.4810503741855,4.9852708745886005,,,,,False,external_holdout,-54.781156,-68.403561,RGI60-17.02128,17,1097.0,0.703,30.9,107.0,0.1
2000,MARTIAL ESTE,2011,-0.319,2010-04-09,2011-03-31,887.058380889898,425.07718099273006,5.679351432235176,,,,,False,external_holdout,-54.781156,-68.403561,RGI60-17.02128,17,1097.0,0.703,30.9,107.0,0.1
2000,MARTIAL ESTE,2012,-0.32,2011-03-31,2012-03-31,892.2297520955451,463.1635624217445,6.163938532120163,,,,,False,external_holdout,-54.781156,-68.403561,RGI60-17.02128,17,1097.0,0.703,30.9,107.0,0.1
2000,MARTIAL ESTE,2013,0.15,2012-03-31,2013-03-31,896.4122342427622,550.3154860999757,6.091577261465592,,,,,False,external_holdout,-54.781156,-68.403561,RGI60-17.02128,17,1097.0,0.703,30.9,107.0,0.1
2000,MARTIAL ESTE,2014,0.566,2013-03-31,2014-04-04,792.2346094767302,616.8553430644756,4.842997402615039,,,,,False,external_holdout,-54.781156,-68.403561,RGI60-17.02128,17,1097.0,0.703,30.9,107.0,0.1
2000,MARTIAL ESTE,2015,-0.157,2014-04-04,2015-03-31,849.8103104909308,437.2390633986712,5.52552079801208,,,,,False,external_holdout,-54.781156,-68.403561,RGI60-17.02128,17,1097.0,0.703,30.9,107.0,0.1
2000,MARTIAL ESTE,2016,0.055,2015-04-01,2016-03-31,879.6614964803107,563.7434660417391,5.670204039633076,,,,,False,external_holdout,-54.781156,-68.403561,RGI60-17.02128,17,1097.0,0.703,30.9,107.0,0.1
2000,MARTIAL ESTE,2017,-0.706,2016-04-01,2017-03-31,1101.091527938848,301.42936822780086,6.299877696567132,,,,,False,external_holdout,-54.781156,-68.403561,RGI60-17.02128,17,1097.0,0.703,30.9,107.0,0.1
2000,MARTIAL ESTE,2018,-0.225,2017-04-01,2018-03-31,996.7337993621882,406.3306367189199,6.45218216931381,,,,,False,external_holdout,-54.781156,-68.403561,RGI60-17.02128,17,1097.0,0.703,30.9,107.0,0.1
2000,MARTIAL ESTE,2019,-0.494,2018-04-01,2019-03-21,854.3395665486698,383.750371201252,5.923621516757564,,,,,False,external_holdout,-54.781156,-68.403561,RGI60-17.02128,17,1097.0,0.703,30.9,107.0,0.1
2000,MARTIAL ESTE,2020,-0.692,2019-04-01,2020-03-31,1083.9478008270316,457.0640414939646,7.138434528169203,,,,,False,external_holdout,-54.781156,-68.403561,RGI60-17.02128,17,1097.0,0.703,30.9,107.0,0.1
2000,MARTIAL ESTE,2021,-1.133,2020-04-01,2021-03-31,1165.1670567830463,293.438807385364,6.8880039073803045,,,,,False,external_holdout,-54.781156,-68.403561,RGI60-17.02128,17,1097.0,0.703,30.9,107.0,0.1
2000,MARTIAL ESTE,2022,-0.48,2021-04-01,2022-03-31,1070.0331054687554,322.9293066971195,6.550310078373683,,,,,True,external_holdout,-54.781156,-68.403561,RGI60-17.02128,17,1097.0,0.703,30.9,107.0,0.1
2000,MARTIAL ESTE,2023,-0.75,2022-04-01,2023-03-31,1014.249984359747,383.1690111032557,6.652134379634172,,,,,False,external_holdout,-54.781156,-68.403561,RGI60-17.02128,17,1097.0,0.703,30.9,107.0,0.1
2000,MARTIAL ESTE,2024,-0.491,2023-04-01,2024-03-31,919.8281158447317,423.38349134021416,6.66899963630427,,,,,False,external_holdout,-54.781156,-68.403561,RGI60-17.02128,17,1097.0,0.703,30.9,107.0,0.1
2000,MARTIAL ESTE,2025,-0.739,2024-04-01,2025-03-31,1011.5388355255176,462.1978490492893,6.6435016490795205,,,,,True,external_holdout,-54.781156,-68.403561,RGI60-17.02128,17,1097.0,0.703,30.9,107.0,0.1
2296,REMBESDALSKAAKA,1963,-1.421,1962-10-01,1963-10-01,703.2487716674835,395.85052932282497,6.456127372686436,,,,,False,training_population,60.539001,7.368,RGI60-08.01779,8,1767.0,17.383,4.1,263.0,0.1
2296,REMBESDALSKAAKA,1964,0.449,1963-10-01,1964-09-29,464.75383567810354,878.2769871776068,3.678396513842177,,,,,False,training_population,60.539001,7.368,RGI60-08.01779,8,1767.0,17.383,4.1,263.0,0.1
2296,REMBESDALSKAAKA,1965,0.511,1964-09-29,1965-10-04,532.3612003326448,865.6391664272185,4.28161181436071,,,,,False,training_population,60.539001,7.368,RGI60-08.01779,8,1767.0,17.383,4.1,263.0,0.1
2296,REMBESDALSKAAKA,1966,-0.636,1965-10-04,1966-10-14,645.310249328616,613.6050891726903,5.882693966575312,,,,,False,training_population,60.539001,7.368,RGI60-08.01779,8,1767.0,17.383,4.1,263.0,0.1
2296,REMBESDALSKAAKA,1967,1.167,1966-10-14,1967-09-07,452.85116844177526,1095.355302136195,4.225807948734473,,,,,False,training_population,60.539001,7.368,RGI60-08.01779,8,1767.0,17.383,4.1,263.0,0.1
2296,REMBESDALSKAAKA,1968,0.501,1967-09-07,1968-10-01,858.5448256174761,1075.196284331259,6.291054744996908,,,,,False,training_population,60.539001,7.368,RGI60-08.01779,8,1767.0,17.383,4.1,263.0,0.1
2296,REMBESDALSKAAKA,1969,-1.932,1968-10-01,1969-09-12,785.9926719665556,594.9469624584865,7.514959872978346,,,,,False,training_population,60.539001,7.368,RGI60-08.01779,8,1767.0,17.383,4.1,263.0,0.1
2296,REMBESDALSKAAKA,1970,-0.621,1969-09-12,1970-10-01,776.0284495035839,739.4898983032226,6.465496559419515,,,,,False,training_population,60.539001,7.368,RGI60-08.01779,8,1767.0,17.383,4.1,263.0,0.1
2296,REMBESDALSKAAKA,1971,0.683,1970-10-01,1971-10-01,588.9095801035594,839.3751224975149,4.851158237457296,,,,,False,training_population,60.539001,7.368,RGI60-08.01779,8,1767.0,17.383,4.1,263.0,0.1
2296,REMBESDALSKAAKA,1972,-0.047,1971-10-01,1972-10-01,658.3125022888214,967.7227744933,6.162106871950473,,,,,False,training_population,60.539001,7.368,RGI60-08.01779,8,1767.0,17.383,4.1,263.0,0.1
2296,REMBESDALSKAAKA,1973,0.825,1972-10-01,1973-10-01,597.8008767445909,1163.072472053095,4.99064923576689,,,,,False,training_population,60.539001,7.368,RGI60-08.01779,8,1767.0,17.383,4.1,263.0,0.1
2296,REMBESDALSKAAKA,1974,0.388,1973-10-01,1974-10-01,517.039401117963,966.151158254508,4.224164995939856,,,,,False,training_population,60.539001,7.368,RGI60-08.01779,8,1767.0,17.383,4.1,263.0,0.1
2296,REMBESDALSKAAKA,1975,0.138,1974-10-01,1975-10-01,680.030065155032,942.6152207576628,6.020307090317016,,,,,False,training_population,60.539001,7.368,RGI60-08.01779,8,1767.0,17.383,4.1,263.0,0.1
2296,REMBESDALSKAAKA,1976,0.146,1975-10-01,1976-10-01,626.9136459350616,1328.475076689131,5.73660283710648,,,,,False,training_population,60.539001,7.368,RGI60-08.01779,8,1767.0,17.383,4.1,263.0,0.1
2296,REMBESDALSKAAKA,1977,-0.79,1976-10-01,1977-10-01,656.5209687550888,702.9056729017,6.318758486319303,,,,,False,training_population,60.539001,7.368,RGI60-08.01779,8,1767.0,17.383,4.1,263.0,0.1
2296,REMBESDALSKAAKA,1978,-0.3,1977-10-01,1978-10-01,666.3343261718782,724.0983571885131,6.163077657119111,,,,,False,training_population,60.539001,7.368,RGI60-08.01779,8,1767.0,17.383,4.1,263.0,0.1
2296,REMBESDALSKAAKA,1979,0.3,1978-10-01,1979-10-01,509.3929397583035,1112.7175924652483,4.498893363233946,,,,,False,training_population,60.539001,7.368,RGI60-08.01779,8,1767.0,17.383,4.1,263.0,0.1
2296,REMBESDALSKAAKA,1980,-1.4,1979-10-01,1980-10-01,863.1303910573358,634.3670285937328,7.287157036601656,,,,,False,training_population,60.539001,7.368,RGI60-08.01779,8,1767.0,17.383,4.1,263.0,0.1
2296,REMBESDALSKAAKA,1981,0.85,1980-10-01,1981-10-01,705.8729131062855,1074.499749933473,5.418733146225218,,,,,False,training_population,60.539001,7.368,RGI60-08.01779,8,1767.0,17.383,4.1,263.0,0.1
2296,REMBESDALSKAAKA,1982,-0.7,1981-10-01,1982-10-01,715.2898080190057,822.8273913418357,6.622616794143925,,,,,False,training_population,60.539001,7.368,RGI60-08.01779,8,1767.0,17.383,4.1,263.0,0.1
2296,REMBESDALSKAAKA,1983,1.7,1982-10-01,1983-10-01,703.300758870446,1251.5169057952562,6.348587946960915,,,,,False,training_population,60.539001,7.368,RGI60-08.01779,8,1767.0,17.383,4.1,263.0,0.1
2296,REMBESDALSKAAKA,1984,-0.1,1983-10-01,1984-09-01,685.4397937774689,1009.5327011471368,6.268694972991969,,,,,False,training_population,60.539001,7.368,RGI60-08.01779,8,1767.0,17.383,4.1,263.0,0.1
2296,REMBESDALSKAAKA,1985,-0.346,1984-09-01,1985-09-01,654.7054520924919,839.5772409032425,5.75195315126062,,,,,False,training_population,60.539001,7.368,RGI60-08.01779,8,1767.0,17.383,4.1,263.0,0.1
2296,REMBESDALSKAAKA,1986,-0.079,1985-09-01,1986-09-01,653.8837263743114,700.087018468274,5.946782000168535,,,,,False,training_population,60.539001,7.368,RGI60-08.01779,8,1767.0,17.383,4.1,263.0,0.1
2296,REMBESDALSKAAKA,1987,0.936,1986-09-01,1987-09-01,479.5655297597276,1030.9554595490056,4.601657444497834,,,,,False,training_population,60.539001,7.368,RGI60-08.01779,8,1767.0,17.383,4.1,263.0,0.1
2296,REMBESDALSKAAKA,1988,-1.479,1987-09-01,1988-09-14,883.1087923685749,713.5367691635715,7.570150678054171,,,,,False,training_population,60.539001,7.368,RGI60-08.01779,8,1767.0,17.383,4.1,263.0,0.1
2296,REMBESDALSKAAKA,1989,2.116,1988-09-14,1989-10-05,680.664734013879,1457.6392725358858,5.354192808400055,,,,,False,training_population,60.539001,7.368,RGI60-08.01779,8,1767.0,17.383,4.1,263.0,0.1
2296,REMBESDALSKAAKA,1990,1.946,1989-10-05,1990-09-07,705.0351774851507,1379.894738331522,6.382016913096129,,,,,False,training_population,60.539001,7.368,RGI60-08.01779,8,1767.0,17.383,4.1,263.0,0.1
2296,REMBESDALSKAAKA,1991,-0.104,1990-09-07,1991-10-14,743.2596120198599,899.3618699965396,6.606424012391487,,,,,False,training_population,60.539001,7.368,RGI60-08.01779,8,1767.0,17.383,4.1,263.0,0.1
2296,REMBESDALSKAAKA,1992,1.834,1991-10-14,1992-09-17,635.383889134728,1096.5852021540882,5.6049020794854885,,,,,False,training_population,60.539001,7.368,RGI60-08.01779,8,1767.0,17.383,4.1,263.0,0.1
2296,REMBESDALSKAAKA,1993,1.924,1992-09-19,1993-09-07,613.8568553924595,1158.8468351092197,4.377645463528865,,,,,False,training_population,60.539001,7.368,RGI60-08.01779,8,1767.0,17.383,4.1,263.0,0.1
2296,REMBESDALSKAAKA,1994,0.176,1993-09-07,1994-10-10,704.522508621219,914.5090098119724,6.216000569385055,,,,,False,training_population,60.539001,7.368,RGI60-08.01779,8,1767.0,17.383,4.1,263.0,0.1
2296,REMBESDALSKAAKA,1995,0.32,1994-10-10,1995-10-09,809.0857934316032,1049.0452728344126,7.046649067643782,,,,,False,training_population,60.539001,7.368,RGI60-08.01779,8,1767.0,17.383,4.1,263.0,0.1
2296,REMBESDALSKAAKA,1996,-1.512,1995-10-01,1996-10-28,719.3248051961299,690.397164036117,6.0116714588110245,,,,,False,training_population,60.539001,7.368,RGI60-08.01779,8,1767.0,17.383,4.1,263.0,0.1
2296,REMBESDALSKAAKA,1997,-0.902,1996-10-28,1997-11-25,849.6209546407092,1257.8221667109449,8.208703578727858,,,,,False,training_population,60.539001,7.368,RGI60-08.01779,8,1767.0,17.383,4.1,263.0,0.1
2296,REMBESDALSKAAKA,1998,0.251,1997-11-25,1998-09-23,573.3663860321078,802.5604214222533,4.4738133872764925,,,,,False,training_population,60.539001,7.368,RGI60-08.01779,8,1767.0,17.383,4.1,263.0,0.1
2296,REMBESDALSKAAKA,1999,-0.386,1998-09-23,1999-10-06,820.3348908742306,923.132809199668,6.207570800228419,,,,,False,training_population,60.539001,7.368,RGI60-08.01779,8,1767.0,17.383,4.1,263.0,0.1
2296,REMBESDALSKAAKA,2000,0.82,1999-10-06,2000-09-13,610.9730377197295,1215.5326241340772,5.589820929541127,,,,,False,training_population,60.539001,7.368,RGI60-08.01779,8,1767.0,17.383,4.1,263.0,0.1
2296,REMBESDALSKAAKA,2001,-1.129,2000-09-13,2001-10-18,811.6881982167606,706.8884242951262,5.832859424922801,,,,,False,training_population,60.539001,7.368,RGI60-08.01779,8,1767.0,17.383,4.1,263.0,0.1
2296,REMBESDALSKAAKA,2002,-1.144,2001-10-10,2002-09-23,974.071390787764,906.169570907032,8.158821691983011,,,,,False,training_population,60.539001,7.368,RGI60-08.01779,8,1767.0,17.383,4.1,263.0,0.1
2296,REMBESDALSKAAKA,2003,-1.803,2002-09-23,2003-10-14,856.0013661702508,743.5679457378156,7.538479589379379,,,,,False,training_population,60.539001,7.368,RGI60-08.01779,8,1767.0,17.383,4.1,263.0,0.1
2296,REMBESDALSKAAKA,2004,-0.362,2003-10-14,2004-10-06,735.705381393436,765.2218834994251,6.324009976870794,,,,,False,training_population,60.539001,7.368,RGI60-08.01779,8,1767.0,17.383,4.1,263.0,0.1
2296,REMBESDALSKAAKA,2005,0.294,2004-10-06,2005-10-07,715.9724749247265,1110.802500176511,6.200030422210717,,,,,False,training_population,60.539001,7.368,RGI60-08.01779,8,1767.0,17.383,4.1,263.0,0.1
2296,REMBESDALSKAAKA,2006,-2.665,2005-10-07,2006-10-10,1117.660116831465,720.2604573100757,8.676850531757763,,,,,False,training_population,60.539001,7.368,RGI60-08.01779,8,1767.0,17.383,4.1,263.0,0.1
2296,REMBESDALSKAAKA,2007,0.733,2006-10-10,2007-10-03,723.0471892039012,1386.27979005177,6.5301467494688366,,,,,False,training_population,60.539001,7.368,RGI60-08.01779,8,1767.0,17.383,4.1,263.0,0.1
2296,REMBESDALSKAAKA,2008,0.036,2007-10-03,2008-10-30,840.8501303354938,1237.3536604004976,6.757594169395582,,,,,False,training_population,60.539001,7.368,RGI60-08.01779,8,1767.0,17.383,4.1,263.0,0.1
2296,REMBESDALSKAAKA,2009,-0.287,2008-10-30,2009-10-14,782.0974676768017,825.3616003231343,6.663335086988384,,,,,False,training_population,60.539001,7.368,RGI60-08.01779,8,1767.0,17.383,4.1,263.0,0.1
2296,REMBESDALSKAAKA,2010,-1.869,2009-10-14,2010-10-08,783.1109947204623,532.3533008665108,6.715700403849306,,,,,False,training_population,60.539001,7.368,RGI60-08.01779,8,1767.0,17.383,4.1,263.0,0.1
2296,REMBESDALSKAAKA,2011,-1.281,2010-10-08,2011-11-10,851.2382055918414,944.1118560148852,7.054791801563232,,,,,False,training_population,60.539001,7.368,RGI60-08.01779,8,1767.0,17.383,4.1,263.0,0.1
2296,REMBESDALSKAAKA,2012,0.908,2011-11-10,2012-10-05,606.7015153249133,1116.6097268773854,5.47223650061568,,,,,False,training_population,60.539001,7.368,RGI60-08.01779,8,1767.0,17.383,4.1,263.0,0.1
2296,REMBESDALSKAAKA,2013,-1.224,2012-10-05,2013-09-26,788.553675079349,765.9702663454766,6.529662877234883,,,,,False,training_population,60.539001,7.368,RGI60-08.01779,8,1767.0,17.383,4.1,263.0,0.1
2296,REMBESDALSKAAKA,2014,-1.295,2013-09-26,2014-10-23,1025.1332031250042,1065.4380176123332,7.629663127401625,,,,,False,training_population,60.539001,7.368,RGI60-08.01779,8,1767.0,17.383,4.1,263.0,0.1
2296,REMBESDALSKAAKA,2015,1.17,2014-10-23,2015-10-14,619.5473192850781,1104.3635030416715,4.999128609809346,,,,,False,training_population,60.539001,7.368,RGI60-08.01779,8,1767.0,17.383,4.1,263.0,0.1
2296,REMBESDALSKAAKA,2016,-0.386,2015-10-14,2016-09-30,867.9418562571245,902.8829212444408,6.582641192450063,,,,,False,training_population,60.539001,7.368,RGI60-08.01779,8,1767.0,17.383,4.1,263.0,0.1
2296,REMBESDALSKAAKA,2017,0.638,2016-09-30,2017-10-18,706.5228538513217,1013.1934882906428,5.403348741669607,,,,,False,training_population,60.539001,7.368,RGI60-08.01779,8,1767.0,17.383,4.1,263.0,0.1
2296,REMBESDALSKAAKA,2018,-1.279,2017-10-18,2018-11-22,1125.2045462290482,1159.6348648923715,8.632879705014458,,,,,False,training_population,60.539001,7.368,RGI60-08.01779,8,1767.0,17.383,4.1,263.0,0.1
2296,REMBESDALSKAAKA,2019,-0.771,2018-11-22,2019-11-05,843.2107507069942,808.4904776778857,7.252939471645655,,,,,False,training_population,60.539001,7.368,RGI60-08.01779,8,1767.0,17.383,4.1,263.0,0.1
2296,REMBESDALSKAAKA,2020,0.637,2019-11-05,2020-10-14,811.3633513132764,1117.3677403574975,6.8699156705884175,,,,,False,training_population,60.539001,7.368,RGI60-08.01779,8,1767.0,17.383,4.1,263.0,0.1
2296,REMBESDALSKAAKA,2021,-1.529,2020-10-14,2021-09-28,985.3988522847526,760.0391826079332,8.208527701833997,,,,,False,training_population,60.539001,7.368,RGI60-08.01779,8,1767.0,17.383,4.1,263.0,0.1
2296,REMBESDALSKAAKA,2022,0.09,2021-09-28,2022-10-20,812.1556498209673,1069.8418989745164,6.610060559148394,,,,,False,training_population,60.539001,7.368,RGI60-08.01779,8,1767.0,17.383,4.1,263.0,0.1
2296,REMBESDALSKAAKA,2023,-1.011,2022-10-20,2023-10-27,947.2723190307656,837.2790473969793,7.525491678542008,,,,,False,training_population,60.539001,7.368,RGI60-08.01779,8,1767.0,17.383,4.1,263.0,0.1
2296,REMBESDALSKAAKA,2024,-1.18,2023-10-27,2024-11-08,939.131037267053,1000.4109279340872,6.423924189028557,,,,,False,training_population,60.539001,7.368,RGI60-08.01779,8,1767.0,17.383,4.1,263.0,0.1
2296,REMBESDALSKAAKA,2025,-0.3,2024-11-08,2025-09-26,856.6179941813184,835.7431933612745,7.172725344395313,,,,,False,training_population,60.539001,7.368,RGI60-08.01779,8,1767.0,17.383,4.1,263.0,0.1
2307,WALDEMARBREEN,1995,-0.322,1994-10-01,1995-09-30,98.49837366740036,218.98121105211032,0.5161712950554672,,,,,True,training_population,78.677399,12.0692,RGI60-07.00492,7,298.0,2.869,12.4,251.0,0.1
2307,WALDEMARBREEN,1996,0.022,1995-07-02,1996-07-01,98.50419985453414,676.306960538806,0.6604612861854643,,,,,False,training_population,78.677399,12.0692,RGI60-07.00492,7,298.0,2.869,12.4,251.0,0.1
2307,WALDEMARBREEN,1997,-0.38,1996-07-01,1997-07-02,99.81166547139652,477.7027846185185,0.4922449206629781,,,,,False,training_population,78.677399,12.0692,RGI60-07.00492,7,298.0,2.869,12.4,251.0,0.1
2307,WALDEMARBREEN,1998,-0.789,1997-07-02,1998-07-02,108.43116099039872,486.9437602259375,0.4829818028275942,,,,,False,training_population,78.677399,12.0692,RGI60-07.00492,7,298.0,2.869,12.4,251.0,0.1
2307,WALDEMARBREEN,1999,-0.684,1998-07-02,1999-07-02,165.8611788431822,476.5439435358375,1.4877708339349571,,,,,False,training_population,78.677399,12.0692,RGI60-07.00492,7,298.0,2.869,12.4,251.0,0.1
2307,WALDEMARBREEN,2000,-0.319,1999-07-02,2000-07-01,104.56446711222496,481.92076870256886,0.3313674567402486,,,,,False,training_population,78.677399,12.0692,RGI60-07.00492,7,298.0,2.869,12.4,251.0,0.1
2307,WALDEMARBREEN,2001,-0.767,2000-07-01,2001-07-02,111.29389533996748,561.5930215571047,0.2029126999226243,,,,,False,training_population,78.677399,12.0692,RGI60-07.00492,7,298.0,2.869,12.4,251.0,0.1
2307,WALDEMARBREEN,2002,-0.514,2001-07-02,2002-07-02,169.87703450521047,566.3137904854416,1.080763814782605,,,,,False,training_population,78.677399,12.0692,RGI60-07.00492,7,298.0,2.869,12.4,251.0,0.1
2307,WALDEMARBREEN,2003,-0.727,2002-07-02,2003-07-02,163.7765352884948,524.821631918634,1.3843103306268096,,,,,False,training_population,78.677399,12.0692,RGI60-07.00492,7,298.0,2.869,12.4,251.0,0.1
2307,WALDEMARBREEN,2004,-0.641,2003-07-02,2004-07-01,140.0909311930355,490.98897710650033,0.9769607889479704,,,,,False,training_population,78.677399,12.0692,RGI60-07.00492,7,298.0,2.869,12.4,251.0,0.1
2307,WALDEMARBREEN,2005,-0.722,2004-07-01,2005-07-02,174.26496823628946,476.3146854557547,1.6172821815977951,,,,,False,training_population,78.677399,12.0692,RGI60-07.00492,7,298.0,2.869,12.4,251.0,0.1
2307,WALDEMARBREEN,2006,-0.747,2005-07-02,2006-07-02,137.47160085042543,646.7479788819013,1.1593746622830972,,,,,False,training_population,78.677399,12.0692,RGI60-07.00492,7,298.0,2.869,12.4,251.0,0.1
2307,WALDEMARBREEN,2007,-0.771,2006-07-02,2007-07-02,137.55522651672544,532.0091524076424,1.2847250538487816,,,,,False,training_population,78.677399,12.0692,RGI60-07.00492,7,298.0,2.869,12.4,251.0,0.1
2307,WALDEMARBREEN,2008,-0.322,2007-07-02,2008-07-01,97.56227251688767,574.6590203137778,0.5302983698637804,,,,,False,training_population,78.677399,12.0692,RGI60-07.00492,7,298.0,2.869,12.4,251.0,0.1
2307,WALDEMARBREEN,2009,-0.649,2008-07-01,2009-07-02,121.8586817423522,555.0288895624504,0.6914882362311849,,,,,False,training_population,78.677399,12.0692,RGI60-07.00492,7,298.0,2.869,12.4,251.0,0.1
2307,WALDEMARBREEN,2010,-0.577,2009-07-02,2010-07-02,143.2176007588722,551.1206441339525,1.010163701648801,,,,,False,training_population,78.677399,12.0692,RGI60-07.00492,7,298.0,2.869,12.4,251.0,0.1
2307,WALDEMARBREEN,2011,-1.239,2010-07-02,2011-07-02,120.83686637878615,480.41142086674427,0.850346494831943,,,,,False,training_population,78.677399,12.0692,RGI60-07.00492,7,298.0,2.869,12.4,251.0,0.1
2307,WALDEMARBREEN,2012,-0.885,2011-07-02,2012-07-01,189.0064294179301,635.3548059597216,1.5066260517507537,,,,,False,training_population,78.677399,12.0692,RGI60-07.00492,7,298.0,2.869,12.4,251.0,0.1
2307,WALDEMARBREEN,2013,-1.637,2012-07-01,2013-07-02,188.91216201782453,406.4529017149887,1.3328214104294174,,,,,False,training_population,78.677399,12.0692,RGI60-07.00492,7,298.0,2.869,12.4,251.0,0.1
2307,WALDEMARBREEN,2014,-0.576,2013-07-02,2014-07-02,203.57287648519087,508.99437854980783,1.4702549404568368,,,,,False,training_population,78.677399,12.0692,RGI60-07.00492,7,298.0,2.869,12.4,251.0,0.1
2307,WALDEMARBREEN,2015,-1.439,2014-07-02,2015-07-02,141.47917582194202,547.3876185696795,1.1838314726361474,,,,,False,training_population,78.677399,12.0692,RGI60-07.00492,7,298.0,2.869,12.4,251.0,0.1
2307,WALDEMARBREEN,2016,-1.772,2015-07-02,2016-07-01,202.4999323527041,508.3468018912249,1.7130289893219666,,,,,False,training_population,78.677399,12.0692,RGI60-07.00492,7,298.0,2.869,12.4,251.0,0.1
2307,WALDEMARBREEN,2017,-1.425,2016-07-01,2017-07-02,173.54396756490326,581.3070627838606,1.097541894304016,,,,,False,training_population,78.677399,12.0692,RGI60-07.00492,7,298.0,2.869,12.4,251.0,0.1
2307,WALDEMARBREEN,2018,-1.743,2017-07-02,2018-07-02,232.1127966562932,479.2473756058548,1.3461847353152676,,,,,False,training_population,78.677399,12.0692,RGI60-07.00492,7,298.0,2.869,12.4,251.0,0.1
2307,WALDEMARBREEN,2019,-1.061,2018-07-02,2019-07-02,190.2589136759464,518.0455246127628,1.6441215679209984,,,,,False,training_population,78.677399,12.0692,RGI60-07.00492,7,298.0,2.869,12.4,251.0,0.1
2307,WALDEMARBREEN,2020,-2.276,2019-07-02,2020-07-01,193.9956247965516,368.82528804513726,1.524284209375817,,,,,False,training_population,78.677399,12.0692,RGI60-07.00492,7,298.0,2.869,12.4,251.0,0.1
2307,WALDEMARBREEN,2021,-0.947,2020-07-01,2021-07-02,236.34980290731,556.9832622264314,1.930833813822883,,,,,False,training_population,78.677399,12.0692,RGI60-07.00492,7,298.0,2.869,12.4,251.0,0.1
2307,WALDEMARBREEN,2022,-2.198,2021-10-01,2022-09-30,274.7237098693876,443.1276843725875,2.324978612816877,,,,,True,training_population,78.677399,12.0692,RGI60-07.00492,7,298.0,2.869,12.4,251.0,0.1
2307,WALDEMARBREEN,2023,-1.556,2022-10-01,2023-09-30,252.7796961466497,637.054892128532,2.205338400688748,,,,,True,training_population,78.677399,12.0692,RGI60-07.00492,7,298.0,2.869,12.4,251.0,0.1
2307,WALDEMARBREEN,2024,-2.464,2023-10-01,2024-09-30,323.2127092997257,424.1148894446809,3.025227510756363,,,,,True,training_population,78.677399,12.0692,RGI60-07.00492,7,298.0,2.869,12.4,251.0,0.1
2307,WALDEMARBREEN,2025,-1.911,2024-10-01,2025-09-30,278.0693012237574,452.5046619590398,2.3637317698935005,,,,,True,training_population,78.677399,12.0692,RGI60-07.00492,7,298.0,2.869,12.4,251.0,0.1
2660,CLARIDENFIRN,1950,-1.528,1949-09-20,1950-09-14,1178.4961847941115,541.5866199819668,10.153260955257712,,,,,False,training_population,46.846401,8.9006,RGI60-11.00824,11,2739.0,0.197,24.7,332.0,0.1
2660,CLARIDENFIRN,1951,0.182,1950-09-14,1951-09-12,1183.1468695322717,1059.372306653735,8.42409717034605,,,,,False,training_population,46.846401,8.9006,RGI60-11.00824,11,2739.0,0.197,24.7,332.0,0.1
2660,CLARIDENFIRN,1952,-0.765,1951-09-12,1952-08-28,1273.3282822926883,835.5051637490653,10.209701856691764,,,,,False,training_population,46.846401,8.9006,RGI60-11.00824,11,2739.0,0.197,24.7,332.0,0.1
2660,CLARIDENFIRN,1953,0.276,1952-08-28,1953-09-18,1248.168474960332,986.1306396930872,8.58032673862248,,,,,False,training_population,46.846401,8.9006,RGI60-11.00824,11,2739.0,0.197,24.7,332.0,0.1
2660,CLARIDENFIRN,1954,0.338,1953-09-18,1954-09-04,980.7543997446728,731.1813622914833,6.996483248558617,,,,,False,training_population,46.846401,8.9006,RGI60-11.00824,11,2739.0,0.197,24.7,332.0,0.1
2660,CLARIDENFIRN,1955,1.057,1954-09-04,1955-09-18,1115.0606229146367,1069.1359625347943,7.265820930315126,,,,,False,training_population,46.846401,8.9006,RGI60-11.00824,11,2739.0,0.197,24.7,332.0,0.1
2660,CLARIDENFIRN,1956,0.203,1955-09-18,1956-09-17,1027.1432721455933,856.9506343112607,7.230983988444035,,,,,False,training_population,46.846401,8.9006,RGI60-11.00824,11,2739.0,0.197,24.7,332.0,0.1
2660,CLARIDENFIRN,1957,0.375,1956-09-17,1957-09-10,1075.592546081547,758.0766815122963,8.220538068854312,,,,,False,training_population,46.846401,8.9006,RGI60-11.00824,11,2739.0,0.197,24.7,332.0,0.1
2660,CLARIDENFIRN,1958,-0.423,1957-09-10,1958-09-10,1190.771584574386,925.4353063118436,8.3859657329062,,,,,False,training_population,46.846401,8.9006,RGI60-11.00824,11,2739.0,0.197,24.7,332.0,0.1
2660,CLARIDENFIRN,1959,-0.553,1958-09-10,1959-09-08,1209.194185638432,846.5961075210337,8.72307869869732,,,,,False,training_population,46.846401,8.9006,RGI60-11.00824,11,2739.0,0.197,24.7,332.0,0.1
2660,CLARIDENFIRN,1960,0.2,1959-09-08,1960-08-27,1107.7342202504517,837.9469099897464,7.98429216905076,,,,,False,training_population,46.846401,8.9006,RGI60-11.00824,11,2739.0,0.197,24.7,332.0,0.1
2660,CLARIDENFIRN,1961,0.623,1960-08-27,1961-09-13,1198.9220273335825,915.1267755939044,8.090815860708988,,,,,False,training_population,46.846401,8.9006,RGI60-11.00824,11,2739.0,0.197,24.7,332.0,0.1
2660,CLARIDENFIRN,1962,-0.671,1961-09-13,1962-09-13,1196.5516736348509,1065.4926503559495,7.548206265767438,,,,,False,training_population,46.846401,8.9006,RGI60-11.00824,11,2739.0,0.197,24.7,332.0,0.1
2660,CLARIDENFIRN,1963,-0.591,1962-09-13,1963-09-18,1171.4796637217248,926.4842706934182,8.110318984156093,,,,,False,training_population,46.846401,8.9006,RGI60-11.00824,11,2739.0,0.197,24.7,332.0,0.1
2660,CLARIDENFIRN,1964,-1.091,1963-09-18,1964-09-29,1442.9156723022506,573.5818851538177,9.405590595024243,,,,,False,training_population,46.846401,8.9006,RGI60-11.00824,11,2739.0,0.197,24.7,332.0,0.1
2660,CLARIDENFIRN,1965,0.994,1964-09-29,1965-09-16,872.1531305948928,1132.1510767762,7.3871415995169585,,,,,False,training_population,46.846401,8.9006,RGI60-11.00824,11,2739.0,0.197,24.7,332.0,0.1
2660,CLARIDENFIRN,1966,1.044,1965-09-16,1966-09-22,1168.7615303039595,1119.7909293623882,7.104699174908647,,,,,False,training_population,46.846401,8.9006,RGI60-11.00824,11,2739.0,0.197,24.7,332.0,0.1
2660,CLARIDENFIRN,1967,0.28,1966-09-22,1967-09-15,1081.0264465332073,1324.9633875453242,7.654087217303311,,,,,False,training_population,46.846401,8.9006,RGI60-11.00824,11,2739.0,0.197,24.7,332.0,0.1
2660,CLARIDENFIRN,1968,0.897,1967-09-15,1968-09-14,1165.3799788157191,1017.5411879112096,7.359051447329335,,,,,False,training_population,46.846401,8.9006,RGI60-11.00824,11,2739.0,0.197,24.7,332.0,0.1
2660,CLARIDENFIRN,1969,0.413,1968-09-14,1969-09-12,1168.484855779016,753.6471642769378,7.634941721653613,,,,,False,training_population,46.846401,8.9006,RGI60-11.00824,11,2739.0,0.197,24.7,332.0,0.1
2660,CLARIDENFIRN,1970,0.07,1969-09-12,1970-09-22,1273.0129632314097,1248.9547214432723,7.6059189934661715,,,,,False,training_population,46.846401,8.9006,RGI60-11.00824,11,2739.0,0.197,24.7,332.0,0.1
2660,CLARIDENFIRN,1971,-0.547,1970-09-22,1971-09-27,1296.3674705505416,730.2572307517465,9.030148698281574,,,,,False,training_population,46.846401,8.9006,RGI60-11.00824,11,2739.0,0.197,24.7,332.0,0.1
2660,CLARIDENFIRN,1972,-0.055,1971-09-27,1972-09-23,972.2696858723994,847.5799966517633,7.186819033691871,,,,,False,training_population,46.846401,8.9006,RGI60-11.00824,11,2739.0,0.197,24.7,332.0,0.1
2660,CLARIDENFIRN,1973,-0.795,1972-09-23,1973-10-11,1259.6398094177296,936.3745192133698,8.7402874476668,,,,,False,training_population,46.846401,8.9006,RGI60-11.00824,11,2739.0,0.197,24.7,332.0,0.1
2660,CLARIDENFIRN,1974,0.79,1973-10-11,1974-09-14,896.0242081960075,1025.6383133138556,7.514546386055346,,,,,False,training_population,46.846401,8.9006,RGI60-11.00824,11,2739.0,0.197,24.7,332.0,0.1
2660,CLARIDENFIRN,1975,1.005,1974-09-14,1975-09-20,952.922427495324,1516.759523420209,6.8136792030887525,,,,,False,training_population,46.846401,8.9006,RGI60-11.00824,11,2739.0,0.197,24.7,332.0,0.1
2660,CLARIDENFIRN,1976,-0.136,1975-09-20,1976-09-25,1107.1210112253866,713.7363729522122,8.30379016019298,,,,,False,training_population,46.846401,8.9006,RGI60-11.00824,11,2739.0,0.197,24.7,332.0,0.1
2660,CLARIDENFIRN,1977,0.684,1976-09-25,1977-10-15,1140.5473197937056,1131.6956451382048,7.344993873264502,,,,,False,training_population,46.846401,8.9006,RGI60-11.00824,11,2739.0,0.197,24.7,332.0,0.1
2660,CLARIDENFIRN,1978,1.016,1977-10-15,1978-09-15,856.1970813751255,1122.4780668192834,6.563820339976901,,,,,False,training_population,46.846401,8.9006,RGI60-11.00824,11,2739.0,0.197,24.7,332.0,0.1
2660,CLARIDENFIRN,1979,-0.221,1978-09-15,1979-09-16,1076.6487022399942,990.2471974496088,7.536033698095814,,,,,False,training_population,46.846401,8.9006,RGI60-11.00824,11,2739.0,0.197,24.7,332.0,0.1
2660,CLARIDENFIRN,1980,1.088,1979-09-16,1980-09-23,1121.9969401041703,1143.457050037764,7.377857047924115,,,,,False,training_population,46.846401,8.9006,RGI60-11.00824,11,2739.0,0.197,24.7,332.0,0.1
2660,CLARIDENFIRN,1981,0.338,1980-09-23,1981-09-30,1267.932616170252,1050.751041552424,8.402808277848859,,,,,False,training_population,46.846401,8.9006,RGI60-11.00824,11,2739.0,0.197,24.7,332.0,0.1
2660,CLARIDENFIRN,1982,-0.566,1981-09-30,1982-09-14,1170.5442260742225,1162.6066666057643,9.235001977284773,,,,,False,training_population,46.846401,8.9006,RGI60-11.00824,11,2739.0,0.197,24.7,332.0,0.1
2660,CLARIDENFIRN,1983,-0.42,1982-09-14,1983-09-08,1261.77983729045,1087.5736300880058,9.77681944888573,,,,,False,training_population,46.846401,8.9006,RGI60-11.00824,11,2739.0,0.197,24.7,332.0,0.1
2660,CLARIDENFIRN,1984,0.857,1983-09-08,1984-10-28,1278.5111320495655,1088.1685970175497,7.667146626071672,,,,,False,training_population,46.846401,8.9006,RGI60-11.00824,11,2739.0,0.197,24.7,332.0,0.1
2660,CLARIDENFIRN,1985,-0.76,1984-10-28,1985-09-20,1062.217943827315,781.6911966453226,8.335978216364785,,,,,False,training_population,46.846401,8.9006,RGI60-11.00824,11,2739.0,0.197,24.7,332.0,0.1
2660,CLARIDENFIRN,1986,-0.827,1985-09-20,1986-09-20,1390.308638509119,1032.2714467791309,8.598552550440273,,,,,False,training_population,46.846401,8.9006,RGI60-11.00824,11,2739.0,0.197,24.7,332.0,0.1
2660,CLARIDENFIRN,1987,0.781,1986-09-20,1987-09-20,1257.653398005171,1016.1847793658084,8.162003522679445,,,,,False,training_population,46.846401,8.9006,RGI60-11.00824,11,2739.0,0.197,24.7,332.0,0.1
2660,CLARIDENFIRN,1988,-0.143,1987-09-20,1988-09-20,1345.518113708501,1037.1622608852567,8.806256776616216,,,,,False,training_population,46.846401,8.9006,RGI60-11.00824,11,2739.0,0.197,24.7,332.0,0.1
2660,CLARIDENFIRN,1989,-0.271,1988-09-20,1989-09-20,1240.7959770202683,846.577883231557,8.14182584734933,,,,,False,training_population,46.846401,8.9006,RGI60-11.00824,11,2739.0,0.197,24.7,332.0,0.1
2660,CLARIDENFIRN,1990,-1.154,1989-09-20,1990-09-29,1317.36520894369,759.3936684075614,9.15412844644079,,,,,False,training_population,46.846401,8.9006,RGI60-11.00824,11,2739.0,0.197,24.7,332.0,0.1
2660,CLARIDENFIRN,1991,-1.507,1990-09-29,1991-09-16,1241.2537268320757,915.4580074333616,9.351747304114769,,,,,False,training_population,46.846401,8.9006,RGI60-11.00824,11,2739.0,0.197,24.7,332.0,0.1
2660,CLARIDENFIRN,1992,-1.024,1991-09-16,1992-09-19,1453.0917575836224,947.0815811697478,10.13722859811094,,,,,False,training_population,46.846401,8.9006,RGI60-11.00824,11,2739.0,0.197,24.7,332.0,0.1
2660,CLARIDENFIRN,1993,-0.254,1992-09-19,1993-09-20,1290.7655335744269,881.3486996069812,8.88085467435314,,,,,False,training_population,46.846401,8.9006,RGI60-11.00824,11,2739.0,0.197,24.7,332.0,0.1
2660,CLARIDENFIRN,1994,-0.395,1993-09-20,1994-09-26,1436.3163528442433,971.2316599676178,10.464060712897282,,,,,False,training_population,46.846401,8.9006,RGI60-11.00824,11,2739.0,0.197,24.7,332.0,0.1
2660,CLARIDENFIRN,1995,0.377,1994-09-26,1995-10-10,1315.887256495163,1101.9330845400218,8.61286336650021,,,,,False,training_population,46.846401,8.9006,RGI60-11.00824,11,2739.0,0.197,24.7,332.0,0.1
2660,CLARIDENFIRN,1996,-0.186,1995-10-10,1996-09-17,1118.259859593713,646.6516468884683,8.664278809920624,,,,,False,training_population,46.846401,8.9006,RGI60-11.00824,11,2739.0,0.197,24.7,332.0,0.1
2660,CLARIDENFIRN,1997,-0.049,1996-09-17,1997-09-16,1222.981857554122,854.3609309756627,8.648252237015898,,,,,False,training_population,46.846401,8.9006,RGI60-11.00824,11,2739.0,0.197,24.7,332.0,0.1
2660,CLARIDENFIRN,1998,-1.66,1997-09-16,1998-09-02,1276.7023146311485,871.3089661853567,9.4510932715043,,,,,False,training_population,46.846401,8.9006,RGI60-11.00824,11,2739.0,0.197,24.7,332.0,0.1
2660,CLARIDENFIRN,1999,0.705,1998-09-02,1999-09-03,1244.3833157857307,1230.7449876101834,8.789023543095269,,,,,False,training_population,46.846401,8.9006,RGI60-11.00824,11,2739.0,0.197,24.7,332.0,0.1
2660,CLARIDENFIRN,2000,-0.035,1999-09-03,2000-09-17,1500.8819540659636,945.2382643183732,8.974908537104533,,,,,False,training_population,46.846401,8.9006,RGI60-11.00824,11,2739.0,0.197,24.7,332.0,0.1
2660,CLARIDENFIRN,2001,-0.014,2000-09-17,2001-10-17,1445.83774414063,1211.918116655955,9.027960513294628,,,,,False,training_population,46.846401,8.9006,RGI60-11.00824,11,2739.0,0.197,24.7,332.0,0.1
2660,CLARIDENFIRN,2002,-0.733,2001-10-17,2002-09-14,1193.5181054433226,767.8285561092757,9.543100804867974,,,,,False,training_population,46.846401,8.9006,RGI60-11.00824,11,2739.0,0.197,24.7,332.0,0.1
2660,CLARIDENFIRN,2003,-1.979,2002-09-14,2003-09-17,1590.5220464070685,904.2944901411828,11.934248349286529,,,,,False,training_population,46.846401,8.9006,RGI60-11.00824,11,2739.0,0.197,24.7,332.0,0.1
2660,CLARIDENFIRN,2004,-0.304,2003-09-17,2004-09-18,1250.583867263798,962.3451669778938,8.791995710566445,,,,,False,training_population,46.846401,8.9006,RGI60-11.00824,11,2739.0,0.197,24.7,332.0,0.1
2660,CLARIDENFIRN,2005,-0.845,2004-09-18,2005-09-10,1314.3573547363328,729.8958215310166,8.83832900973336,,,,,False,training_population,46.846401,8.9006,RGI60-11.00824,11,2739.0,0.197,24.7,332.0,0.1
2660,CLARIDENFIRN,2006,-0.941,2005-09-11,2006-09-11,1406.1644128163705,805.2017593888401,9.24398654993032,,,,,False,training_population,46.846401,8.9006,RGI60-11.00824,11,2739.0,0.197,24.7,332.0,0.1
2660,CLARIDENFIRN,2007,-1.102,2006-09-11,2007-09-24,1585.6094694773408,750.6998509510368,9.038545717709328,,,,,False,training_population,46.846401,8.9006,RGI60-11.00824,11,2739.0,0.197,24.7,332.0,0.1
2660,CLARIDENFIRN,2008,-1.234,2007-09-24,2008-09-16,1247.5567334493044,967.6273121150024,9.265207641712156,,,,,False,training_population,46.846401,8.9006,RGI60-11.00824,11,2739.0,0.197,24.7,332.0,0.1
2660,CLARIDENFIRN,2009,-1.355,2008-09-20,2009-09-12,1341.1398426055955,928.0348329343794,9.670060453553155,,,,,False,training_population,46.846401,8.9006,RGI60-11.00824,11,2739.0,0.197,24.7,332.0,0.1
2660,CLARIDENFIRN,2010,-0.589,2009-09-13,2010-09-05,1267.8547055562383,866.8817799251229,9.350821624977025,,,,,False,training_population,46.846401,8.9006,RGI60-11.00824,11,2739.0,0.197,24.7,332.0,0.1
2660,CLARIDENFIRN,2011,-1.686,2010-09-06,2011-09-04,1373.5329427083382,665.204023907549,9.133229053884332,,,,,False,training_population,46.846401,8.9006,RGI60-11.00824,11,2739.0,0.197,24.7,332.0,0.1
2660,CLARIDENFIRN,2012,-1.623,2011-09-03,2012-08-26,1444.9477910359751,1040.6176835022122,10.13521368969448,,,,,False,training_population,46.846401,8.9006,RGI60-11.00824,11,2739.0,0.197,24.7,332.0,0.1
2660,CLARIDENFIRN,2013,-0.337,2012-09-10,2013-09-06,1328.78445536296,951.0590979738822,9.472444629669212,,,,,False,training_population,46.846401,8.9006,RGI60-11.00824,11,2739.0,0.197,24.7,332.0,0.1
2660,CLARIDENFIRN,2014,-0.501,2013-09-06,2014-09-15,1264.068411000575,872.0638706614388,7.703432517120827,,,,,False,training_population,46.846401,8.9006,RGI60-11.00824,11,2739.0,0.197,24.7,332.0,0.1
2660,CLARIDENFIRN,2015,-1.362,2014-09-15,2015-10-11,1725.7061538696346,891.6808779929361,11.409238862300288,,,,,False,training_population,46.846401,8.9006,RGI60-11.00824,11,2739.0,0.197,24.7,332.0,0.1
2660,CLARIDENFIRN,2016,-0.424,2015-10-11,2016-09-30,1437.035080083216,797.2259731384348,9.794331459377148,,,,,False,training_population,46.846401,8.9006,RGI60-11.00824,11,2739.0,0.197,24.7,332.0,0.1
2660,CLARIDENFIRN,2017,-1.196,2016-09-30,2017-09-23,1416.984211730962,671.7670598518381,10.961442711042348,,,,,False,training_population,46.846401,8.9006,RGI60-11.00824,11,2739.0,0.197,24.7,332.0,0.1
2660,CLARIDENFIRN,2018,-1.48,2017-09-23,2018-10-07,1736.548060862228,904.9411288553912,10.743336531044804,,,,,False,training_population,46.846401,8.9006,RGI60-11.00824,11,2739.0,0.197,24.7,332.0,0.1
2660,CLARIDENFIRN,2019,-1.007,2018-10-06,2019-09-29,1511.59526329041,1004.7952394557492,11.22750461827156,,,,,False,training_population,46.846401,8.9006,RGI60-11.00824,11,2739.0,0.197,24.7,332.0,0.1
2660,CLARIDENFIRN,2020,-0.75,2019-09-29,2020-09-18,1524.524487304692,742.5743734620128,9.810809756016408,,,,,False,training_population,46.846401,8.9006,RGI60-11.00824,11,2739.0,0.197,24.7,332.0,0.1
2660,CLARIDENFIRN,2021,-0.408,2020-09-18,2021-09-25,1325.257295354212,936.7773483354716,9.523362959986173,,,,,False,training_population,46.846401,8.9006,RGI60-11.00824,11,2739.0,0.197,24.7,332.0,0.1
2660,CLARIDENFIRN,2022,-3.09,2021-09-25,2022-09-23,1555.270705413823,696.6660934920981,11.526297326018865,,,,,False,training_population,46.846401,8.9006,RGI60-11.00824,11,2739.0,0.197,24.7,332.0,0.1
2660,CLARIDENFIRN,2023,-1.95,2022-09-23,2023-09-15,1569.2172681172735,764.5512160876074,10.743390724624437,,,,,False,training_population,46.846401,8.9006,RGI60-11.00824,11,2739.0,0.197,24.7,332.0,0.1
2660,CLARIDENFIRN,2024,-1.505,2023-09-15,2024-09-30,1730.9225596110075,1196.1440275695595,11.22307871942937,,,,,False,training_population,46.846401,8.9006,RGI60-11.00824,11,2739.0,0.197,24.7,332.0,0.1
2660,CLARIDENFIRN,2025,-1.775,2024-09-30,2025-10-10,1677.7638477325495,665.6739638665065,11.111686649875388,,,,,False,training_population,46.846401,8.9006,RGI60-11.00824,11,2739.0,0.197,24.7,332.0,0.1
2665,BAHIA DEL DIABLO,2000,-0.57,1999-03-01,2000-02-28,17.94946314493876,46.56103457729799,-0.3945096376925298,,,,,False,external_holdout,-63.82,-57.43,RGI60-19.00595,19,-999.0,190.37,7.0,81.0,0.1
2665,BAHIA DEL DIABLO,2001,-0.06,2000-03-01,2001-02-28,8.32955869038932,633.7802332083129,-1.6033072930794978,,,,,False,external_holdout,-63.82,-57.43,RGI60-19.00595,19,-999.0,190.37,7.0,81.0,0.1
2665,BAHIA DEL DIABLO,2002,-0.56,2001-03-01,2002-02-28,19.528404617310343,787.6849407419045,-0.3537434189407684,,,,,False,external_holdout,-63.82,-57.43,RGI60-19.00595,19,-999.0,190.37,7.0,81.0,0.1
2665,BAHIA DEL DIABLO,2003,-0.18,2002-03-01,2003-02-28,17.06871693929088,637.9056969675041,-0.7554183677390559,,,,,False,external_holdout,-63.82,-57.43,RGI60-19.00595,19,-999.0,190.37,7.0,81.0,0.1
2665,BAHIA DEL DIABLO,2004,-0.12,2003-03-01,2004-02-28,15.850547154745016,780.2381627459915,-1.659184484128575,,,,,False,external_holdout,-63.82,-57.43,RGI60-19.00595,19,-999.0,190.37,7.0,81.0,0.1
2665,BAHIA DEL DIABLO,2005,-0.14,2004-03-01,2005-02-28,33.840748341878964,654.6503603132337,-0.7200661553276688,,,,,False,external_holdout,-63.82,-57.43,RGI60-19.00595,19,-999.0,190.37,7.0,81.0,0.1
2665,BAHIA DEL DIABLO,2006,-0.45,2005-03-01,2006-02-28,52.61764500935948,509.41514104321686,-0.7610212255407014,,,,,False,external_holdout,-63.82,-57.43,RGI60-19.00595,19,-999.0,190.37,7.0,81.0,0.1
2665,BAHIA DEL DIABLO,2007,-0.14,2006-03-01,2007-02-28,22.40337359110584,707.2903180373161,-1.111043322527827,,,,,False,external_holdout,-63.82,-57.43,RGI60-19.00595,19,-999.0,190.37,7.0,81.0,0.1
2665,BAHIA DEL DIABLO,2008,-0.44,2007-03-01,2008-02-28,20.239597193400584,633.7815925840503,-0.8003363856562639,,,,,False,external_holdout,-63.82,-57.43,RGI60-19.00595,19,-999.0,190.37,7.0,81.0,0.1
2665,BAHIA DEL DIABLO,2009,-0.33,2008-03-01,2009-02-28,18.11287689209047,709.1572072441146,-0.9872891037552228,,,,,False,external_holdout,-63.82,-57.43,RGI60-19.00595,19,-999.0,190.37,7.0,81.0,0.1
2665,BAHIA DEL DIABLO,2010,0.37,2009-03-01,2010-02-28,7.42222023010288,938.98262306422,-1.8849765212447325,,,,,False,external_holdout,-63.82,-57.43,RGI60-19.00595,19,-999.0,190.37,7.0,81.0,0.1
2665,BAHIA DEL DIABLO,2011,0.02,2010-03-01,2011-02-28,9.722404607137436,749.2395282091131,-1.653822757579641,,,,,False,external_holdout,-63.82,-57.43,RGI60-19.00595,19,-999.0,190.37,7.0,81.0,0.1
2665,BAHIA DEL DIABLO,2012,-0.02,2011-03-01,2012-02-28,7.171495056152764,749.6485927438812,-1.7656353915179,,,,,False,external_holdout,-63.82,-57.43,RGI60-19.00595,19,-999.0,190.37,7.0,81.0,0.1
2665,BAHIA DEL DIABLO,2013,0.1,2012-03-01,2013-02-28,13.231508763631496,822.9226210868142,-1.9433239972149647,,,,,False,external_holdout,-63.82,-57.43,RGI60-19.00595,19,-999.0,190.37,7.0,81.0,0.1
2665,BAHIA DEL DIABLO,2014,0.19,2013-03-01,2014-02-28,15.790470759074369,680.0343915036606,-2.3228039211696814,,,,,False,external_holdout,-63.82,-57.43,RGI60-19.00595,19,-999.0,190.37,7.0,81.0,0.1
2665,BAHIA DEL DIABLO,2015,0.025,2014-03-01,2015-02-28,18.720103836060105,745.542572212603,-1.4738778926707845,,,,,False,external_holdout,-63.82,-57.43,RGI60-19.00595,19,-999.0,190.37,7.0,81.0,0.1
2665,BAHIA DEL DIABLO,2016,-0.561,2015-03-01,2016-02-28,18.134436416626382,667.0562188988569,-1.2858211517333769,,,,,False,external_holdout,-63.82,-57.43,RGI60-19.00595,19,-999.0,190.37,7.0,81.0,0.1
2665,BAHIA DEL DIABLO,2017,-0.38,2016-03-01,2017-02-28,14.371735763550303,704.4998182734403,-1.5550855919166615,,,,,False,external_holdout,-63.82,-57.43,RGI60-19.00595,19,-999.0,190.37,7.0,81.0,0.1
2665,BAHIA DEL DIABLO,2018,-0.13,2017-03-01,2018-02-28,17.995401382446914,752.9416159266589,-0.8954849313806348,,,,,False,external_holdout,-63.82,-57.43,RGI60-19.00595,19,-999.0,190.37,7.0,81.0,0.1
2665,BAHIA DEL DIABLO,2019,-0.04,2018-04-01,2019-03-31,4.145802561442281,725.7085850018861,-2.0500863463790098,,,,,True,external_holdout,-63.82,-57.43,RGI60-19.00595,19,-999.0,190.37,7.0,81.0,0.1
2665,BAHIA DEL DIABLO,2020,-0.4,2019-03-01,2020-02-29,43.07902882893967,689.2596285986699,-0.6987236749558011,,,,,False,external_holdout,-63.82,-57.43,RGI60-19.00595,19,-999.0,190.37,7.0,81.0,0.1
2665,BAHIA DEL DIABLO,2021,-0.74,2020-03-01,2021-02-28,36.02662607828887,571.9575263681627,-0.63057700263127,,,,,False,external_holdout,-63.82,-57.43,RGI60-19.00595,19,-999.0,190.37,7.0,81.0,0.1
2665,BAHIA DEL DIABLO,2022,-0.291,2021-03-01,2022-02-28,30.183463795980856,780.7952892762628,-0.4171079988832604,,,,,False,external_holdout,-63.82,-57.43,RGI60-19.00595,19,-999.0,190.37,7.0,81.0,0.1
2665,BAHIA DEL DIABLO,2023,-1.03,2022-03-01,2023-02-28,40.50237439473591,689.5739911947949,-0.6615537714074927,,,,,False,external_holdout,-63.82,-57.43,RGI60-19.00595,19,-999.0,190.37,7.0,81.0,0.1
2665,BAHIA DEL DIABLO,2024,-0.26,2023-03-01,2024-02-29,20.36800804138238,763.0018442933028,-0.8709884517795216,,,,,False,external_holdout,-63.82,-57.43,RGI60-19.00595,19,-999.0,190.37,7.0,81.0,0.1
2665,BAHIA DEL DIABLO,2025,-0.75,2024-03-01,2025-02-28,38.39171549479261,580.7768633913959,-1.1180697123209415,,,,,False,external_holdout,-63.82,-57.43,RGI60-19.00595,19,-999.0,190.37,7.0,81.0,0.1
3067,BRUARJOKULL,1993,1.09,1992-10-01,1993-09-30,254.99002978007235,876.0967258681127,1.509936953282032,,,,,True,training_population,64.669998,-16.17,RGI60-06.00377,6,1283.0,1428.724,3.0,19.0,0.1
3067,BRUARJOKULL,1994,0.55,1993-10-01,1994-09-30,365.7250596364366,1280.3149988401046,3.039508127129619,,,,,True,training_population,64.669998,-16.17,RGI60-06.00377,6,1283.0,1428.724,3.0,19.0,0.1
3067,BRUARJOKULL,1995,-0.342,1994-10-01,1995-09-30,350.1184411366807,1191.0547917813012,3.001132763295956,,,,,True,training_population,64.669998,-16.17,RGI60-06.00377,6,1283.0,1428.724,3.0,19.0,0.1
3067,BRUARJOKULL,1996,-0.22,1995-07-02,1996-07-01,338.5760149637885,1168.4427445366375,2.7030293271161754,,,,,False,training_population,64.669998,-16.17,RGI60-06.00377,6,1283.0,1428.724,3.0,19.0,0.1
3067,BRUARJOKULL,1997,-0.135,1996-07-01,1997-07-02,400.4793179829942,1008.1618568360008,2.3955228115650145,,,,,False,training_population,64.669998,-16.17,RGI60-06.00377,6,1283.0,1428.724,3.0,19.0,0.1
3067,BRUARJOKULL,1998,-0.67,1997-10-01,1998-09-30,327.4061166127552,1118.1151831999364,2.2636932276297537,,,,,True,training_population,64.669998,-16.17,RGI60-06.00377,6,1283.0,1428.724,3.0,19.0,0.1
3067,BRUARJOKULL,1999,-0.3,1998-10-01,1999-09-30,413.7527221679716,1156.219293128949,3.4771622008171845,,,,,True,training_population,64.669998,-16.17,RGI60-06.00377,6,1283.0,1428.724,3.0,19.0,0.1
3067,BRUARJOKULL,2000,-1.01,1999-10-01,2000-09-30,470.809280268354,981.1081487976168,3.4185713187508155,,,,,True,training_population,64.669998,-16.17,RGI60-06.00377,6,1283.0,1428.724,3.0,19.0,0.1
3067,BRUARJOKULL,2001,0.14,2000-10-01,2001-09-30,307.4235788981146,1211.3583702350504,2.136233342212201,,,,,True,training_population,64.669998,-16.17,RGI60-06.00377,6,1283.0,1428.724,3.0,19.0,0.1
3067,BRUARJOKULL,2002,0.052,2001-10-01,2002-09-30,438.5665911356647,1000.0905207468024,3.115331047168701,,,,,True,training_population,64.669998,-16.17,RGI60-06.00377,6,1283.0,1428.724,3.0,19.0,0.1
3067,BRUARJOKULL,2003,-0.568,2002-10-01,2003-09-30,501.71135711670297,1356.2340328475102,3.977069376517057,,,,,True,training_population,64.669998,-16.17,RGI60-06.00377,6,1283.0,1428.724,3.0,19.0,0.1
3067,BRUARJOKULL,2004,-0.8,2003-10-01,2004-09-30,519.5220221201616,885.2844221013356,3.8438791316488734,,,,,True,training_population,64.669998,-16.17,RGI60-06.00377,6,1283.0,1428.724,3.0,19.0,0.1
3067,BRUARJOKULL,2005,-1.557,2004-10-01,2005-09-30,386.0584168752063,896.0442931157218,3.3805034181346287,,,,,True,training_population,64.669998,-16.17,RGI60-06.00377,6,1283.0,1428.724,3.0,19.0,0.1
3067,BRUARJOKULL,2006,-0.79,2005-10-01,2006-09-30,457.0572560628291,976.3718903179176,3.597269533682581,,,,,True,training_population,64.669998,-16.17,RGI60-06.00377,6,1283.0,1428.724,3.0,19.0,0.1
3067,BRUARJOKULL,2007,-0.536,2006-10-01,2007-09-30,429.54877611796354,1145.4405108416806,3.468761304496016,,,,,True,training_population,64.669998,-16.17,RGI60-06.00377,6,1283.0,1428.724,3.0,19.0,0.1
3067,BRUARJOKULL,2008,-0.503,2007-10-01,2008-09-30,463.32582461039607,1090.3308797192644,3.32318307904232,,,,,True,training_population,64.669998,-16.17,RGI60-06.00377,6,1283.0,1428.724,3.0,19.0,0.1
3067,BRUARJOKULL,2009,-0.122,2008-10-01,2009-09-30,372.6676031748486,1104.0698646094747,3.2383242952651115,,,,,True,training_population,64.669998,-16.17,RGI60-06.00377,6,1283.0,1428.724,3.0,19.0,0.1
3067,BRUARJOKULL,2010,-1.57,2009-10-01,2010-09-30,500.21790491740273,1017.3308385642732,3.9038903664851774,,,,,True,training_population,64.669998,-16.17,RGI60-06.00377,6,1283.0,1428.724,3.0,19.0,0.1
3067,BRUARJOKULL,2011,0.515,2010-10-01,2011-09-30,303.57634798686,1237.4946803292205,1.8939508963322529,,,,,True,training_population,64.669998,-16.17,RGI60-06.00377,6,1283.0,1428.724,3.0,19.0,0.1
3067,BRUARJOKULL,2012,-0.759,2011-10-01,2012-09-30,437.4958577473989,1131.8823309159357,3.457964888862964,,,,,True,training_population,64.669998,-16.17,RGI60-06.00377,6,1283.0,1428.724,3.0,19.0,0.1
3067,BRUARJOKULL,2013,-0.07,2012-10-01,2013-09-30,352.6952598571804,1228.801099681128,3.372084256877093,,,,,True,training_population,64.669998,-16.17,RGI60-06.00377,6,1283.0,1428.724,3.0,19.0,0.1
3067,BRUARJOKULL,2014,-0.034,2013-10-01,2014-09-30,449.7391700744661,1376.7981691436476,3.6812104128409344,,,,,True,training_population,64.669998,-16.17,RGI60-06.00377,6,1283.0,1428.724,3.0,19.0,0.1
3067,BRUARJOKULL,2015,1.044,2014-10-01,2015-09-30,311.47029965718895,1442.2780839714303,1.8697898063107048,,,,,True,training_population,64.669998,-16.17,RGI60-06.00377,6,1283.0,1428.724,3.0,19.0,0.1
3067,BRUARJOKULL,2016,-0.342,2015-10-01,2016-09-30,422.21854934692726,988.6475631761904,3.547376140649792,,,,,True,training_population,64.669998,-16.17,RGI60-06.00377,6,1283.0,1428.724,3.0,19.0,0.1
3067,BRUARJOKULL,2017,0.026,2016-10-01,2017-09-30,499.9941017150921,1228.2250425200232,3.0165123441945174,,,,,True,training_population,64.669998,-16.17,RGI60-06.00377,6,1283.0,1428.724,3.0,19.0,0.1
3067,BRUARJOKULL,2018,0.062,2017-10-01,2018-09-30,394.7586730957062,1172.9565286267914,3.460113945560201,,,,,True,training_population,64.669998,-16.17,RGI60-06.00377,6,1283.0,1428.724,3.0,19.0,0.1
3067,BRUARJOKULL,2019,-0.304,2018-10-01,2019-09-30,453.0453929901159,1253.565079950402,3.102233940622102,,,,,True,training_population,64.669998,-16.17,RGI60-06.00377,6,1283.0,1428.724,3.0,19.0,0.1
3067,BRUARJOKULL,2020,-0.175,2019-10-01,2020-09-30,443.0696102142367,1143.4367768006196,3.702796105371028,,,,,True,training_population,64.669998,-16.17,RGI60-06.00377,6,1283.0,1428.724,3.0,19.0,0.1
3067,BRUARJOKULL,2021,-0.84,2020-10-01,2021-09-30,590.8280503590929,1214.1230848076532,5.029414286129739,,,,,True,training_population,64.669998,-16.17,RGI60-06.00377,6,1283.0,1428.724,3.0,19.0,0.1
3067,BRUARJOKULL,2022,0.344,2021-10-01,2022-09-30,426.55677604675697,1280.3958154730922,3.11328126934994,,,,,True,training_population,64.669998,-16.17,RGI60-06.00377,6,1283.0,1428.724,3.0,19.0,0.1
3067,BRUARJOKULL,2023,-0.713,2022-10-01,2023-09-30,511.9555809021032,1134.1973961318245,4.179045516857226,,,,,True,training_population,64.669998,-16.17,RGI60-06.00377,6,1283.0,1428.724,3.0,19.0,0.1
3067,BRUARJOKULL,2024,-0.06,2023-10-01,2024-09-30,387.3210999806749,1048.3149133773288,3.0815921507020145,,,,,True,training_population,64.669998,-16.17,RGI60-06.00377,6,1283.0,1428.724,3.0,19.0,0.1
3067,BRUARJOKULL,2025,-1.169,2024-10-01,2025-09-30,650.8193119049112,929.618399947536,4.382377567844138,,,,,True,training_population,64.669998,-16.17,RGI60-06.00377,6,1283.0,1428.724,3.0,19.0,0.1
3069,EYJABAKKAJOKULL,1991,-0.9,1990-10-01,1991-09-30,620.3220362345402,997.3531790629976,5.265868185568566,,,,,True,training_population,64.650002,-15.58,RGI60-06.00472,6,1161.0,129.639,6.2,354.0,0.1
3069,EYJABAKKAJOKULL,1992,0.04,1991-10-01,1992-09-30,402.74156519572233,1484.7966011394185,3.360446548461934,,,,,True,training_population,64.650002,-15.58,RGI60-06.00472,6,1161.0,129.639,6.2,354.0,0.1
3069,EYJABAKKAJOKULL,1993,0.74,1992-10-01,1993-09-30,349.8319985707629,1326.3904244027103,2.084938545503498,,,,,True,training_population,64.650002,-15.58,RGI60-06.00472,6,1161.0,129.639,6.2,354.0,0.1
3069,EYJABAKKAJOKULL,1994,0.46,1993-10-01,1994-09-30,518.0450341542592,1311.8057773509122,4.52666332272518,,,,,True,training_population,64.650002,-15.58,RGI60-06.00472,6,1161.0,129.639,6.2,354.0,0.1
3069,EYJABAKKAJOKULL,1995,-0.42,1994-10-01,1995-09-30,509.2344923655222,1163.7561558107343,4.472360436812715,,,,,True,training_population,64.650002,-15.58,RGI60-06.00472,6,1161.0,129.639,6.2,354.0,0.1
3069,EYJABAKKAJOKULL,1996,-0.85,1995-07-02,1996-07-01,489.2664555867543,1259.022915550922,4.152080893862099,,,,,False,training_population,64.650002,-15.58,RGI60-06.00472,6,1161.0,129.639,6.2,354.0,0.1
3069,EYJABAKKAJOKULL,1998,-1.39,1997-10-01,1998-09-30,446.56008885701806,1130.5663682566765,3.632108507294611,,,,,True,training_population,64.650002,-15.58,RGI60-06.00472,6,1161.0,129.639,6.2,354.0,0.1
3069,EYJABAKKAJOKULL,1999,-1.12,1998-10-01,1999-09-30,558.0034100850453,1142.9887255968474,4.833319144318089,,,,,True,training_population,64.650002,-15.58,RGI60-06.00472,6,1161.0,129.639,6.2,354.0,0.1
3069,EYJABAKKAJOKULL,2000,-2.02,1999-10-01,2000-09-30,626.8091415405305,1017.0281387854628,5.040096737681976,,,,,True,training_population,64.650002,-15.58,RGI60-06.00472,6,1161.0,129.639,6.2,354.0,0.1
3069,EYJABAKKAJOKULL,2001,0.286,2000-10-01,2001-09-30,421.5411479949981,1254.9590469986676,3.168531554678236,,,,,True,training_population,64.650002,-15.58,RGI60-06.00472,6,1161.0,129.639,6.2,354.0,0.1
3069,EYJABAKKAJOKULL,2002,-1.093,2001-10-01,2002-09-30,621.8811253865598,991.2005566757962,4.551582922451759,,,,,True,training_population,64.650002,-15.58,RGI60-06.00472,6,1161.0,129.639,6.2,354.0,0.1
3069,EYJABAKKAJOKULL,2003,-1.094,2002-10-01,2003-09-30,670.5753734588664,1483.7470155963038,5.39935393126117,,,,,True,training_population,64.650002,-15.58,RGI60-06.00472,6,1161.0,129.639,6.2,354.0,0.1
3069,EYJABAKKAJOKULL,2004,-1.31,2003-10-01,2004-09-30,702.7505346934043,906.7672752095496,5.557446450772518,,,,,True,training_population,64.650002,-15.58,RGI60-06.00472,6,1161.0,129.639,6.2,354.0,0.1
3069,EYJABAKKAJOKULL,2005,-2.202,2004-10-01,2005-09-30,555.1592608133985,873.7765913008886,5.151900220953923,,,,,True,training_population,64.650002,-15.58,RGI60-06.00472,6,1161.0,129.639,6.2,354.0,0.1
3069,EYJABAKKAJOKULL,2006,-1.425,2005-10-01,2006-09-30,613.5111384073928,962.9171586058724,4.989181579368724,,,,,True,training_population,64.650002,-15.58,RGI60-06.00472,6,1161.0,129.639,6.2,354.0,0.1
3069,EYJABAKKAJOKULL,2007,-0.636,2006-10-01,2007-09-30,572.0480745951368,1139.2940291499622,4.858850256601992,,,,,True,training_population,64.650002,-15.58,RGI60-06.00472,6,1161.0,129.639,6.2,354.0,0.1
3069,EYJABAKKAJOKULL,2008,-1.282,2007-10-01,2008-09-30,641.9577725728391,1083.3546152845274,4.945344501992954,,,,,True,training_population,64.650002,-15.58,RGI60-06.00472,6,1161.0,129.639,6.2,354.0,0.1
3069,EYJABAKKAJOKULL,2009,-0.507,2008-10-01,2009-09-30,513.700709915164,1130.2888833321524,4.454464821193551,,,,,True,training_population,64.650002,-15.58,RGI60-06.00472,6,1161.0,129.639,6.2,354.0,0.1
3069,EYJABAKKAJOKULL,2010,-1.75,2009-10-01,2010-09-30,679.7109359741244,1037.3815730969477,5.452442506430828,,,,,True,training_population,64.650002,-15.58,RGI60-06.00472,6,1161.0,129.639,6.2,354.0,0.1
3069,EYJABAKKAJOKULL,2011,0.525,2010-10-01,2011-09-30,422.6369174957306,1207.4758735939354,2.9105710347493696,,,,,True,training_population,64.650002,-15.58,RGI60-06.00472,6,1161.0,129.639,6.2,354.0,0.1
3069,EYJABAKKAJOKULL,2012,-0.954,2011-10-01,2012-09-30,567.4083006540963,1155.8789609312826,4.907640960251097,,,,,True,training_population,64.650002,-15.58,RGI60-06.00472,6,1161.0,129.639,6.2,354.0,0.1
3069,EYJABAKKAJOKULL,2013,-0.5,2012-10-01,2013-09-30,472.64179700215976,1352.490900220797,4.529394853287877,,,,,True,training_population,64.650002,-15.58,RGI60-06.00472,6,1161.0,129.639,6.2,354.0,0.1
3069,EYJABAKKAJOKULL,2014,-0.353,2013-10-01,2014-09-30,604.4266128540074,1438.023282572889,4.965767810655701,,,,,True,training_population,64.650002,-15.58,RGI60-06.00472,6,1161.0,129.639,6.2,354.0,0.1
3069,EYJABAKKAJOKULL,2015,0.734,2014-10-01,2015-09-30,408.914300409956,1389.8163810689111,2.6186761358510102,,,,,True,training_population,64.650002,-15.58,RGI60-06.00472,6,1161.0,129.639,6.2,354.0,0.1
3069,EYJABAKKAJOKULL,2016,-0.93,2015-10-01,2016-09-30,584.4464476267533,1064.9893034734,4.952624810260302,,,,,True,training_population,64.650002,-15.58,RGI60-06.00472,6,1161.0,129.639,6.2,354.0,0.1
3069,EYJABAKKAJOKULL,2017,-0.452,2016-10-01,2017-09-30,670.5110539754276,1204.0118272337068,4.319428055528305,,,,,True,training_population,64.650002,-15.58,RGI60-06.00472,6,1161.0,129.639,6.2,354.0,0.1
3069,EYJABAKKAJOKULL,2018,-0.39,2017-10-01,2018-09-30,567.3579216003453,1199.5193055991608,5.067311140419806,,,,,True,training_population,64.650002,-15.58,RGI60-06.00472,6,1161.0,129.639,6.2,354.0,0.1
3069,EYJABAKKAJOKULL,2019,-0.728,2018-10-01,2019-09-30,599.1963857015012,1243.5340045679443,4.425043574623462,,,,,True,training_population,64.650002,-15.58,RGI60-06.00472,6,1161.0,129.639,6.2,354.0,0.1
3069,EYJABAKKAJOKULL,2020,-0.778,2019-10-01,2020-09-30,589.0378000895214,1106.2708704369445,5.142519908020481,,,,,True,training_population,64.650002,-15.58,RGI60-06.00472,6,1161.0,129.639,6.2,354.0,0.1
3069,EYJABAKKAJOKULL,2021,-1.477,2020-10-01,2021-09-30,772.3366410573356,1291.3420436057556,6.722607362443146,,,,,True,training_population,64.650002,-15.58,RGI60-06.00472,6,1161.0,129.639,6.2,354.0,0.1
3069,EYJABAKKAJOKULL,2022,-0.359,2021-10-01,2022-09-30,544.7848302205443,1289.6226228066184,4.047957729947765,,,,,True,training_population,64.650002,-15.58,RGI60-06.00472,6,1161.0,129.639,6.2,354.0,0.1
3069,EYJABAKKAJOKULL,2023,-1.417,2022-10-01,2023-09-30,675.1925577799518,1170.8870721397277,5.672684592094998,,,,,True,training_population,64.650002,-15.58,RGI60-06.00472,6,1161.0,129.639,6.2,354.0,0.1
3069,EYJABAKKAJOKULL,2024,-0.51,2023-10-01,2024-09-30,498.0685409545925,1134.865057042006,4.174493850486885,,,,,True,training_population,64.650002,-15.58,RGI60-06.00472,6,1161.0,129.639,6.2,354.0,0.1
3069,EYJABAKKAJOKULL,2025,-2.43,2024-10-01,2025-09-30,865.8947887420693,979.07974323412,6.328389760722306,,,,,True,training_population,64.650002,-15.58,RGI60-06.00472,6,1161.0,129.639,6.2,354.0,0.1
3088,HOFSJOEKULL E,1989,1.0,1988-10-01,1989-09-30,201.59609743754248,973.4448117837288,1.862439631033656,,,,,True,training_population,64.800003,-18.58,RGI60-06.00234,6,1223.0,264.536,4.9,117.0,0.1
3088,HOFSJOEKULL E,1990,0.0,1989-10-01,1990-09-30,289.39183553060155,909.7753014107184,2.7619740292646107,,,,,True,training_population,64.800003,-18.58,RGI60-06.00234,6,1223.0,264.536,4.9,117.0,0.1
3088,HOFSJOEKULL E,1991,-0.96,1990-10-01,1991-09-30,397.63018099467206,1161.908836667884,3.387671358689039,,,,,True,training_population,64.800003,-18.58,RGI60-06.00234,6,1223.0,264.536,4.9,117.0,0.1
3088,HOFSJOEKULL E,1992,1.5,1991-10-01,1992-09-30,219.250487264,1426.1511906614005,1.6130197552667378,,,,,True,training_population,64.800003,-18.58,RGI60-06.00234,6,1223.0,264.536,4.9,117.0,0.1
3088,HOFSJOEKULL E,1993,0.74,1992-10-01,1993-09-30,203.7475119272892,1165.4708432801613,1.1161620084790445,,,,,True,training_population,64.800003,-18.58,RGI60-06.00234,6,1223.0,264.536,4.9,117.0,0.1
3088,HOFSJOEKULL E,1994,-0.16,1993-10-01,1994-09-30,293.2933757782006,939.0372634479434,2.506553565592028,,,,,True,training_population,64.800003,-18.58,RGI60-06.00234,6,1223.0,264.536,4.9,117.0,0.1
3088,HOFSJOEKULL E,1995,-0.62,1994-10-01,1995-09-30,296.64406026204665,1035.4442395981068,2.6301124323969525,,,,,True,training_population,64.800003,-18.58,RGI60-06.00234,6,1223.0,264.536,4.9,117.0,0.1
3088,HOFSJOEKULL E,1996,-1.35,1995-10-01,1996-09-30,338.18556594848866,853.1147301400565,2.4705523394156392,,,,,True,training_population,64.800003,-18.58,RGI60-06.00234,6,1223.0,264.536,4.9,117.0,0.1
3088,HOFSJOEKULL E,1997,-1.15,1996-10-01,1997-09-30,337.10931536356827,1042.722189568245,2.6723885453265868,,,,,True,training_population,64.800003,-18.58,RGI60-06.00234,6,1223.0,264.536,4.9,117.0,0.1
3088,HOFSJOEKULL E,1998,-1.06,1997-10-01,1998-09-30,282.0534552256292,810.6586237689478,2.2613048954286668,,,,,True,training_population,64.800003,-18.58,RGI60-06.00234,6,1223.0,264.536,4.9,117.0,0.1
3088,HOFSJOEKULL E,1999,-0.77,1998-10-01,1999-09-30,333.9858353932723,1053.793072207931,2.992333417698979,,,,,True,training_population,64.800003,-18.58,RGI60-06.00234,6,1223.0,264.536,4.9,117.0,0.1
3088,HOFSJOEKULL E,2000,-0.97,1999-10-01,2000-09-30,368.7170953114856,899.9220398245066,2.928361711640312,,,,,True,training_population,64.800003,-18.58,RGI60-06.00234,6,1223.0,264.536,4.9,117.0,0.1
3088,HOFSJOEKULL E,2001,-1.56,2000-10-01,2001-09-30,258.2569039662704,702.7012665677113,1.8763465314671848,,,,,True,training_population,64.800003,-18.58,RGI60-06.00234,6,1223.0,264.536,4.9,117.0,0.1
3088,HOFSJOEKULL E,2002,-0.74,2001-10-01,2002-09-30,330.45078239441256,1094.5272679357354,2.6432984172434306,,,,,True,training_population,64.800003,-18.58,RGI60-06.00234,6,1223.0,264.536,4.9,117.0,0.1
3088,HOFSJOEKULL E,2003,-1.31,2002-10-01,2003-09-30,445.5917705535917,977.145286985632,3.916372125045136,,,,,True,training_population,64.800003,-18.58,RGI60-06.00234,6,1223.0,264.536,4.9,117.0,0.1
3088,HOFSJOEKULL E,2004,-1.62,2003-10-01,2004-09-30,422.01639200846654,925.8459642337408,3.6235864459604654,,,,,True,training_population,64.800003,-18.58,RGI60-06.00234,6,1223.0,264.536,4.9,117.0,0.1
3088,HOFSJOEKULL E,2005,-0.02,2004-10-01,2005-09-30,314.6534318288191,960.9686640030724,2.910913079026838,,,,,True,training_population,64.800003,-18.58,RGI60-06.00234,6,1223.0,264.536,4.9,117.0,0.1
3088,HOFSJOEKULL E,2006,-0.49,2005-10-01,2006-09-30,368.5257918039989,948.2934306136528,3.112122306270899,,,,,True,training_population,64.800003,-18.58,RGI60-06.00234,6,1223.0,264.536,4.9,117.0,0.1
3088,HOFSJOEKULL E,2007,-0.87,2006-10-01,2007-09-30,371.7452448527041,1016.7888154269384,3.4073448996613167,,,,,True,training_population,64.800003,-18.58,RGI60-06.00234,6,1223.0,264.536,4.9,117.0,0.1
3088,HOFSJOEKULL E,2008,-0.79,2007-10-01,2008-09-30,371.49003804525057,1190.617211592251,3.011349158356178,,,,,True,training_population,64.800003,-18.58,RGI60-06.00234,6,1223.0,264.536,4.9,117.0,0.1
3088,HOFSJOEKULL E,2009,-0.17,2008-10-01,2009-09-30,311.67686742147094,1061.0445519002028,2.926218812362032,,,,,True,training_population,64.800003,-18.58,RGI60-06.00234,6,1223.0,264.536,4.9,117.0,0.1
3088,HOFSJOEKULL E,2010,-2.83,2009-10-01,2010-09-30,455.8351603190136,619.9224239824409,3.7350680088651584,,,,,True,training_population,64.800003,-18.58,RGI60-06.00234,6,1223.0,264.536,4.9,117.0,0.1
3088,HOFSJOEKULL E,2011,-0.33,2010-10-06,2011-09-27,253.03931821187587,976.6914077792386,1.8424584540768176,,,,,False,training_population,64.800003,-18.58,RGI60-06.00234,6,1223.0,264.536,4.9,117.0,0.1
3088,HOFSJOEKULL E,2012,-0.41,2011-09-27,2012-09-20,374.87469673157,1144.9195957140078,3.3200395888176737,,,,,False,training_population,64.800003,-18.58,RGI60-06.00234,6,1223.0,264.536,4.9,117.0,0.1
3088,HOFSJOEKULL E,2013,-0.44,2012-09-20,2013-10-08,298.8877902984643,885.7634423919762,2.9008840049522733,,,,,False,training_population,64.800003,-18.58,RGI60-06.00234,6,1223.0,264.536,4.9,117.0,0.1
3088,HOFSJOEKULL E,2014,-0.99,2013-10-08,2014-10-09,368.6450192769401,837.8385769937466,3.286865806579616,,,,,False,training_population,64.800003,-18.58,RGI60-06.00234,6,1223.0,264.536,4.9,117.0,0.1
3088,HOFSJOEKULL E,2015,0.85,2014-10-09,2015-10-08,251.4640057881697,1157.9425120927026,1.6880067659461202,,,,,False,training_population,64.800003,-18.58,RGI60-06.00234,6,1223.0,264.536,4.9,117.0,0.1
3088,HOFSJOEKULL E,2016,-1.33,2015-10-08,2016-10-17,395.399993515018,777.7139859593625,3.5873532834260624,,,,,False,training_population,64.800003,-18.58,RGI60-06.00234,6,1223.0,264.536,4.9,117.0,0.1
3088,HOFSJOEKULL E,2017,-0.65,2016-10-17,2017-10-03,366.9698879241975,1140.79440006174,2.7611040986102777,,,,,False,training_population,64.800003,-18.58,RGI60-06.00234,6,1223.0,264.536,4.9,117.0,0.1
3088,HOFSJOEKULL E,2018,0.34,2017-10-03,2018-10-08,282.07801322937274,1062.6947347298526,2.6268248406009618,,,,,False,training_population,64.800003,-18.58,RGI60-06.00234,6,1223.0,264.536,4.9,117.0,0.1
3088,HOFSJOEKULL E,2019,-1.57,2018-10-09,2019-11-06,424.9537286122671,906.6873057087043,3.09396854207138,,,,,False,training_population,64.800003,-18.58,RGI60-06.00234,6,1223.0,264.536,4.9,117.0,0.1
3088,HOFSJOEKULL E,2020,-0.68,2019-11-06,2020-10-10,336.4384587605818,1029.3893086413027,3.2265246280725663,,,,,False,training_population,64.800003,-18.58,RGI60-06.00234,6,1223.0,264.536,4.9,117.0,0.1
3088,HOFSJOEKULL E,2021,-0.8,2020-10-10,2021-10-20,474.41487147013567,961.0105687721102,4.211189365386984,,,,,False,training_population,64.800003,-18.58,RGI60-06.00234,6,1223.0,264.536,4.9,117.0,0.1
3088,HOFSJOEKULL E,2022,-0.19,2021-10-20,2022-10-17,324.74556427002256,1215.6031869002852,2.4684510355410607,,,,,False,training_population,64.800003,-18.58,RGI60-06.00234,6,1223.0,264.536,4.9,117.0,0.1
3088,HOFSJOEKULL E,2023,-1.21,2022-10-17,2023-10-24,398.6138570149768,927.0774662771402,3.6697955946991625,,,,,False,training_population,64.800003,-18.58,RGI60-06.00234,6,1223.0,264.536,4.9,117.0,0.1
3088,HOFSJOEKULL E,2024,-0.58,2023-10-24,2024-11-05,300.9714459737167,883.3148663440937,2.4187432772871613,,,,,False,training_population,64.800003,-18.58,RGI60-06.00234,6,1223.0,264.536,4.9,117.0,0.1
3088,HOFSJOEKULL E,2025,-1.86,2024-10-01,2025-09-30,485.6888434092238,1041.7222942825963,3.66114458692249,,,,,True,training_population,64.800003,-18.58,RGI60-06.00234,6,1223.0,264.536,4.9,117.0,0.1
3089,HOFSJOEKULL N,1988,-0.74,1987-09-01,1988-09-30,567.0993888855007,348.0773255705998,5.192021962870745,,,,,False,training_population,64.919998,-18.83,RGI60-06.00238,6,1295.0,157.818,5.5,324.0,0.1
3089,HOFSJOEKULL N,1989,0.58,1988-09-30,1989-09-20,383.8662202199327,964.1640154622344,3.661144801153676,,,,,False,training_population,64.919998,-18.83,RGI60-06.00238,6,1295.0,157.818,5.5,324.0,0.1
3089,HOFSJOEKULL N,1990,-0.6,1989-09-20,1990-09-14,587.4163618723578,741.0174110675456,5.520391573422218,,,,,False,training_population,64.919998,-18.83,RGI60-06.00238,6,1295.0,157.818,5.5,324.0,0.1
3089,HOFSJOEKULL N,1991,-1.41,1990-10-01,1991-09-30,670.7174725850455,893.3141253229273,5.981435511768751,,,,,True,training_population,64.919998,-18.83,RGI60-06.00238,6,1295.0,157.818,5.5,324.0,0.1
3089,HOFSJOEKULL N,1992,1.06,1991-10-01,1992-09-30,421.8596502939888,1068.966709093967,3.539345014268095,,,,,True,training_population,64.919998,-18.83,RGI60-06.00238,6,1295.0,157.818,5.5,324.0,0.1
3089,HOFSJOEKULL N,1993,0.91,1992-10-01,1993-09-30,425.0749293009473,846.2751229942036,2.8658187962960766,,,,,True,training_population,64.919998,-18.83,RGI60-06.00238,6,1295.0,157.818,5.5,324.0,0.1
3089,HOFSJOEKULL N,1994,0.08,1993-10-01,1994-09-30,559.9371154785185,691.1841452449607,4.9420721344326095,,,,,True,training_population,64.919998,-18.83,RGI60-06.00238,6,1295.0,157.818,5.5,324.0,0.1
3089,HOFSJOEKULL N,1995,-0.68,1994-10-01,1995-09-30,568.1801616668727,815.9980684767519,5.114636039733909,,,,,True,training_population,64.919998,-18.83,RGI60-06.00238,6,1295.0,157.818,5.5,324.0,0.1
3089,HOFSJOEKULL N,1996,-0.78,1995-07-02,1996-07-01,562.8886684417752,695.822640241353,4.961349568850773,,,,,False,training_population,64.919998,-18.83,RGI60-06.00238,6,1295.0,157.818,5.5,324.0,0.1
3089,HOFSJOEKULL N,1997,-1.05,1996-07-01,1997-07-02,634.9922789255811,735.9613757805832,4.545793097746308,,,,,False,training_population,64.919998,-18.83,RGI60-06.00238,6,1295.0,157.818,5.5,324.0,0.1
3089,HOFSJOEKULL N,1998,-0.68,1997-10-01,1998-09-30,557.7056968688996,631.0262424251612,4.811551866669609,,,,,True,training_population,64.919998,-18.83,RGI60-06.00238,6,1295.0,157.818,5.5,324.0,0.1
3089,HOFSJOEKULL N,1999,-0.25,1998-10-01,1999-09-30,581.3904933929473,823.1310275113124,5.219352354519634,,,,,True,training_population,64.919998,-18.83,RGI60-06.00238,6,1295.0,157.818,5.5,324.0,0.1
3089,HOFSJOEKULL N,2000,-1.34,1999-10-01,2000-09-30,683.1405183156364,694.556599975126,5.775422647725003,,,,,True,training_population,64.919998,-18.83,RGI60-06.00238,6,1295.0,157.818,5.5,324.0,0.1
3089,HOFSJOEKULL N,2001,-0.58,2000-10-01,2001-09-30,526.4821990966825,547.236932110966,4.294551460984848,,,,,True,training_population,64.919998,-18.83,RGI60-06.00238,6,1295.0,157.818,5.5,324.0,0.1
3089,HOFSJOEKULL N,2002,-1.0,2001-10-01,2002-09-30,657.182350794478,751.2762040421244,5.217185454437721,,,,,True,training_population,64.919998,-18.83,RGI60-06.00238,6,1295.0,157.818,5.5,324.0,0.1
3089,HOFSJOEKULL N,2003,-0.98,2002-10-01,2003-09-30,799.5058725992876,715.1235037202674,6.8196632468182345,,,,,True,training_population,64.919998,-18.83,RGI60-06.00238,6,1295.0,157.818,5.5,324.0,0.1
3089,HOFSJOEKULL N,2004,-1.36,2003-10-01,2004-09-30,795.3351003011111,650.1488916108506,6.59558988515884,,,,,True,training_population,64.919998,-18.83,RGI60-06.00238,6,1295.0,157.818,5.5,324.0,0.1
3089,HOFSJOEKULL N,2005,-0.43,2004-10-01,2005-09-30,602.9933073679638,762.1193684207412,5.4896015485128,,,,,True,training_population,64.919998,-18.83,RGI60-06.00238,6,1295.0,157.818,5.5,324.0,0.1
3089,HOFSJOEKULL N,2006,-0.51,2005-10-01,2006-09-30,660.4744225819941,637.8446320046152,5.397266172326153,,,,,True,training_population,64.919998,-18.83,RGI60-06.00238,6,1295.0,157.818,5.5,324.0,0.1
3089,HOFSJOEKULL N,2007,-0.39,2006-10-01,2007-09-30,696.3649475097691,683.2654553950342,6.224625986900905,,,,,True,training_population,64.919998,-18.83,RGI60-06.00238,6,1295.0,157.818,5.5,324.0,0.1
3089,HOFSJOEKULL N,2008,-0.57,2007-10-01,2008-09-30,743.5154294331903,760.4531898447498,6.004236351234347,,,,,True,training_population,64.919998,-18.83,RGI60-06.00238,6,1295.0,157.818,5.5,324.0,0.1
3089,HOFSJOEKULL N,2009,-0.35,2008-10-01,2009-09-30,601.5853785196972,782.8491671578738,5.396028524205327,,,,,True,training_population,64.919998,-18.83,RGI60-06.00238,6,1295.0,157.818,5.5,324.0,0.1
3089,HOFSJOEKULL N,2010,-2.4,2009-10-01,2010-09-30,819.222265879317,503.1594359320941,6.6704432777736775,,,,,True,training_population,64.919998,-18.83,RGI60-06.00238,6,1295.0,157.818,5.5,324.0,0.1
3089,HOFSJOEKULL N,2011,-0.32,2010-10-07,2011-09-28,539.1600260416697,699.2871062553689,4.351008683356707,,,,,False,training_population,64.919998,-18.83,RGI60-06.00238,6,1295.0,157.818,5.5,324.0,0.1
3089,HOFSJOEKULL N,2012,-0.46,2011-09-28,2012-09-18,678.483055114749,897.9043447771318,6.163589676566769,,,,,False,training_population,64.919998,-18.83,RGI60-06.00238,6,1295.0,157.818,5.5,324.0,0.1
3089,HOFSJOEKULL N,2013,-0.36,2012-09-18,2013-10-09,573.3299592336048,703.6662092763386,5.476101431639319,,,,,False,training_population,64.919998,-18.83,RGI60-06.00238,6,1295.0,157.818,5.5,324.0,0.1
3089,HOFSJOEKULL N,2014,-0.95,2013-10-09,2014-10-08,710.8454531351757,687.973484553865,6.181066228341387,,,,,False,training_population,64.919998,-18.83,RGI60-06.00238,6,1295.0,157.818,5.5,324.0,0.1
3089,HOFSJOEKULL N,2015,0.43,2014-10-08,2015-10-09,509.36739857991824,853.9802608435458,3.926458737470123,,,,,False,training_population,64.919998,-18.83,RGI60-06.00238,6,1295.0,157.818,5.5,324.0,0.1
3089,HOFSJOEKULL N,2016,-1.13,2015-10-09,2016-10-18,761.9723697662386,565.5326429221716,6.542819733550605,,,,,False,training_population,64.919998,-18.83,RGI60-06.00238,6,1295.0,157.818,5.5,324.0,0.1
3089,HOFSJOEKULL N,2017,-0.61,2016-10-18,2017-10-04,729.1648885091184,825.1276695836509,5.290406281015168,,,,,False,training_population,64.919998,-18.83,RGI60-06.00238,6,1295.0,157.818,5.5,324.0,0.1
3089,HOFSJOEKULL N,2018,0.24,2017-10-04,2018-10-09,565.6554461161327,772.5532167077026,5.0572146871815775,,,,,False,training_population,64.919998,-18.83,RGI60-06.00238,6,1295.0,157.818,5.5,324.0,0.1
3089,HOFSJOEKULL N,2019,-1.32,2018-10-09,2019-11-05,792.0963687896768,683.1816109424977,5.912969228495747,,,,,False,training_population,64.919998,-18.83,RGI60-06.00238,6,1295.0,157.818,5.5,324.0,0.1
3089,HOFSJOEKULL N,2020,-0.39,2019-11-05,2020-10-09,631.3093043009469,713.9037322341117,5.801518259186695,,,,,False,training_population,64.919998,-18.83,RGI60-06.00238,6,1295.0,157.818,5.5,324.0,0.1
3089,HOFSJOEKULL N,2021,-1.41,2020-10-09,2021-10-21,800.0589210510282,782.0987740679861,7.091310126539611,,,,,False,training_population,64.919998,-18.83,RGI60-06.00238,6,1295.0,157.818,5.5,324.0,0.1
3089,HOFSJOEKULL N,2022,0.28,2021-10-21,2022-10-18,625.2024480183954,879.1545576513969,4.615119400577292,,,,,False,training_population,64.919998,-18.83,RGI60-06.00238,6,1295.0,157.818,5.5,324.0,0.1
3089,HOFSJOEKULL N,2023,-1.07,2022-10-18,2023-10-24,749.2832775116003,625.898208760784,6.5759217552517,,,,,False,training_population,64.919998,-18.83,RGI60-06.00238,6,1295.0,157.818,5.5,324.0,0.1
3089,HOFSJOEKULL N,2024,-0.73,2023-10-24,2024-11-05,551.8414750417104,705.7416808426674,4.676404516247762,,,,,False,training_population,64.919998,-18.83,RGI60-06.00238,6,1295.0,157.818,5.5,324.0,0.1
3089,HOFSJOEKULL N,2025,-1.96,2024-10-01,2025-09-30,873.5885944366489,755.2661520593738,6.65366203059323,,,,,True,training_population,64.919998,-18.83,RGI60-06.00238,6,1295.0,157.818,5.5,324.0,0.1
3090,HOFSJOEKULL SW,1990,-0.68,1989-10-01,1990-09-30,298.1434071858749,664.9712680256208,3.00805716445483,,,,,True,training_population,64.720001,-19.049999,RGI60-06.00236,6,1308.0,68.11,8.0,239.0,0.1
3090,HOFSJOEKULL SW,1991,-1.49,1990-10-01,1991-09-30,404.22303326924913,1136.3641305223027,3.4508117855459246,,,,,True,training_population,64.720001,-19.049999,RGI60-06.00236,6,1308.0,68.11,8.0,239.0,0.1
3090,HOFSJOEKULL SW,1992,1.19,1991-10-01,1992-09-30,217.91548550923915,1432.7180515305572,1.628803092845994,,,,,True,training_population,64.720001,-19.049999,RGI60-06.00236,6,1308.0,68.11,8.0,239.0,0.1
3090,HOFSJOEKULL SW,1993,0.13,1992-10-01,1993-09-30,222.1155316670758,1156.2679060106689,1.2344260271044958,,,,,True,training_population,64.720001,-19.049999,RGI60-06.00236,6,1308.0,68.11,8.0,239.0,0.1
3090,HOFSJOEKULL SW,1994,-0.74,1993-10-01,1994-09-30,307.5916975657168,957.300076258896,2.6561949619348737,,,,,True,training_population,64.720001,-19.049999,RGI60-06.00236,6,1308.0,68.11,8.0,239.0,0.1
3090,HOFSJOEKULL SW,1995,-1.17,1994-10-01,1995-09-30,319.9782731374127,1015.2752365852074,2.8932960261469503,,,,,True,training_population,64.720001,-19.049999,RGI60-06.00236,6,1308.0,68.11,8.0,239.0,0.1
3090,HOFSJOEKULL SW,1996,-1.23,1995-07-02,1996-07-01,310.27764307658094,898.8554957516008,2.6776643545731456,,,,,False,training_population,64.720001,-19.049999,RGI60-06.00236,6,1308.0,68.11,8.0,239.0,0.1
3090,HOFSJOEKULL SW,1997,-1.42,1996-07-01,1997-07-02,357.6670993804958,947.9171394488689,2.334884167393916,,,,,False,training_population,64.720001,-19.049999,RGI60-06.00236,6,1308.0,68.11,8.0,239.0,0.1
3090,HOFSJOEKULL SW,1998,-1.59,1997-10-01,1998-09-30,309.4087100982691,803.521730845631,2.5159028771994985,,,,,True,training_population,64.720001,-19.049999,RGI60-06.00236,6,1308.0,68.11,8.0,239.0,0.1
3090,HOFSJOEKULL SW,1999,-1.09,1998-10-01,1999-09-30,342.3814754486108,1066.189506157208,3.0795137350110258,,,,,True,training_population,64.720001,-19.049999,RGI60-06.00236,6,1308.0,68.11,8.0,239.0,0.1
3090,HOFSJOEKULL SW,2000,-1.75,1999-10-01,2000-09-30,390.2155103047716,917.1301762903036,3.1314760968305286,,,,,True,training_population,64.720001,-19.049999,RGI60-06.00236,6,1308.0,68.11,8.0,239.0,0.1
3090,HOFSJOEKULL SW,2001,-1.89,2000-10-01,2001-09-30,269.75039952596285,691.2264396357806,1.9847679677217136,,,,,True,training_population,64.720001,-19.049999,RGI60-06.00236,6,1308.0,68.11,8.0,239.0,0.1
3090,HOFSJOEKULL SW,2002,-0.64,2001-10-01,2002-09-30,349.97469406128226,1106.581548068949,2.837012503803664,,,,,True,training_population,64.720001,-19.049999,RGI60-06.00236,6,1308.0,68.11,8.0,239.0,0.1
3090,HOFSJOEKULL SW,2003,-1.17,2002-10-01,2003-09-30,466.7823387146027,987.6823331797768,4.144341971908816,,,,,True,training_population,64.720001,-19.049999,RGI60-06.00236,6,1308.0,68.11,8.0,239.0,0.1
3090,HOFSJOEKULL SW,2004,-1.5,2003-10-01,2004-09-30,432.8583718617788,957.4096417988648,3.71771680997768,,,,,True,training_population,64.720001,-19.049999,RGI60-06.00236,6,1308.0,68.11,8.0,239.0,0.1
3090,HOFSJOEKULL SW,2005,-0.58,2004-10-01,2005-09-30,338.5723723093696,944.3600742670776,3.1444008578425096,,,,,True,training_population,64.720001,-19.049999,RGI60-06.00236,6,1308.0,68.11,8.0,239.0,0.1
3090,HOFSJOEKULL SW,2006,-0.61,2005-10-01,2006-09-30,380.3765111287464,971.6392586703292,3.201382241732854,,,,,True,training_population,64.720001,-19.049999,RGI60-06.00236,6,1308.0,68.11,8.0,239.0,0.1
3090,HOFSJOEKULL SW,2007,-0.86,2006-10-01,2007-09-30,391.52119839986455,952.5756507929408,3.5581592324851443,,,,,True,training_population,64.720001,-19.049999,RGI60-06.00236,6,1308.0,68.11,8.0,239.0,0.1
3090,HOFSJOEKULL SW,2008,-0.93,2007-10-01,2008-09-30,397.2286506652865,1194.673277638156,3.275844565681813,,,,,True,training_population,64.720001,-19.049999,RGI60-06.00236,6,1308.0,68.11,8.0,239.0,0.1
3090,HOFSJOEKULL SW,2009,-0.35,2008-10-01,2009-09-30,320.92782160441294,1096.2647515738909,3.009048826798166,,,,,True,training_population,64.720001,-19.049999,RGI60-06.00236,6,1308.0,68.11,8.0,239.0,0.1
3090,HOFSJOEKULL SW,2010,-3.49,2009-10-01,2010-09-30,481.9751466115345,636.8193334577725,3.962566381260991,,,,,True,training_population,64.720001,-19.049999,RGI60-06.00236,6,1308.0,68.11,8.0,239.0,0.1
3090,HOFSJOEKULL SW,2011,-0.28,2010-10-07,2011-09-28,276.5795071919782,976.965157855048,2.125904835134333,,,,,False,training_population,64.720001,-19.049999,RGI60-06.00236,6,1308.0,68.11,8.0,239.0,0.1
3090,HOFSJOEKULL SW,2012,0.04,2011-09-28,2012-09-19,394.8354464213076,1177.8373255346182,3.536928458835788,,,,,False,training_population,64.720001,-19.049999,RGI60-06.00236,6,1308.0,68.11,8.0,239.0,0.1
3090,HOFSJOEKULL SW,2013,0.06,2012-09-19,2013-10-09,320.50366007487224,955.2713782929168,3.1323213563449364,,,,,False,training_population,64.720001,-19.049999,RGI60-06.00236,6,1308.0,68.11,8.0,239.0,0.1
3090,HOFSJOEKULL SW,2014,-0.99,2013-10-09,2014-10-10,408.6097524007192,795.041348288958,3.636449529122639,,,,,False,training_population,64.720001,-19.049999,RGI60-06.00236,6,1308.0,68.11,8.0,239.0,0.1
3090,HOFSJOEKULL SW,2015,1.38,2014-10-08,2015-10-08,276.404177856448,1219.2738580833334,1.9287683431653224,,,,,False,training_population,64.720001,-19.049999,RGI60-06.00236,6,1308.0,68.11,8.0,239.0,0.1
3090,HOFSJOEKULL SW,2016,-0.44,2015-10-08,2016-10-16,428.3234863281282,775.2267304006785,3.8583263784215314,,,,,False,training_population,64.720001,-19.049999,RGI60-06.00236,6,1308.0,68.11,8.0,239.0,0.1
3090,HOFSJOEKULL SW,2017,0.34,2016-10-16,2017-10-05,392.8999090830523,1174.9865319815208,2.9793507797130885,,,,,False,training_population,64.720001,-19.049999,RGI60-06.00236,6,1308.0,68.11,8.0,239.0,0.1
3090,HOFSJOEKULL SW,2018,0.85,2017-10-05,2018-10-09,296.21553115845,1055.2675707517024,2.764237976074244,,,,,False,training_population,64.720001,-19.049999,RGI60-06.00236,6,1308.0,68.11,8.0,239.0,0.1
3090,HOFSJOEKULL SW,2019,-0.92,2018-10-08,2019-11-05,456.0527802785268,896.8378210595417,3.4009488409844235,,,,,False,training_population,64.720001,-19.049999,RGI60-06.00236,6,1308.0,68.11,8.0,239.0,0.1
3090,HOFSJOEKULL SW,2020,-0.08,2019-11-05,2020-10-09,351.4405657450381,1022.8483515480526,3.375603439496931,,,,,False,training_population,64.720001,-19.049999,RGI60-06.00236,6,1308.0,68.11,8.0,239.0,0.1
3090,HOFSJOEKULL SW,2021,-0.48,2020-10-09,2021-10-21,501.36766827901465,966.2345896909984,4.46124332400338,,,,,False,training_population,64.720001,-19.049999,RGI60-06.00236,6,1308.0,68.11,8.0,239.0,0.1
3090,HOFSJOEKULL SW,2022,0.46,2021-10-21,2022-10-17,348.00843416850057,1200.2072326491486,2.562948495063252,,,,,False,training_population,64.720001,-19.049999,RGI60-06.00236,6,1308.0,68.11,8.0,239.0,0.1
3090,HOFSJOEKULL SW,2023,-0.69,2022-10-17,2023-10-25,426.0128044128449,886.1717954555921,3.9056239390719,,,,,False,training_population,64.720001,-19.049999,RGI60-06.00236,6,1308.0,68.11,8.0,239.0,0.1
3090,HOFSJOEKULL SW,2024,0.03,2023-10-25,2024-11-05,312.28872591654687,880.182639280843,2.491409611356453,,,,,False,training_population,64.720001,-19.049999,RGI60-06.00236,6,1308.0,68.11,8.0,239.0,0.1
3090,HOFSJOEKULL SW,2025,-1.53,2024-10-01,2025-09-30,516.2034104665155,1035.3475208994105,3.9356241074161487,,,,,True,training_population,64.720001,-19.049999,RGI60-06.00236,6,1308.0,68.11,8.0,239.0,0.1
3096,KOLDUKVISLARJ.,1992,0.98,1991-10-01,1992-09-30,261.4124950408959,1008.4201633540883,1.942973156251792,,,,,True,training_population,64.580002,-17.83,RGI60-06.00424,6,1400.0,319.463,4.5,280.0,0.1
3096,KOLDUKVISLARJ.,1995,-0.59,1994-10-01,1995-09-30,387.09759928385694,1147.3773431154336,3.3673109717991263,,,,,True,training_population,64.580002,-17.83,RGI60-06.00424,6,1400.0,319.463,4.5,280.0,0.1
3096,KOLDUKVISLARJ.,1996,-0.63,1995-07-02,1996-07-01,375.0500921885197,1004.4303471620956,3.1898625401483294,,,,,False,training_population,64.580002,-17.83,RGI60-06.00424,6,1400.0,319.463,4.5,280.0,0.1
3096,KOLDUKVISLARJ.,1997,-0.117,1996-07-01,1997-07-02,435.98606338501264,1023.4180139796152,2.8987425242755647,,,,,False,training_population,64.580002,-17.83,RGI60-06.00424,6,1400.0,319.463,4.5,280.0,0.1
3096,KOLDUKVISLARJ.,1998,-0.98,1997-10-01,1998-09-30,377.0078174591092,885.0596987636513,2.978682931264264,,,,,True,training_population,64.580002,-17.83,RGI60-06.00424,6,1400.0,319.463,4.5,280.0,0.1
3096,KOLDUKVISLARJ.,1999,-0.54,1998-10-01,1999-09-30,404.7301165262882,1144.193184260832,3.5423450939897414,,,,,True,training_population,64.580002,-17.83,RGI60-06.00424,6,1400.0,319.463,4.5,280.0,0.1
3096,KOLDUKVISLARJ.,2000,-0.73,1999-10-01,2000-09-30,466.161762619021,1003.9607551873572,3.6690772913504537,,,,,True,training_population,64.580002,-17.83,RGI60-06.00424,6,1400.0,319.463,4.5,280.0,0.1
3096,KOLDUKVISLARJ.,2001,-0.818,2000-10-01,2001-09-30,359.1599325815862,811.7646942278576,2.6905997442162763,,,,,True,training_population,64.580002,-17.83,RGI60-06.00424,6,1400.0,319.463,4.5,280.0,0.1
3096,KOLDUKVISLARJ.,2002,-0.227,2001-10-01,2002-09-30,454.8286510467563,1153.77033679556,3.56617474763292,,,,,True,training_population,64.580002,-17.83,RGI60-06.00424,6,1400.0,319.463,4.5,280.0,0.1
3096,KOLDUKVISLARJ.,2003,-1.075,2002-10-01,2003-09-30,560.113727060957,1119.444405627494,4.751211876800118,,,,,True,training_population,64.580002,-17.83,RGI60-06.00424,6,1400.0,319.463,4.5,280.0,0.1
3096,KOLDUKVISLARJ.,2004,-0.776,2003-10-01,2004-09-30,533.2560966491735,917.029396100304,4.519410933618985,,,,,True,training_population,64.580002,-17.83,RGI60-06.00424,6,1400.0,319.463,4.5,280.0,0.1
3096,KOLDUKVISLARJ.,2005,-0.627,2004-10-01,2005-09-30,409.5201023101832,1043.9904187583834,3.8561866580576334,,,,,True,training_population,64.580002,-17.83,RGI60-06.00424,6,1400.0,319.463,4.5,280.0,0.1
3096,KOLDUKVISLARJ.,2006,-0.402,2005-10-01,2006-09-30,456.32854105631833,1028.684164537136,3.706704684271352,,,,,True,training_population,64.580002,-17.83,RGI60-06.00424,6,1400.0,319.463,4.5,280.0,0.1
3096,KOLDUKVISLARJ.,2007,-0.342,2006-10-01,2007-09-30,459.3427281697623,1067.7282623759334,4.095018274887773,,,,,True,training_population,64.580002,-17.83,RGI60-06.00424,6,1400.0,319.463,4.5,280.0,0.1
3096,KOLDUKVISLARJ.,2008,-0.587,2007-10-01,2008-09-30,492.3322381337516,1254.3763260047565,3.927756646750653,,,,,True,training_population,64.580002,-17.83,RGI60-06.00424,6,1400.0,319.463,4.5,280.0,0.1
3096,KOLDUKVISLARJ.,2009,-0.134,2008-10-01,2009-09-30,386.15910415649694,1099.6936915137817,3.565583303700344,,,,,True,training_population,64.580002,-17.83,RGI60-06.00424,6,1400.0,319.463,4.5,280.0,0.1
3096,KOLDUKVISLARJ.,2010,-2.87,2009-10-01,2010-09-30,586.3508524576855,746.3297194479103,4.791018671229287,,,,,True,training_population,64.580002,-17.83,RGI60-06.00424,6,1400.0,319.463,4.5,280.0,0.1
3096,KOLDUKVISLARJ.,2011,-0.754,2010-10-01,2011-09-30,348.3016129811636,1113.628093673579,2.3347167194753715,,,,,True,training_population,64.580002,-17.83,RGI60-06.00424,6,1400.0,319.463,4.5,280.0,0.1
3096,KOLDUKVISLARJ.,2012,-0.289,2011-10-01,2012-09-30,451.8711148579945,1257.3227100070526,4.047545037753364,,,,,True,training_population,64.580002,-17.83,RGI60-06.00424,6,1400.0,319.463,4.5,280.0,0.1
3096,KOLDUKVISLARJ.,2013,-0.56,2012-10-01,2013-09-30,361.1792602539087,922.909721086949,3.606043510160607,,,,,True,training_population,64.580002,-17.83,RGI60-06.00424,6,1400.0,319.463,4.5,280.0,0.1
3096,KOLDUKVISLARJ.,2014,-0.877,2013-10-01,2014-09-30,468.6018657684357,968.2586221955168,4.048140503703707,,,,,True,training_population,64.580002,-17.83,RGI60-06.00424,6,1400.0,319.463,4.5,280.0,0.1
3096,KOLDUKVISLARJ.,2015,1.074,2014-10-01,2015-09-30,296.1225121816025,1300.8034706082617,1.9178598569787288,,,,,True,training_population,64.580002,-17.83,RGI60-06.00424,6,1400.0,319.463,4.5,280.0,0.1
3096,KOLDUKVISLARJ.,2016,-0.642,2015-10-01,2016-09-30,473.4719084421823,901.4643610391744,4.41830536109816,,,,,True,training_population,64.580002,-17.83,RGI60-06.00424,6,1400.0,319.463,4.5,280.0,0.1
3096,KOLDUKVISLARJ.,2017,-0.041,2016-10-01,2017-09-30,505.6259493509969,1246.931246084163,3.353947416941349,,,,,True,training_population,64.580002,-17.83,RGI60-06.00424,6,1400.0,319.463,4.5,280.0,0.1
3096,KOLDUKVISLARJ.,2018,0.323,2017-10-01,2018-09-30,385.0513387044301,1152.0587328581796,3.4130293030669936,,,,,True,training_population,64.580002,-17.83,RGI60-06.00424,6,1400.0,319.463,4.5,280.0,0.1
3096,KOLDUKVISLARJ.,2019,-1.507,2018-10-01,2019-09-30,528.3348934173621,1007.5712670831188,3.94904631324439,,,,,True,training_population,64.580002,-17.83,RGI60-06.00424,6,1400.0,319.463,4.5,280.0,0.1
3096,KOLDUKVISLARJ.,2020,-0.151,2019-10-01,2020-09-30,507.00577659607234,1095.5625901251478,4.679968072366046,,,,,True,training_population,64.580002,-17.83,RGI60-06.00424,6,1400.0,319.463,4.5,280.0,0.1
3096,KOLDUKVISLARJ.,2021,-1.322,2020-10-01,2021-09-30,646.1766726175972,983.3255651761768,5.758888782280103,,,,,True,training_population,64.580002,-17.83,RGI60-06.00424,6,1400.0,319.463,4.5,280.0,0.1
3096,KOLDUKVISLARJ.,2022,0.386,2021-10-01,2022-09-30,492.5560948689816,1218.1013379947922,3.657721939639792,,,,,True,training_population,64.580002,-17.83,RGI60-06.00424,6,1400.0,319.463,4.5,280.0,0.1
3096,KOLDUKVISLARJ.,2023,-0.74,2022-10-01,2023-09-30,603.1357891082799,936.2102449184242,5.397424883082316,,,,,True,training_population,64.580002,-17.83,RGI60-06.00424,6,1400.0,319.463,4.5,280.0,0.1
3096,KOLDUKVISLARJ.,2024,-0.08,2023-10-01,2024-09-30,443.3946222941108,818.2793913851931,3.648216004302557,,,,,True,training_population,64.580002,-17.83,RGI60-06.00424,6,1400.0,319.463,4.5,280.0,0.1
3096,KOLDUKVISLARJ.,2025,-0.908,2024-10-01,2025-09-30,696.5742389678992,1017.6123066589788,5.342944434069231,,,,,True,training_population,64.580002,-17.83,RGI60-06.00424,6,1400.0,319.463,4.5,280.0,0.1
3295,SHOLES,1990,-0.32,1989-10-01,1990-09-30,1773.3184974670453,1061.8318189575434,12.464925654038163,,,,,True,training_population,48.8139,-121.770103,RGI60-02.18774,2,1826.0,1.189,19.0,7.0,0.1
3295,SHOLES,1991,0.48,1990-10-01,1991-09-30,1632.3340038299616,1830.5161664015727,11.047889528412776,,,,,True,training_population,48.8139,-121.770103,RGI60-02.18774,2,1826.0,1.189,19.0,7.0,0.1
3295,SHOLES,1992,-1.88,1991-10-01,1992-09-30,2029.181335194912,1192.9893282545654,13.254217954995,,,,,True,training_population,48.8139,-121.770103,RGI60-02.18774,2,1826.0,1.189,19.0,7.0,0.1
3295,SHOLES,1993,-0.96,1992-10-01,1993-09-30,1724.9107936859186,1002.6238098271066,10.041071959509388,,,,,True,training_population,48.8139,-121.770103,RGI60-02.18774,2,1826.0,1.189,19.0,7.0,0.1
3295,SHOLES,1994,-0.88,1993-10-01,1994-09-30,1966.462101745612,1297.3515128767444,11.866752097917669,,,,,True,training_population,48.8139,-121.770103,RGI60-02.18774,2,1826.0,1.189,19.0,7.0,0.1
3295,SHOLES,1995,-0.25,1994-10-01,1995-09-30,1749.461430613205,1683.751376729003,10.565265674867517,,,,,True,training_population,48.8139,-121.770103,RGI60-02.18774,2,1826.0,1.189,19.0,7.0,0.1
3295,SHOLES,1996,0.06,1995-10-01,1996-09-30,1564.4258850097706,1605.6752017137724,11.538077567280228,,,,,True,training_population,48.8139,-121.770103,RGI60-02.18774,2,1826.0,1.189,19.0,7.0,0.1
3295,SHOLES,1997,0.42,1996-10-01,1997-09-30,1670.9392617543588,2042.05185012448,10.987149499810284,,,,,True,training_population,48.8139,-121.770103,RGI60-02.18774,2,1826.0,1.189,19.0,7.0,0.1
3295,SHOLES,1998,-1.56,1997-10-01,1998-09-30,1928.4588672637992,1360.4510794738865,12.971329521787364,,,,,True,training_population,48.8139,-121.770103,RGI60-02.18774,2,1826.0,1.189,19.0,7.0,0.1
3295,SHOLES,1999,1.76,1998-10-01,1999-09-30,1488.1303100585983,2269.291531561414,10.08080520353458,,,,,True,training_population,48.8139,-121.770103,RGI60-02.18774,2,1826.0,1.189,19.0,7.0,0.1
3295,SHOLES,2000,-0.08,1999-10-01,2000-09-30,1514.7660071055143,1707.8500492749808,10.33958386545598,,,,,True,training_population,48.8139,-121.770103,RGI60-02.18774,2,1826.0,1.189,19.0,7.0,0.1
3295,SHOLES,2001,-1.83,2000-10-01,2001-09-30,1556.0875836690316,1020.9435298274806,10.245430544148345,,,,,True,training_population,48.8139,-121.770103,RGI60-02.18774,2,1826.0,1.189,19.0,7.0,0.1
3295,SHOLES,2002,0.21,2001-10-01,2002-09-30,1561.0590769449916,1851.9272849602264,11.612204101120236,,,,,True,training_population,48.8139,-121.770103,RGI60-02.18774,2,1826.0,1.189,19.0,7.0,0.1
3295,SHOLES,2003,-1.12,2002-10-01,2003-09-30,1797.5640171051082,1385.392437399183,12.441401846512528,,,,,True,training_population,48.8139,-121.770103,RGI60-02.18774,2,1826.0,1.189,19.0,7.0,0.1
3295,SHOLES,2004,-1.86,2003-10-01,2004-09-30,1963.2906419118297,1317.699786805253,13.23974165570911,,,,,True,training_population,48.8139,-121.770103,RGI60-02.18774,2,1826.0,1.189,19.0,7.0,0.1
3295,SHOLES,2005,-2.84,2004-10-01,2005-09-30,1910.588377126064,1061.7244696030034,11.51331326443218,,,,,True,training_population,48.8139,-121.770103,RGI60-02.18774,2,1826.0,1.189,19.0,7.0,0.1
3295,SHOLES,2006,-0.71,2005-10-01,2006-10-01,1876.712504831955,1644.0032986551962,12.267930022529956,,,,,False,training_population,48.8139,-121.770103,RGI60-02.18774,2,1826.0,1.189,19.0,7.0,0.1
3295,SHOLES,2007,-0.21,2006-10-01,2007-09-29,1688.8762653350882,1595.0166203462215,10.959705987183964,,,,,False,training_population,48.8139,-121.770103,RGI60-02.18774,2,1826.0,1.189,19.0,7.0,0.1
3295,SHOLES,2008,0.2,2007-09-29,2008-08-06,981.0833805084262,1576.6481983417648,10.036628882564736,,,,,False,training_population,48.8139,-121.770103,RGI60-02.18774,2,1826.0,1.189,19.0,7.0,0.1
3295,SHOLES,2009,-2.68,2008-09-29,2009-09-27,1931.576152928676,1184.0404586932714,13.177282062475255,,,,,False,training_population,48.8139,-121.770103,RGI60-02.18774,2,1826.0,1.189,19.0,7.0,0.1
3295,SHOLES,2010,0.94,2009-09-27,2010-09-27,1567.1458443959605,1486.4724395998542,10.88410789932032,,,,,False,training_population,48.8139,-121.770103,RGI60-02.18774,2,1826.0,1.189,19.0,7.0,0.1
3295,SHOLES,2011,1.45,2010-09-27,2011-10-08,1613.1287390391085,1814.8131992416336,9.57526069309403,,,,,False,training_population,48.8139,-121.770103,RGI60-02.18774,2,1826.0,1.189,19.0,7.0,0.1
3295,SHOLES,2012,0.34,2011-10-08,2012-09-30,1662.2229689280236,1720.756856565373,11.225579281129722,,,,,False,training_population,48.8139,-121.770103,RGI60-02.18774,2,1826.0,1.189,19.0,7.0,0.1
3295,SHOLES,2013,-1.7,2012-09-30,2013-09-21,1883.789126586919,1547.0372586159938,12.415364374630714,,,,,False,training_population,48.8139,-121.770103,RGI60-02.18774,2,1826.0,1.189,19.0,7.0,0.1
3295,SHOLES,2014,-1.53,2013-09-21,2014-09-26,1888.0427853902245,1486.081260550307,12.638542415784778,,,,,False,training_population,48.8139,-121.770103,RGI60-02.18774,2,1826.0,1.189,19.0,7.0,0.1
3295,SHOLES,2015,-3.05,2014-09-26,2015-09-26,2264.127731196092,817.5543415062485,14.434502994150378,,,,,False,training_population,48.8139,-121.770103,RGI60-02.18774,2,1826.0,1.189,19.0,7.0,0.1
3295,SHOLES,2016,-1.52,2015-09-26,2016-09-25,2027.042366282151,1468.7506171430337,11.99277002085812,,,,,False,training_population,48.8139,-121.770103,RGI60-02.18774,2,1826.0,1.189,19.0,7.0,0.1
3295,SHOLES,2017,0.12,2016-09-25,2017-09-21,1953.408626047776,1495.2965411908713,13.280376170338087,,,,,False,training_population,48.8139,-121.770103,RGI60-02.18774,2,1826.0,1.189,19.0,7.0,0.1
3295,SHOLES,2018,-0.82,2017-09-21,2018-09-29,1993.382923762009,1684.0244063728596,12.839276720129948,,,,,False,training_population,48.8139,-121.770103,RGI60-02.18774,2,1826.0,1.189,19.0,7.0,0.1
3295,SHOLES,2019,-1.97,2018-09-29,2019-09-28,1931.950610605881,1092.0990628090444,11.866507321509776,,,,,False,training_population,48.8139,-121.770103,RGI60-02.18774,2,1826.0,1.189,19.0,7.0,0.1
3295,SHOLES,2020,-1.96,2019-09-28,2020-10-01,1797.1710405985573,1455.8308012613634,11.084893874845667,,,,,False,training_population,48.8139,-121.770103,RGI60-02.18774,2,1826.0,1.189,19.0,7.0,0.1
3295,SHOLES,2021,-1.72,2020-10-01,2021-09-26,1972.817014312749,1540.799134721365,13.90076898353689,,,,,False,training_population,48.8139,-121.770103,RGI60-02.18774,2,1826.0,1.189,19.0,7.0,0.1
3295,SHOLES,2022,-1.81,2021-09-26,2022-10-20,2099.4627713521377,1464.9654113765428,13.009479929053288,,,,,False,training_population,48.8139,-121.770103,RGI60-02.18774,2,1826.0,1.189,19.0,7.0,0.1
3295,SHOLES,2023,-2.35,2022-10-20,2023-09-17,1784.4202110290566,1371.306445298746,13.390717207867189,,,,,False,training_population,48.8139,-121.770103,RGI60-02.18774,2,1826.0,1.189,19.0,7.0,0.1
3295,SHOLES,2024,-1.95,2023-09-17,2024-09-21,1958.9700323740688,1153.7582909459447,12.51343799535781,,,,,False,training_population,48.8139,-121.770103,RGI60-02.18774,2,1826.0,1.189,19.0,7.0,0.1
3295,SHOLES,2025,-2.26,2024-09-21,2025-10-06,2174.02133903504,1170.7923381579308,13.102020096433357,,,,,False,training_population,48.8139,-121.770103,RGI60-02.18774,2,1826.0,1.189,19.0,7.0,0.1
3332,HOHLAUB,1956,0.334,1955-09-15,1956-09-15,587.1372475942005,639.3794070529282,4.998768217667314,,,,,False,training_population,46.058998,7.9178,RGI60-11.02679,11,3217.0,2.171,19.8,69.0,0.1
3332,HOHLAUB,1957,0.465,1956-09-15,1957-09-15,719.7246175130241,787.6700478306481,5.86546206681627,,,,,False,training_population,46.058998,7.9178,RGI60-11.02679,11,3217.0,2.171,19.8,69.0,0.1
3332,HOHLAUB,1958,-0.118,1957-09-15,1958-09-15,807.1226119995156,1073.9213241313053,5.826962428162088,,,,,False,training_population,46.058998,7.9178,RGI60-11.02679,11,3217.0,2.171,19.8,69.0,0.1
3332,HOHLAUB,1959,-0.593,1958-09-15,1959-09-15,791.0360479990675,956.3968469297704,6.482396732551486,,,,,False,training_population,46.058998,7.9178,RGI60-11.02679,11,3217.0,2.171,19.8,69.0,0.1
3332,HOHLAUB,1960,0.48,1959-09-15,1960-09-15,709.4314650217727,1134.6653734645536,5.4446632606396,,,,,False,training_population,46.058998,7.9178,RGI60-11.02679,11,3217.0,2.171,19.8,69.0,0.1
3332,HOHLAUB,1961,0.418,1960-09-15,1961-09-15,647.9751990000436,1402.136100725983,5.558786397740483,,,,,False,training_population,46.058998,7.9178,RGI60-11.02679,11,3217.0,2.171,19.8,69.0,0.1
3332,HOHLAUB,1962,-0.559,1961-09-15,1962-09-15,844.7601394653352,1109.2369438621076,5.862562972911912,,,,,False,training_population,46.058998,7.9178,RGI60-11.02679,11,3217.0,2.171,19.8,69.0,0.1
3332,HOHLAUB,1963,0.064,1962-09-15,1963-09-15,678.6983874003129,1271.127892093215,5.562071135424211,,,,,False,training_population,46.058998,7.9178,RGI60-11.02679,11,3217.0,2.171,19.8,69.0,0.1
3332,HOHLAUB,1964,-0.629,1963-09-15,1964-09-15,891.4551471710241,943.265457891691,6.957108689736651,,,,,False,training_population,46.058998,7.9178,RGI60-11.02679,11,3217.0,2.171,19.8,69.0,0.1
3332,HOHLAUB,1965,-0.258,1964-09-15,1965-09-15,625.9134616851836,953.565332104752,5.188871990425021,,,,,False,training_population,46.058998,7.9178,RGI60-11.02679,11,3217.0,2.171,19.8,69.0,0.1
3332,HOHLAUB,1966,0.265,1965-09-15,1966-09-15,679.2531752268512,1088.5854368164587,5.078601780490622,,,,,False,training_population,46.058998,7.9178,RGI60-11.02679,11,3217.0,2.171,19.8,69.0,0.1
3332,HOHLAUB,1967,0.64,1966-09-15,1967-09-15,733.9552687327102,1119.4058628485982,5.744237912219529,,,,,False,training_population,46.058998,7.9178,RGI60-11.02679,11,3217.0,2.171,19.8,69.0,0.1
3332,HOHLAUB,1968,-0.541,1967-07-02,1968-07-01,776.756228637699,1088.3181995248278,6.003061016746215,,,,,False,training_population,46.058998,7.9178,RGI60-11.02679,11,3217.0,2.171,19.8,69.0,0.1
3332,HOHLAUB,1969,0.097,1968-07-01,1969-07-02,654.7265563964881,1260.0581168063309,4.522198214429514,,,,,False,training_population,46.058998,7.9178,RGI60-11.02679,11,3217.0,2.171,19.8,69.0,0.1
3332,HOHLAUB,1970,-0.863,1969-07-02,1970-07-02,748.7322680155476,1051.556547052666,5.395518341884843,,,,,False,training_population,46.058998,7.9178,RGI60-11.02679,11,3217.0,2.171,19.8,69.0,0.1
3332,HOHLAUB,1971,-0.627,1970-07-02,1971-07-02,733.6591569264764,1128.6917289825951,5.161147518909981,,,,,False,training_population,46.058998,7.9178,RGI60-11.02679,11,3217.0,2.171,19.8,69.0,0.1
3332,HOHLAUB,1972,0.144,1971-07-02,1972-07-01,767.803770701094,1346.5728047920002,6.029261926291668,,,,,False,training_population,46.058998,7.9178,RGI60-11.02679,11,3217.0,2.171,19.8,69.0,0.1
3332,HOHLAUB,1973,0.206,1972-09-28,1973-09-25,797.1578955332471,772.9935638043698,6.474611142752849,,,,,False,training_population,46.058998,7.9178,RGI60-11.02679,11,3217.0,2.171,19.8,69.0,0.1
3332,HOHLAUB,1974,0.274,1973-09-15,1974-09-15,666.5026098887158,1096.866794312103,5.339907997241941,,,,,False,training_population,46.058998,7.9178,RGI60-11.02679,11,3217.0,2.171,19.8,69.0,0.1
3332,HOHLAUB,1975,-0.11,1974-09-15,1975-09-15,578.8736555735297,1350.8854562657648,4.773577336297543,,,,,False,training_population,46.058998,7.9178,RGI60-11.02679,11,3217.0,2.171,19.8,69.0,0.1
3332,HOHLAUB,1976,-0.309,1975-09-15,1976-09-15,708.5002727508578,812.9316168135574,5.706084374413996,,,,,False,training_population,46.058998,7.9178,RGI60-11.02679,11,3217.0,2.171,19.8,69.0,0.1
3332,HOHLAUB,1977,1.731,1976-07-01,1977-07-02,561.3181467692089,1849.886241035712,4.75641961875539,,,,,False,training_population,46.058998,7.9178,RGI60-11.02679,11,3217.0,2.171,19.8,69.0,0.1
3332,HOHLAUB,1978,1.691,1977-07-02,1978-07-02,497.154952875776,1456.4967134331432,3.8283672141345377,,,,,False,training_population,46.058998,7.9178,RGI60-11.02679,11,3217.0,2.171,19.8,69.0,0.1
3332,HOHLAUB,1979,-0.304,1978-09-15,1979-09-15,737.0881579081251,994.9775314373176,5.595090961456322,,,,,False,training_population,46.058998,7.9178,RGI60-11.02679,11,3217.0,2.171,19.8,69.0,0.1
3332,HOHLAUB,1980,1.662,1979-09-15,1980-09-15,663.2862902323438,1280.5321914756432,5.11709097710211,,,,,False,training_population,46.058998,7.9178,RGI60-11.02679,11,3217.0,2.171,19.8,69.0,0.1
3332,HOHLAUB,1981,0.827,1980-09-15,1981-09-15,812.7196787516311,1235.9528495539926,6.1709259890128125,,,,,False,training_population,46.058998,7.9178,RGI60-11.02679,11,3217.0,2.171,19.8,69.0,0.1
3332,HOHLAUB,1982,-0.069,1981-09-15,1982-09-15,879.6453390757277,969.4584972430392,7.019087900631694,,,,,False,training_population,46.058998,7.9178,RGI60-11.02679,11,3217.0,2.171,19.8,69.0,0.1
3332,HOHLAUB,1983,0.027,1982-09-15,1983-09-15,809.8168928782175,1633.8555264344664,6.893577049089537,,,,,False,training_population,46.058998,7.9178,RGI60-11.02679,11,3217.0,2.171,19.8,69.0,0.1
3332,HOHLAUB,1984,-0.329,1983-09-15,1984-09-15,690.1609992980984,1254.2589135712703,5.139032417794953,,,,,False,training_population,46.058998,7.9178,RGI60-11.02679,11,3217.0,2.171,19.8,69.0,0.1
3332,HOHLAUB,1985,-1.303,1984-07-01,1985-07-02,597.3723836263051,1297.1056372446446,5.186928895179283,,,,,False,training_population,46.058998,7.9178,RGI60-11.02679,11,3217.0,2.171,19.8,69.0,0.1
3332,HOHLAUB,1986,-0.409,1985-09-15,1986-09-15,950.47145703634,1314.039634739096,6.470024010755036,,,,,False,training_population,46.058998,7.9178,RGI60-11.02679,11,3217.0,2.171,19.8,69.0,0.1
3332,HOHLAUB,1987,-2.136,1986-07-02,1987-07-02,816.1711112976111,910.7245647711864,5.852646914519739,,,,,False,training_population,46.058998,7.9178,RGI60-11.02679,11,3217.0,2.171,19.8,69.0,0.1
3332,HOHLAUB,1988,-1.55,1987-07-02,1988-07-01,868.6262650807737,1206.460693062592,6.367058420872366,,,,,False,training_population,46.058998,7.9178,RGI60-11.02679,11,3217.0,2.171,19.8,69.0,0.1
3332,HOHLAUB,1989,-0.358,1988-09-15,1989-10-02,896.3730143229204,975.2761406837536,6.460660235087097,,,,,False,training_population,46.058998,7.9178,RGI60-11.02679,11,3217.0,2.171,19.8,69.0,0.1
3332,HOHLAUB,1990,-1.584,1989-10-02,1990-09-29,863.2239045461056,799.2005611349348,7.126497212009174,,,,,False,training_population,46.058998,7.9178,RGI60-11.02679,11,3217.0,2.171,19.8,69.0,0.1
3332,HOHLAUB,1991,0.358,1990-09-29,1991-10-04,968.7157226562532,1046.3959776162392,7.217723831232064,,,,,False,training_population,46.058998,7.9178,RGI60-11.02679,11,3217.0,2.171,19.8,69.0,0.1
3332,HOHLAUB,1992,0.103,1991-10-04,1992-09-30,860.625253804528,911.3646654055856,6.977893226734125,,,,,False,training_population,46.058998,7.9178,RGI60-11.02679,11,3217.0,2.171,19.8,69.0,0.1
3332,HOHLAUB,1993,1.322,1992-07-01,1993-07-02,894.8512217203806,1009.01225290594,7.626877775259916,,,,,False,training_population,46.058998,7.9178,RGI60-11.02679,11,3217.0,2.171,19.8,69.0,0.1
3332,HOHLAUB,1994,-0.331,1993-07-02,1994-07-02,766.3579490661655,1468.1880195034828,6.584296060377573,,,,,False,training_population,46.058998,7.9178,RGI60-11.02679,11,3217.0,2.171,19.8,69.0,0.1
3332,HOHLAUB,1995,0.29,1994-07-02,1995-07-02,881.0589941660596,1352.299112904902,7.331411007570134,,,,,False,training_population,46.058998,7.9178,RGI60-11.02679,11,3217.0,2.171,19.8,69.0,0.1
3332,HOHLAUB,1996,-0.809,1995-07-02,1996-07-01,826.481744384769,841.7850748840046,6.962012994462189,,,,,False,training_population,46.058998,7.9178,RGI60-11.02679,11,3217.0,2.171,19.8,69.0,0.1
3332,HOHLAUB,1997,-0.13,1996-07-01,1997-07-02,645.5055980682407,1141.0020164167208,5.6368411016802655,,,,,False,training_population,46.058998,7.9178,RGI60-11.02679,11,3217.0,2.171,19.8,69.0,0.1
3332,HOHLAUB,1998,-2.242,1997-07-02,1998-07-02,929.4642036438028,1000.6304320734536,6.695603785634495,,,,,False,training_population,46.058998,7.9178,RGI60-11.02679,11,3217.0,2.171,19.8,69.0,0.1
3332,HOHLAUB,1999,-0.294,1998-07-02,1999-07-02,848.3967559814494,1071.6632054699353,7.062000959663007,,,,,False,training_population,46.058998,7.9178,RGI60-11.02679,11,3217.0,2.171,19.8,69.0,0.1
3332,HOHLAUB,2000,0.092,1999-09-15,2000-09-13,876.3101664225301,916.0108842465283,6.794138326506706,,,,,False,training_population,46.058998,7.9178,RGI60-11.02679,11,3217.0,2.171,19.8,69.0,0.1
3332,HOHLAUB,2001,-0.03,2000-07-01,2001-07-02,786.4498579661088,1485.273007653106,6.006911065392485,,,,,False,training_population,46.058998,7.9178,RGI60-11.02679,11,3217.0,2.171,19.8,69.0,0.1
3332,HOHLAUB,2002,0.043,2001-07-02,2002-07-02,890.29587554932,998.0598991509275,7.642647775356081,,,,,False,training_population,46.058998,7.9178,RGI60-11.02679,11,3217.0,2.171,19.8,69.0,0.1
3332,HOHLAUB,2003,-1.846,2002-07-02,2003-07-02,946.5123739878372,930.0806629421104,7.770625679809152,,,,,False,training_population,46.058998,7.9178,RGI60-11.02679,11,3217.0,2.171,19.8,69.0,0.1
3332,HOHLAUB,2004,-0.702,2003-09-18,2004-09-23,901.4971785227492,1111.390326689712,6.877110562808297,,,,,False,training_population,46.058998,7.9178,RGI60-11.02679,11,3217.0,2.171,19.8,69.0,0.1
3332,HOHLAUB,2005,-0.792,2004-07-01,2005-07-02,991.5236609141068,845.8314524645018,7.31909817228928,,,,,False,training_population,46.058998,7.9178,RGI60-11.02679,11,3217.0,2.171,19.8,69.0,0.1
3332,HOHLAUB,2006,-1.267,2005-07-02,2006-07-02,929.0554767608686,694.8920163028766,6.968255430652272,,,,,False,training_population,46.058998,7.9178,RGI60-11.02679,11,3217.0,2.171,19.8,69.0,0.1
3332,HOHLAUB,2007,0.438,2006-07-02,2007-07-02,1023.1947106679324,786.9629435303266,6.860044624301288,,,,,False,training_population,46.058998,7.9178,RGI60-11.02679,11,3217.0,2.171,19.8,69.0,0.1
3332,HOHLAUB,2008,-0.353,2007-09-21,2008-09-16,862.96498832703,819.6302671422623,7.081332599252918,,,,,False,training_population,46.058998,7.9178,RGI60-11.02679,11,3217.0,2.171,19.8,69.0,0.1
3332,HOHLAUB,2009,-1.053,2008-09-16,2009-09-21,971.5770150502564,1367.9465542054138,7.44932725325877,,,,,False,training_population,46.058998,7.9178,RGI60-11.02679,11,3217.0,2.171,19.8,69.0,0.1
3332,HOHLAUB,2010,-0.833,2009-09-22,2010-09-11,863.3118644714389,1031.6417289477968,7.18328808217811,,,,,False,training_population,46.058998,7.9178,RGI60-11.02679,11,3217.0,2.171,19.8,69.0,0.1
3332,HOHLAUB,2011,-0.909,2010-09-11,2011-09-06,911.5812071482374,748.6774668557673,6.956635770935965,,,,,False,training_population,46.058998,7.9178,RGI60-11.02679,11,3217.0,2.171,19.8,69.0,0.1
3332,HOHLAUB,2012,-1.404,2011-09-06,2012-10-05,1190.6513003031455,1072.117497623662,7.975974682794124,,,,,False,training_population,46.058998,7.9178,RGI60-11.02679,11,3217.0,2.171,19.8,69.0,0.1
3332,HOHLAUB,2013,0.122,2012-10-05,2013-08-29,683.0480419158962,1323.077404649876,6.79922859757037,,,,,False,training_population,46.058998,7.9178,RGI60-11.02679,11,3217.0,2.171,19.8,69.0,0.1
3332,HOHLAUB,2014,-0.053,2013-08-29,2014-09-02,791.9095631917355,1109.2711751802967,5.611453514768385,,,,,False,training_population,46.058998,7.9178,RGI60-11.02679,11,3217.0,2.171,19.8,69.0,0.1
3332,HOHLAUB,2015,-1.01,2014-09-02,2015-09-21,1208.391239929204,1156.834576307684,9.19902936133788,,,,,False,training_population,46.058998,7.9178,RGI60-11.02679,11,3217.0,2.171,19.8,69.0,0.1
3332,HOHLAUB,2016,-0.437,2015-09-21,2016-08-22,732.6046836853056,926.636885025882,7.404871746813936,,,,,False,training_population,46.058998,7.9178,RGI60-11.02679,11,3217.0,2.171,19.8,69.0,0.1
3332,HOHLAUB,2017,-1.791,2016-08-22,2017-08-21,1150.5982788085976,927.2945147034158,9.083791683031189,,,,,False,training_population,46.058998,7.9178,RGI60-11.02679,11,3217.0,2.171,19.8,69.0,0.1
3332,HOHLAUB,2018,-0.623,2017-08-21,2018-09-06,1244.2946352640831,1059.0406061679755,8.915162930287996,,,,,False,training_population,46.058998,7.9178,RGI60-11.02679,11,3217.0,2.171,19.8,69.0,0.1
3332,HOHLAUB,2019,-1.118,2018-09-06,2019-08-30,1087.9768295288122,1219.6119551463516,8.860578015785103,,,,,False,training_population,46.058998,7.9178,RGI60-11.02679,11,3217.0,2.171,19.8,69.0,0.1
3332,HOHLAUB,2020,-0.174,2019-08-30,2020-09-04,1036.333086649581,1006.3935735435336,7.178009875953644,,,,,False,training_population,46.058998,7.9178,RGI60-11.02679,11,3217.0,2.171,19.8,69.0,0.1
3332,HOHLAUB,2021,-0.183,2020-09-04,2021-09-02,800.2257228851349,936.7020648961352,6.7112194406813686,,,,,False,training_population,46.058998,7.9178,RGI60-11.02679,11,3217.0,2.171,19.8,69.0,0.1
3332,HOHLAUB,2022,-2.933,2021-09-02,2022-09-06,1101.5311988830604,583.0531438945137,8.826967120516152,,,,,False,training_population,46.058998,7.9178,RGI60-11.02679,11,3217.0,2.171,19.8,69.0,0.1
3332,HOHLAUB,2023,-2.052,2022-09-06,2023-09-05,963.3633958180784,692.8406571903878,7.761174069280235,,,,,False,training_population,46.058998,7.9178,RGI60-11.02679,11,3217.0,2.171,19.8,69.0,0.1
3332,HOHLAUB,2024,-1.075,2023-09-05,2024-08-30,909.6632314046262,1432.98855934259,6.293585867410199,,,,,False,training_population,46.058998,7.9178,RGI60-11.02679,11,3217.0,2.171,19.8,69.0,0.1
3332,HOHLAUB,2025,-0.942,2024-08-30,2025-09-03,936.557343165084,1082.7615552593138,8.406065234732143,,,,,False,training_population,46.058998,7.9178,RGI60-11.02679,11,3217.0,2.171,19.8,69.0,0.1
3334,LEMON CREEK,1953,-0.49,1952-07-01,1953-07-02,295.05828742981146,1058.4629900829086,6.154297010103887,,,,,False,training_population,58.364,-134.34584,RGI60-01.01104,1,1123.0,9.528,10.0,327.0,0.1
3334,LEMON CREEK,1954,-0.11,1953-07-02,1954-07-02,932.4198930104616,1693.1795531589664,7.276887498534306,,,,,False,training_population,58.364,-134.34584,RGI60-01.01104,1,1123.0,9.528,10.0,327.0,0.1
3334,LEMON CREEK,1955,1.19,1954-07-02,1955-07-02,831.0140238444046,2054.875841980461,6.282497352682157,,,,,False,training_population,58.364,-134.34584,RGI60-01.01104,1,1123.0,9.528,10.0,327.0,0.1
3334,LEMON CREEK,1956,-0.57,1955-07-02,1956-07-01,684.5859366099073,1619.5207888115242,5.463824609397134,,,,,False,training_population,58.364,-134.34584,RGI60-01.01104,1,1123.0,9.528,10.0,327.0,0.1
3334,LEMON CREEK,1957,0.07,1956-07-01,1957-07-02,933.3872741699258,1911.1174441491985,7.199306045694577,,,,,False,training_population,58.364,-134.34584,RGI60-01.01104,1,1123.0,9.528,10.0,327.0,0.1
3334,LEMON CREEK,1958,-0.51,1957-07-02,1958-07-02,1218.9454658508344,1406.7958246636997,8.592876606602847,,,,,False,training_population,58.364,-134.34584,RGI60-01.01104,1,1123.0,9.528,10.0,327.0,0.1
3334,LEMON CREEK,1959,-0.83,1958-07-02,1959-07-02,913.198210906986,2032.0442469365148,7.491160178782712,,,,,False,training_population,58.364,-134.34584,RGI60-01.01104,1,1123.0,9.528,10.0,327.0,0.1
3334,LEMON CREEK,1960,-0.75,1959-07-02,1960-07-01,759.745029449467,1937.4886278047752,5.456690842172397,,,,,False,training_population,58.364,-134.34584,RGI60-01.01104,1,1123.0,9.528,10.0,327.0,0.1
3334,LEMON CREEK,1961,-0.17,1960-07-01,1961-07-02,835.739748891199,1932.83557695651,5.865570329436195,,,,,False,training_population,58.364,-134.34584,RGI60-01.01104,1,1123.0,9.528,10.0,327.0,0.1
3334,LEMON CREEK,1962,-0.62,1961-07-02,1962-07-02,771.1677271525102,2059.711516674895,6.113010243788439,,,,,False,training_population,58.364,-134.34584,RGI60-01.01104,1,1123.0,9.528,10.0,327.0,0.1
3334,LEMON CREEK,1963,0.24,1962-07-02,1963-07-02,810.7033561706585,1665.6772922628136,6.063494851170496,,,,,False,training_population,58.364,-134.34584,RGI60-01.01104,1,1123.0,9.528,10.0,327.0,0.1
3334,LEMON CREEK,1964,1.11,1963-07-02,1964-07-01,979.5177536010776,2168.070357757504,7.320466482466568,,,,,False,training_population,58.364,-134.34584,RGI60-01.01104,1,1123.0,9.528,10.0,327.0,0.1
3334,LEMON CREEK,1965,0.15,1964-07-01,1965-07-02,697.4058652242063,1718.3057260016385,4.69043646873314,,,,,False,training_population,58.364,-134.34584,RGI60-01.01104,1,1123.0,9.528,10.0,327.0,0.1
3334,LEMON CREEK,1966,-0.42,1965-07-02,1966-07-02,885.9458700815875,1762.2183012263476,6.764332379577004,,,,,False,training_population,58.364,-134.34584,RGI60-01.01104,1,1123.0,9.528,10.0,327.0,0.1
3334,LEMON CREEK,1967,-0.53,1966-07-02,1967-07-02,921.6576778411902,1636.9766695799158,7.025515547448186,,,,,False,training_population,58.364,-134.34584,RGI60-01.01104,1,1123.0,9.528,10.0,327.0,0.1
3334,LEMON CREEK,1968,-0.15,1967-07-02,1968-07-01,914.338734563196,1748.4306107970262,6.650083208775199,,,,,False,training_population,58.364,-134.34584,RGI60-01.01104,1,1123.0,9.528,10.0,327.0,0.1
3334,LEMON CREEK,1969,0.28,1968-07-01,1969-07-02,995.0221326192255,1368.2036151149928,8.286930629378539,,,,,False,training_population,58.364,-134.34584,RGI60-01.01104,1,1123.0,9.528,10.0,327.0,0.1
3334,LEMON CREEK,1970,-0.02,1969-07-02,1970-07-02,826.9273001352989,1768.3150897705243,5.588862840932783,,,,,False,training_population,58.364,-134.34584,RGI60-01.01104,1,1123.0,9.528,10.0,327.0,0.1
3334,LEMON CREEK,1971,-0.33,1970-07-02,1971-07-02,684.7399703979526,1566.812453332613,5.355857105323512,,,,,False,training_population,58.364,-134.34584,RGI60-01.01104,1,1123.0,9.528,10.0,327.0,0.1
3334,LEMON CREEK,1972,-0.58,1971-07-02,1972-07-01,835.6962596893343,1610.027094373166,6.658543232903988,,,,,False,training_population,58.364,-134.34584,RGI60-01.01104,1,1123.0,9.528,10.0,327.0,0.1
3334,LEMON CREEK,1973,-0.45,1972-07-01,1973-07-02,766.5976137797074,1769.3432865435452,6.216373366497956,,,,,False,training_population,58.364,-134.34584,RGI60-01.01104,1,1123.0,9.528,10.0,327.0,0.1
3334,LEMON CREEK,1974,-0.3,1973-07-02,1974-07-02,646.3779641469355,1433.4949158126271,4.943158482650726,,,,,False,training_population,58.364,-134.34584,RGI60-01.01104,1,1123.0,9.528,10.0,327.0,0.1
3334,LEMON CREEK,1975,0.36,1974-07-02,1975-07-02,840.6662899017372,2205.00129028537,5.900620280713614,,,,,False,training_population,58.364,-134.34584,RGI60-01.01104,1,1123.0,9.528,10.0,327.0,0.1
3334,LEMON CREEK,1976,-0.18,1975-07-02,1976-07-01,700.6491715749139,1971.1770339880093,5.105604384602001,,,,,False,training_population,58.364,-134.34584,RGI60-01.01104,1,1123.0,9.528,10.0,327.0,0.1
3334,LEMON CREEK,1977,-0.41,1976-07-01,1977-07-02,890.3194655100547,1997.3191722103395,6.525205460676936,,,,,False,training_population,58.364,-134.34584,RGI60-01.01104,1,1123.0,9.528,10.0,327.0,0.1
3334,LEMON CREEK,1978,-0.73,1977-07-02,1978-07-02,1040.617842102055,1391.470891346195,8.573977058164557,,,,,False,training_population,58.364,-134.34584,RGI60-01.01104,1,1123.0,9.528,10.0,327.0,0.1
3334,LEMON CREEK,1979,-0.56,1978-07-02,1979-07-02,969.1528912862182,1771.8813483970912,7.262992327016763,,,,,False,training_population,58.364,-134.34584,RGI60-01.01104,1,1123.0,9.528,10.0,327.0,0.1
3334,LEMON CREEK,1980,-0.2,1979-07-02,1980-07-01,1162.299761835738,1572.2003815223857,8.841449694702613,,,,,False,training_population,58.364,-134.34584,RGI60-01.01104,1,1123.0,9.528,10.0,327.0,0.1
3334,LEMON CREEK,1981,-0.74,1980-07-01,1981-07-02,1041.7325883229623,1511.4768498391877,7.405789690491179,,,,,False,training_population,58.364,-134.34584,RGI60-01.01104,1,1123.0,9.528,10.0,327.0,0.1
3334,LEMON CREEK,1982,-0.36,1981-07-02,1982-07-02,986.9399775187206,1441.1095095875376,8.297489304354562,,,,,False,training_population,58.364,-134.34584,RGI60-01.01104,1,1123.0,9.528,10.0,327.0,0.1
3334,LEMON CREEK,1983,-1.55,1982-07-02,1983-07-02,1113.4820639292436,1446.296431636128,8.462410042875575,,,,,False,training_population,58.364,-134.34584,RGI60-01.01104,1,1123.0,9.528,10.0,327.0,0.1
3334,LEMON CREEK,1984,-0.18,1983-07-02,1984-07-01,920.5721537272176,1513.0882648212491,7.494168314726479,,,,,False,training_population,58.364,-134.34584,RGI60-01.01104,1,1123.0,9.528,10.0,327.0,0.1
3334,LEMON CREEK,1985,0.4,1984-07-01,1985-07-02,862.961854934696,2067.3546564014414,6.613946431748433,,,,,False,training_population,58.364,-134.34584,RGI60-01.01104,1,1123.0,9.528,10.0,327.0,0.1
3334,LEMON CREEK,1986,-0.44,1985-07-02,1986-07-02,894.7580230712925,1863.641473036808,7.142737072086698,,,,,False,training_population,58.364,-134.34584,RGI60-01.01104,1,1123.0,9.528,10.0,327.0,0.1
3334,LEMON CREEK,1987,-0.77,1986-07-02,1987-07-02,1027.0323445638064,1636.3617191903757,7.152514606051998,,,,,False,training_population,58.364,-134.34584,RGI60-01.01104,1,1123.0,9.528,10.0,327.0,0.1
3334,LEMON CREEK,1988,0.18,1987-07-02,1988-07-01,1024.8504680633591,2169.6909327370795,7.965070267000084,,,,,False,training_population,58.364,-134.34584,RGI60-01.01104,1,1123.0,9.528,10.0,327.0,0.1
3334,LEMON CREEK,1989,-1.17,1988-07-01,1989-07-02,1037.0490576426228,1418.037475592044,7.430770330226189,,,,,False,training_population,58.364,-134.34584,RGI60-01.01104,1,1123.0,9.528,10.0,327.0,0.1
3334,LEMON CREEK,1990,-1.04,1989-07-02,1990-07-02,1261.5773030599005,1732.0767490061544,9.39617842807567,,,,,False,training_population,58.364,-134.34584,RGI60-01.01104,1,1123.0,9.528,10.0,327.0,0.1
3334,LEMON CREEK,1991,-0.31,1990-07-02,1991-07-02,1138.7192176818887,1952.797122757957,9.080774527382276,,,,,False,training_population,58.364,-134.34584,RGI60-01.01104,1,1123.0,9.528,10.0,327.0,0.1
3334,LEMON CREEK,1992,-0.59,1991-07-02,1992-07-01,1000.2647385915158,2149.38882255872,7.7312198086061565,,,,,False,training_population,58.364,-134.34584,RGI60-01.01104,1,1123.0,9.528,10.0,327.0,0.1
3334,LEMON CREEK,1993,-0.91,1992-07-01,1993-07-02,1024.3309575398807,1868.75836979916,8.00012896652765,,,,,False,training_population,58.364,-134.34584,RGI60-01.01104,1,1123.0,9.528,10.0,327.0,0.1
3334,LEMON CREEK,1994,-0.69,1993-07-02,1994-07-02,1204.55580050151,1851.529866023228,8.815033452570672,,,,,False,training_population,58.364,-134.34584,RGI60-01.01104,1,1123.0,9.528,10.0,327.0,0.1
3334,LEMON CREEK,1995,-1.24,1994-07-02,1995-07-02,1226.789980443323,1296.0391158490447,9.351841815141816,,,,,False,training_population,58.364,-134.34584,RGI60-01.01104,1,1123.0,9.528,10.0,327.0,0.1
3334,LEMON CREEK,1996,-1.51,1995-07-02,1996-07-01,1087.195330810551,1317.8964144233448,7.607429696511553,,,,,False,training_population,58.364,-134.34584,RGI60-01.01104,1,1123.0,9.528,10.0,327.0,0.1
3334,LEMON CREEK,1997,-1.74,1996-07-01,1997-07-02,1048.9247969309524,1486.3218156777657,8.300243902544622,,,,,False,training_population,58.364,-134.34584,RGI60-01.01104,1,1123.0,9.528,10.0,327.0,0.1
3334,LEMON CREEK,1998,-0.93,1997-07-02,1998-10-04,1850.5628780365053,1669.1620429075726,8.920898878808135,,,,,False,training_population,58.364,-134.34584,RGI60-01.01104,1,1123.0,9.528,10.0,327.0,0.1
3334,LEMON CREEK,1999,-0.4,1998-10-04,1999-10-07,986.9694355011025,1638.954364522714,8.087574798473437,,,,,False,training_population,58.364,-134.34584,RGI60-01.01104,1,1123.0,9.528,10.0,327.0,0.1
3334,LEMON CREEK,2000,-0.44,1999-10-07,2000-09-28,882.2875719706253,2119.7211305194405,7.294934437240401,,,,,False,training_population,58.364,-134.34584,RGI60-01.01104,1,1123.0,9.528,10.0,327.0,0.1
3334,LEMON CREEK,2001,-0.51,2000-09-28,2001-10-10,937.0823071797728,2084.820003874654,7.458077913090825,,,,,False,training_population,58.364,-134.34584,RGI60-01.01104,1,1123.0,9.528,10.0,327.0,0.1
3334,LEMON CREEK,2002,-0.89,2001-10-10,2002-10-27,1001.8258969624876,1606.0461796033323,7.407841591213084,,,,,False,training_population,58.364,-134.34584,RGI60-01.01104,1,1123.0,9.528,10.0,327.0,0.1
3334,LEMON CREEK,2003,-2.16,2002-10-27,2003-10-20,1083.6701160430948,1117.6562138385684,8.061632258650206,,,,,False,training_population,58.364,-134.34584,RGI60-01.01104,1,1123.0,9.528,10.0,327.0,0.1
3334,LEMON CREEK,2004,-1.76,2003-10-20,2004-10-11,1333.8944791158078,1866.139758293908,10.665671513046062,,,,,False,training_population,58.364,-134.34584,RGI60-01.01104,1,1123.0,9.528,10.0,327.0,0.1
3334,LEMON CREEK,2005,-1.66,2004-10-11,2005-10-09,1225.1051372528125,2005.5565507102528,8.75305228164233,,,,,False,training_population,58.364,-134.34584,RGI60-01.01104,1,1123.0,9.528,10.0,327.0,0.1
3334,LEMON CREEK,2006,-0.78,2005-10-09,2006-10-10,1017.7856830596965,1579.9766692862604,7.599570293702966,,,,,False,training_population,58.364,-134.34584,RGI60-01.01104,1,1123.0,9.528,10.0,327.0,0.1
3334,LEMON CREEK,2007,-0.43,2006-10-10,2007-10-01,1011.9718817393024,1857.08351886554,8.113860446819382,,,,,False,training_population,58.364,-134.34584,RGI60-01.01104,1,1123.0,9.528,10.0,327.0,0.1
3334,LEMON CREEK,2008,0.42,2007-10-01,2008-10-02,889.6254391988157,1909.3647943914968,6.41713033759078,,,,,False,training_population,58.364,-134.34584,RGI60-01.01104,1,1123.0,9.528,10.0,327.0,0.1
3334,LEMON CREEK,2009,-1.14,2008-10-02,2009-09-28,1158.9958342234331,1870.9797315204355,9.165064416415474,,,,,False,training_population,58.364,-134.34584,RGI60-01.01104,1,1123.0,9.528,10.0,327.0,0.1
3334,LEMON CREEK,2010,-1.22,2009-09-28,2010-10-05,1090.230399958297,1490.8588631266753,7.392191076969778,,,,,False,training_population,58.364,-134.34584,RGI60-01.01104,1,1123.0,9.528,10.0,327.0,0.1
3334,LEMON CREEK,2011,-1.07,2010-10-05,2011-10-08,939.2538670857786,1502.2883000827603,7.1865782032842445,,,,,False,training_population,58.364,-134.34584,RGI60-01.01104,1,1123.0,9.528,10.0,327.0,0.1
3334,LEMON CREEK,2012,0.48,2011-10-08,2012-10-11,915.9028378804562,2112.6822154391325,7.018177397354812,,,,,False,training_population,58.364,-134.34584,RGI60-01.01104,1,1123.0,9.528,10.0,327.0,0.1
3334,LEMON CREEK,2013,-1.73,2012-10-11,2013-10-24,1254.2222180684444,1790.1626442968884,9.34596121000209,,,,,False,training_population,58.364,-134.34584,RGI60-01.01104,1,1123.0,9.528,10.0,327.0,0.1
3334,LEMON CREEK,2014,-1.76,2013-10-24,2014-10-18,1161.6009717305546,1488.8939494968768,8.012523394045646,,,,,False,training_population,58.364,-134.34584,RGI60-01.01104,1,1123.0,9.528,10.0,327.0,0.1
3334,LEMON CREEK,2015,-2.01,2014-10-18,2015-10-25,1207.749185180669,1525.1189631210627,8.483933509605542,,,,,False,training_population,58.364,-134.34584,RGI60-01.01104,1,1123.0,9.528,10.0,327.0,0.1
3334,LEMON CREEK,2016,-1.98,2015-10-25,2016-10-08,1191.3413916269988,1558.160030216157,8.984201215661116,,,,,False,training_population,58.364,-134.34584,RGI60-01.01104,1,1123.0,9.528,10.0,327.0,0.1
3334,LEMON CREEK,2017,-1.77,2016-10-08,2017-10-07,1081.2371396382696,1430.0743985824092,7.81028516603555,,,,,False,training_population,58.364,-134.34584,RGI60-01.01104,1,1123.0,9.528,10.0,327.0,0.1
3334,LEMON CREEK,2018,-2.68,2017-10-07,2018-10-25,1200.248700459803,1159.216520578781,8.89864712037904,,,,,False,training_population,58.364,-134.34584,RGI60-01.01104,1,1123.0,9.528,10.0,327.0,0.1
3334,LEMON CREEK,2019,-3.34,2018-10-25,2019-10-05,1324.4188776652056,1178.749800711426,9.765893962417843,,,,,False,training_population,58.364,-134.34584,RGI60-01.01104,1,1123.0,9.528,10.0,327.0,0.1
3334,LEMON CREEK,2020,-1.1,2019-10-05,2020-10-16,1164.1113086700484,1869.495522386888,7.827376820384614,,,,,False,training_population,58.364,-134.34584,RGI60-01.01104,1,1123.0,9.528,10.0,327.0,0.1
3334,LEMON CREEK,2021,-0.66,2020-10-16,2021-10-01,1074.4195559183793,1997.265554338416,8.686219794508359,,,,,False,training_population,58.364,-134.34584,RGI60-01.01104,1,1123.0,9.528,10.0,327.0,0.1
3334,LEMON CREEK,2022,-1.44,2021-10-01,2022-10-19,1284.6697875976604,2100.363778918755,9.449826467209991,,,,,False,training_population,58.364,-134.34584,RGI60-01.01104,1,1123.0,9.528,10.0,327.0,0.1
3334,LEMON CREEK,2023,-2.36,2022-10-19,2023-10-19,1295.5190209706666,1660.3075953608732,9.467576391800613,,,,,False,training_population,58.364,-134.34584,RGI60-01.01104,1,1123.0,9.528,10.0,327.0,0.1
3334,LEMON CREEK,2024,-1.07,2023-10-19,2024-10-14,1115.6941069285122,1737.2996038844944,8.88899969570881,,,,,False,training_population,58.364,-134.34584,RGI60-01.01104,1,1123.0,9.528,10.0,327.0,0.1
3334,LEMON CREEK,2025,-0.8,2024-10-14,2025-10-17,1113.9119396209758,1617.4017533859237,8.500178957676562,,,,,False,training_population,58.364,-134.34584,RGI60-01.01104,1,1123.0,9.528,10.0,327.0,0.1
3690,MELVILLE SOUTH ICE CAP,1963,-0.124,1962-10-01,1963-09-30,116.17607142130628,196.98576958617764,0.0360197385152422,,,,,True,training_population,75.400002,-115.0,RGI60-03.04552,3,635.0,53.264,7.5,151.0,0.1
3690,MELVILLE SOUTH ICE CAP,1964,0.288,1963-10-01,1964-09-30,93.88407020568916,219.7967889967209,-0.1859886763752153,,,,,True,training_population,75.400002,-115.0,RGI60-03.04552,3,635.0,53.264,7.5,151.0,0.1
3690,MELVILLE SOUTH ICE CAP,1965,0.069,1964-10-01,1965-09-30,101.14042778015278,144.9671205268359,-0.0390049768530545,,,,,True,training_population,75.400002,-115.0,RGI60-03.04552,3,635.0,53.264,7.5,151.0,0.1
3690,MELVILLE SOUTH ICE CAP,1966,-0.153,1965-10-01,1966-09-30,134.64139302571743,165.60665434695565,0.5743726633597347,,,,,True,training_population,75.400002,-115.0,RGI60-03.04552,3,635.0,53.264,7.5,151.0,0.1
3690,MELVILLE SOUTH ICE CAP,1967,0.13,1966-10-01,1967-09-30,27.918239847819336,264.45924104365304,-1.4443058774090949,,,,,True,training_population,75.400002,-115.0,RGI60-03.04552,3,635.0,53.264,7.5,151.0,0.1
3690,MELVILLE SOUTH ICE CAP,1968,0.025,1967-10-01,1968-09-30,137.18486200968556,154.8791531067799,0.8360765761223617,,,,,True,training_population,75.400002,-115.0,RGI60-03.04552,3,635.0,53.264,7.5,151.0,0.1
3690,MELVILLE SOUTH ICE CAP,1969,0.025,1968-10-01,1969-09-30,50.28286819458066,216.84734759931249,-0.9639069253119652,,,,,True,training_population,75.400002,-115.0,RGI60-03.04552,3,635.0,53.264,7.5,151.0,0.1
3690,MELVILLE SOUTH ICE CAP,1970,-0.274,1969-10-01,1970-09-30,167.45341860453397,180.82799911025305,0.4927704285884456,,,,,True,training_population,75.400002,-115.0,RGI60-03.04552,3,635.0,53.264,7.5,151.0,0.1
3690,MELVILLE SOUTH ICE CAP,1971,-0.491,1970-10-01,1971-09-30,161.8665442148856,221.35448619439305,0.8385796878649068,,,,,True,training_population,75.400002,-115.0,RGI60-03.04552,3,635.0,53.264,7.5,151.0,0.1
3690,MELVILLE SOUTH ICE CAP,1972,-0.39,1971-10-01,1972-09-30,81.55140266418533,147.05466172594583,-1.0031825231468974,,,,,True,training_population,75.400002,-115.0,RGI60-03.04552,3,635.0,53.264,7.5,151.0,0.1
3690,MELVILLE SOUTH ICE CAP,1973,-0.39,1972-10-01,1973-09-30,213.33095194498827,185.39564277244835,1.6943474354951489,,,,,True,training_population,75.400002,-115.0,RGI60-03.04552,3,635.0,53.264,7.5,151.0,0.1
3690,MELVILLE SOUTH ICE CAP,1974,-0.258,1973-10-01,1974-09-30,90.7884208679207,237.1058228627909,-1.2186256021692885,,,,,True,training_population,75.400002,-115.0,RGI60-03.04552,3,635.0,53.264,7.5,151.0,0.1
3690,MELVILLE SOUTH ICE CAP,1975,-0.073,1974-10-01,1975-09-30,46.25656102498437,261.1701620369402,-0.4372142100679478,,,,,True,training_population,75.400002,-115.0,RGI60-03.04552,3,635.0,53.264,7.5,151.0,0.1
3690,MELVILLE SOUTH ICE CAP,1976,-0.073,1975-10-01,1976-09-30,121.7863587697354,177.06063015241824,-0.1066332291865434,,,,,True,training_population,75.400002,-115.0,RGI60-03.04552,3,635.0,53.264,7.5,151.0,0.1
3690,MELVILLE SOUTH ICE CAP,1977,-0.073,1976-10-01,1977-09-30,151.3058892567965,178.91356851901108,0.9434780784275436,,,,,True,training_population,75.400002,-115.0,RGI60-03.04552,3,635.0,53.264,7.5,151.0,0.1
3690,MELVILLE SOUTH ICE CAP,1978,-0.073,1977-10-01,1978-09-30,78.43444137573317,175.86031517422285,-1.3652833454850557,,,,,True,training_population,75.400002,-115.0,RGI60-03.04552,3,635.0,53.264,7.5,151.0,0.1
3690,MELVILLE SOUTH ICE CAP,1979,-0.073,1978-10-01,1979-09-30,59.79588762919195,208.6959154113117,-1.390800187207627,,,,,True,training_population,75.400002,-115.0,RGI60-03.04552,3,635.0,53.264,7.5,151.0,0.1
3690,MELVILLE SOUTH ICE CAP,1980,-0.073,1979-10-01,1980-09-30,88.86302363077897,214.1719478506197,-0.4246729919875652,,,,,True,training_population,75.400002,-115.0,RGI60-03.04552,3,635.0,53.264,7.5,151.0,0.1
3690,MELVILLE SOUTH ICE CAP,1981,-0.188,1980-10-01,1981-09-30,84.84455401102792,201.6058181973684,-0.0924548632856515,,,,,True,training_population,75.400002,-115.0,RGI60-03.04552,3,635.0,53.264,7.5,151.0,0.1
3690,MELVILLE SOUTH ICE CAP,1982,-0.319,1981-10-01,1982-09-30,94.10591901143472,186.74954834382612,-0.6848942452582528,,,,,True,training_population,75.400002,-115.0,RGI60-03.04552,3,635.0,53.264,7.5,151.0,0.1
3690,MELVILLE SOUTH ICE CAP,1983,-0.074,1982-10-01,1983-09-30,129.17443974812932,193.7482275006026,0.7497003790261318,,,,,True,training_population,75.400002,-115.0,RGI60-03.04552,3,635.0,53.264,7.5,151.0,0.1
3690,MELVILLE SOUTH ICE CAP,1984,0.038,1983-10-01,1984-09-30,112.16151555379317,243.66649400342047,0.1225316959878918,,,,,True,training_population,75.400002,-115.0,RGI60-03.04552,3,635.0,53.264,7.5,151.0,0.1
3690,MELVILLE SOUTH ICE CAP,1985,-0.11,1984-10-01,1985-09-30,83.21180089314862,237.5893371645432,-0.3665417394776046,,,,,True,training_population,75.400002,-115.0,RGI60-03.04552,3,635.0,53.264,7.5,151.0,0.1
3690,MELVILLE SOUTH ICE CAP,1986,0.208,1985-10-01,1986-09-30,42.71189282735264,192.54480577026456,-1.289708885248136,,,,,True,training_population,75.400002,-115.0,RGI60-03.04552,3,635.0,53.264,7.5,151.0,0.1
3690,MELVILLE SOUTH ICE CAP,1987,0.016,1986-10-01,1987-09-30,126.9680815378834,200.04625278603072,0.0483772913615152,,,,,True,training_population,75.400002,-115.0,RGI60-03.04552,3,635.0,53.264,7.5,151.0,0.1
3690,MELVILLE SOUTH ICE CAP,1988,-0.629,1987-10-01,1988-09-30,177.26662279764923,167.06708764972333,0.67314529280734,,,,,True,training_population,75.400002,-115.0,RGI60-03.04552,3,635.0,53.264,7.5,151.0,0.1
3690,MELVILLE SOUTH ICE CAP,1989,-0.342,1988-10-01,1989-09-30,118.2691237131766,240.2055364158784,0.64943666596346,,,,,True,training_population,75.400002,-115.0,RGI60-03.04552,3,635.0,53.264,7.5,151.0,0.1
3690,MELVILLE SOUTH ICE CAP,1990,-0.262,1989-10-01,1990-09-30,128.54454574585048,226.5734897476932,0.0016935859901536,,,,,True,training_population,75.400002,-115.0,RGI60-03.04552,3,635.0,53.264,7.5,151.0,0.1
3690,MELVILLE SOUTH ICE CAP,1991,0.199,1990-10-01,1991-09-30,50.64575602213591,257.0580151867645,-0.9236919720967368,,,,,True,training_population,75.400002,-115.0,RGI60-03.04552,3,635.0,53.264,7.5,151.0,0.1
3690,MELVILLE SOUTH ICE CAP,1992,-0.32,1991-10-01,1992-09-30,116.43129386901968,182.052923173714,0.0423454671666467,,,,,True,training_population,75.400002,-115.0,RGI60-03.04552,3,635.0,53.264,7.5,151.0,0.1
3690,MELVILLE SOUTH ICE CAP,1993,-0.752,1992-10-01,1993-09-30,176.74199307759704,184.3663763714112,0.857448134215002,,,,,True,training_population,75.400002,-115.0,RGI60-03.04552,3,635.0,53.264,7.5,151.0,0.1
3690,MELVILLE SOUTH ICE CAP,1994,-0.11,1993-10-01,1994-09-30,122.13462575276776,250.49188796483435,0.3303521460381332,,,,,True,training_population,75.400002,-115.0,RGI60-03.04552,3,635.0,53.264,7.5,151.0,0.1
3690,MELVILLE SOUTH ICE CAP,1995,-0.47,1994-10-01,1995-09-30,158.31513175964494,166.76118313016983,0.8366439017696868,,,,,True,training_population,75.400002,-115.0,RGI60-03.04552,3,635.0,53.264,7.5,151.0,0.1
3690,MELVILLE SOUTH ICE CAP,1996,-0.21,1995-10-01,1996-09-30,110.1936250050872,279.2839510439826,-0.6744167714878891,,,,,True,training_population,75.400002,-115.0,RGI60-03.04552,3,635.0,53.264,7.5,151.0,0.1
3690,MELVILLE SOUTH ICE CAP,1997,0.01,1996-10-01,1997-09-30,96.59076080322323,202.89561766409392,-1.0468063921167998,,,,,True,training_population,75.400002,-115.0,RGI60-03.04552,3,635.0,53.264,7.5,151.0,0.1
3690,MELVILLE SOUTH ICE CAP,1998,-0.78,1997-10-01,1998-09-30,222.9347045898454,142.9185400035209,2.069091919885189,,,,,True,training_population,75.400002,-115.0,RGI60-03.04552,3,635.0,53.264,7.5,151.0,0.1
3690,MELVILLE SOUTH ICE CAP,1999,-0.52,1998-10-01,1999-09-30,167.8040453592946,178.58277936686662,0.7064394384190856,,,,,True,training_population,75.400002,-115.0,RGI60-03.04552,3,635.0,53.264,7.5,151.0,0.1
3690,MELVILLE SOUTH ICE CAP,2000,-0.74,1999-10-01,2000-09-30,138.08459625244274,152.94391608193436,-0.1857961447342342,,,,,True,training_population,75.400002,-115.0,RGI60-03.04552,3,635.0,53.264,7.5,151.0,0.1
3690,MELVILLE SOUTH ICE CAP,2001,-0.26,2000-10-01,2001-09-30,107.41404609680262,203.8821603385799,-0.0333824724390649,,,,,True,training_population,75.400002,-115.0,RGI60-03.04552,3,635.0,53.264,7.5,151.0,0.1
3690,MELVILLE SOUTH ICE CAP,2002,0.016,2001-10-01,2002-09-30,43.60062637329168,238.67442404568703,-0.7873470693394529,,,,,True,training_population,75.400002,-115.0,RGI60-03.04552,3,635.0,53.264,7.5,151.0,0.1
3690,MELVILLE SOUTH ICE CAP,2003,0.02,2002-10-01,2003-09-30,74.89435475667403,286.20528396072234,-1.1014032585033242,,,,,True,training_population,75.400002,-115.0,RGI60-03.04552,3,635.0,53.264,7.5,151.0,0.1
3690,MELVILLE SOUTH ICE CAP,2004,0.29,2003-10-01,2004-09-30,37.856941350301724,244.8177513636587,-0.831712820910001,,,,,True,training_population,75.400002,-115.0,RGI60-03.04552,3,635.0,53.264,7.5,151.0,0.1
3690,MELVILLE SOUTH ICE CAP,2005,-0.19,2004-10-01,2005-09-30,88.84231147766246,158.3333753713596,0.4267317993053717,,,,,True,training_population,75.400002,-115.0,RGI60-03.04552,3,635.0,53.264,7.5,151.0,0.1
3690,MELVILLE SOUTH ICE CAP,2006,-0.36,2005-09-01,2006-09-01,179.34776166280244,183.9862146030633,1.0575046871019698,,,,,False,training_population,75.400002,-115.0,RGI60-03.04552,3,635.0,53.264,7.5,151.0,0.1
3690,MELVILLE SOUTH ICE CAP,2007,-1.182,2006-09-01,2007-09-01,262.7596416473403,171.3351672511969,2.224880742335688,,,,,False,training_population,75.400002,-115.0,RGI60-03.04552,3,635.0,53.264,7.5,151.0,0.1
3690,MELVILLE SOUTH ICE CAP,2008,-0.905,2007-09-01,2008-09-01,175.5906190236421,129.07196494086648,0.9752021927764652,,,,,False,training_population,75.400002,-115.0,RGI60-03.04552,3,635.0,53.264,7.5,151.0,0.1
3690,MELVILLE SOUTH ICE CAP,2009,-0.351,2008-09-01,2009-09-01,120.29721755981558,191.09817284206443,0.6968186198801457,,,,,False,training_population,75.400002,-115.0,RGI60-03.04552,3,635.0,53.264,7.5,151.0,0.1
3690,MELVILLE SOUTH ICE CAP,2010,-0.939,2009-09-01,2010-09-01,190.22292607625457,173.0342836335197,1.558837398584361,,,,,False,training_population,75.400002,-115.0,RGI60-03.04552,3,635.0,53.264,7.5,151.0,0.1
3690,MELVILLE SOUTH ICE CAP,2011,-1.339,2010-10-01,2011-09-30,278.9032807668065,215.5039664126619,2.394507289278357,,,,,True,training_population,75.400002,-115.0,RGI60-03.04552,3,635.0,53.264,7.5,151.0,0.1
3690,MELVILLE SOUTH ICE CAP,2012,-1.556,2012-04-17,2013-04-27,278.9697390238458,152.04837461867982,2.508163208892404,,,,,False,training_population,75.400002,-115.0,RGI60-03.04552,3,635.0,53.264,7.5,151.0,0.1
3690,MELVILLE SOUTH ICE CAP,2013,-0.172,2012-09-01,2013-09-01,115.82385342915944,210.35760913673585,-0.6193080169566916,,,,,False,training_population,75.400002,-115.0,RGI60-03.04552,3,635.0,53.264,7.5,151.0,0.1
3690,MELVILLE SOUTH ICE CAP,2014,-0.159,2013-09-01,2014-09-01,62.2151747385671,179.36175185483805,-0.4885593165521784,,,,,False,training_population,75.400002,-115.0,RGI60-03.04552,3,635.0,53.264,7.5,151.0,0.1
3690,MELVILLE SOUTH ICE CAP,2015,-1.148,2014-09-01,2015-09-01,199.2370190938325,191.3745530720732,1.3533881560616068,,,,,False,training_population,75.400002,-115.0,RGI60-03.04552,3,635.0,53.264,7.5,151.0,0.1
3690,MELVILLE SOUTH ICE CAP,2016,-0.792,2015-09-01,2016-09-01,182.7314946492524,247.7958483667777,1.2012307319088489,,,,,False,training_population,75.400002,-115.0,RGI60-03.04552,3,635.0,53.264,7.5,151.0,0.1
3690,MELVILLE SOUTH ICE CAP,2017,0.038,2016-09-01,2017-09-01,104.895447540284,246.2314882235077,0.1077289429264011,,,,,False,training_population,75.400002,-115.0,RGI60-03.04552,3,635.0,53.264,7.5,151.0,0.1
3690,MELVILLE SOUTH ICE CAP,2018,0.221,2017-09-01,2018-09-01,29.397989018758665,264.3403180620183,-1.2331490115842698,,,,,False,training_population,75.400002,-115.0,RGI60-03.04552,3,635.0,53.264,7.5,151.0,0.1
3690,MELVILLE SOUTH ICE CAP,2019,-0.416,2018-09-01,2019-09-01,125.035218938193,257.9755181555896,0.4249586561452015,,,,,False,training_population,75.400002,-115.0,RGI60-03.04552,3,635.0,53.264,7.5,151.0,0.1
3690,MELVILLE SOUTH ICE CAP,2020,-0.807,2019-10-01,2020-09-30,199.9135238647476,176.27217648150406,1.7572456567184005,,,,,True,training_population,75.400002,-115.0,RGI60-03.04552,3,635.0,53.264,7.5,151.0,0.1
3690,MELVILLE SOUTH ICE CAP,2021,0.122,2021-04-16,2022-05-01,76.60532239278257,211.65657200678112,-0.2053870753965292,,,,,False,training_population,75.400002,-115.0,RGI60-03.04552,3,635.0,53.264,7.5,151.0,0.1
3690,MELVILLE SOUTH ICE CAP,2022,-1.077,2021-09-01,2022-09-01,234.4787975311292,191.649835728402,1.5817995126696844,,,,,False,training_population,75.400002,-115.0,RGI60-03.04552,3,635.0,53.264,7.5,151.0,0.1
3690,MELVILLE SOUTH ICE CAP,2023,-1.482,2022-09-01,2023-08-31,354.8983081817642,148.42446097967965,3.0785551126452697,,,,,False,training_population,75.400002,-115.0,RGI60-03.04552,3,635.0,53.264,7.5,151.0,0.1
3690,MELVILLE SOUTH ICE CAP,2024,-0.484,2023-10-01,2024-09-30,132.29664955139282,228.78962262668523,0.922966202445675,,,,,True,training_population,75.400002,-115.0,RGI60-03.04552,3,635.0,53.264,7.5,151.0,0.1
3690,MELVILLE SOUTH ICE CAP,2025,-0.16,2024-10-01,2025-09-30,111.47390187581505,326.8172616494418,-0.0254089258718937,,,,,True,training_population,75.400002,-115.0,RGI60-03.04552,3,635.0,53.264,7.5,151.0,0.1
3987,PARLUNG NO. 94,2007,-0.082,2006-10-04,2007-08-30,274.20030288696444,557.2082147400579,2.753847641997306,,,,,False,external_holdout,29.3861,96.9756,RGI60-15.11693,15,5348.0,2.792,16.4,346.0,0.1
3987,PARLUNG NO. 94,2008,-1.004,2007-08-30,2008-08-31,377.3602802276639,797.3408525902812,3.2290096188268134,,,,,False,external_holdout,29.3861,96.9756,RGI60-15.11693,15,5348.0,2.792,16.4,346.0,0.1
3987,PARLUNG NO. 94,2009,-1.93,2008-08-31,2009-08-29,423.4965143839539,684.8239297118362,3.803850651835367,,,,,False,external_holdout,29.3861,96.9756,RGI60-15.11693,15,5348.0,2.792,16.4,346.0,0.1
3987,PARLUNG NO. 94,2010,-0.647,2009-08-29,2010-09-01,346.58171056111894,1410.4031956258004,2.5213443153783115,,,,,False,external_holdout,29.3861,96.9756,RGI60-15.11693,15,5348.0,2.792,16.4,346.0,0.1
3987,PARLUNG NO. 94,2011,0.155,2010-09-01,2011-09-02,234.897990926109,977.9443020578248,1.5902594193168529,,,,,False,external_holdout,29.3861,96.9756,RGI60-15.11693,15,5348.0,2.792,16.4,346.0,0.1
3987,PARLUNG NO. 94,2012,-1.478,2011-09-02,2012-11-28,331.6289985656767,1221.2733476683368,2.355589471347116,,,,,False,external_holdout,29.3861,96.9756,RGI60-15.11693,15,5348.0,2.792,16.4,346.0,0.1
3987,PARLUNG NO. 94,2013,-1.049,2012-11-28,2013-10-05,326.1075209299744,674.6235046118941,2.932142850627093,,,,,False,external_holdout,29.3861,96.9756,RGI60-15.11693,15,5348.0,2.792,16.4,346.0,0.1
3987,PARLUNG NO. 94,2014,-1.116,2013-10-05,2014-10-02,316.3067611694357,778.7125637257049,2.591592227548814,,,,,False,external_holdout,29.3861,96.9756,RGI60-15.11693,15,5348.0,2.792,16.4,346.0,0.1
3987,PARLUNG NO. 94,2015,-0.653,2014-10-02,2015-09-29,271.8336733500184,771.1487204378642,1.899024761586969,,,,,False,external_holdout,29.3861,96.9756,RGI60-15.11693,15,5348.0,2.792,16.4,346.0,0.1
3987,PARLUNG NO. 94,2016,-1.069,2015-09-29,2016-09-26,328.143239084882,860.575546984812,2.682703466000785,,,,,False,external_holdout,29.3861,96.9756,RGI60-15.11693,15,5348.0,2.792,16.4,346.0,0.1
3987,PARLUNG NO. 94,2017,-0.896,2016-09-26,2017-10-06,351.17625274658485,901.943831362992,2.335118513521964,,,,,False,external_holdout,29.3861,96.9756,RGI60-15.11693,15,5348.0,2.792,16.4,346.0,0.1
3987,PARLUNG NO. 94,2018,-1.99,2017-10-06,2018-09-17,430.1155434926376,492.51506821646274,3.917879386570167,,,,,False,external_holdout,29.3861,96.9756,RGI60-15.11693,15,5348.0,2.792,16.4,346.0,0.1
3987,PARLUNG NO. 94,2019,-1.57,2018-09-17,2019-09-18,413.0140499115017,849.7291740047856,3.1746410964192053,,,,,False,external_holdout,29.3861,96.9756,RGI60-15.11693,15,5348.0,2.792,16.4,346.0,0.1
3987,PARLUNG NO. 94,2020,-1.489,2019-09-18,2020-10-02,522.727195739749,878.0356858145204,3.992460111258712,,,,,False,external_holdout,29.3861,96.9756,RGI60-15.11693,15,5348.0,2.792,16.4,346.0,0.1
3987,PARLUNG NO. 94,2021,-2.065,2020-10-02,2021-10-14,528.3975786844924,612.4340032849958,4.248396927377475,,,,,False,external_holdout,29.3861,96.9756,RGI60-15.11693,15,5348.0,2.792,16.4,346.0,0.1
3987,PARLUNG NO. 94,2022,-2.297,2021-10-14,2022-10-05,494.4619937896756,1018.71628132756,4.562915766066423,,,,,False,external_holdout,29.3861,96.9756,RGI60-15.11693,15,5348.0,2.792,16.4,346.0,0.1
3987,PARLUNG NO. 94,2023,-0.884,2022-10-05,2023-10-19,496.3228946685822,749.6869068070886,3.744439821657952,,,,,False,external_holdout,29.3861,96.9756,RGI60-15.11693,15,5348.0,2.792,16.4,346.0,0.1
3987,PARLUNG NO. 94,2024,-2.031,2023-10-19,2024-11-02,600.0289287567166,771.0051396111197,4.880751103940239,,,,,False,external_holdout,29.3861,96.9756,RGI60-15.11693,15,5348.0,2.792,16.4,346.0,0.1
3987,PARLUNG NO. 94,2025,-1.313,2024-11-02,2025-10-07,531.8232144673693,823.6489527683837,4.129027710790244,,,,,False,external_holdout,29.3861,96.9756,RGI60-15.11693,15,5348.0,2.792,16.4,346.0,0.1
26615,ZONGO,1992,-0.9,1991-09-01,1992-09-01,834.0066015879371,157.8648726248275,4.523725403679766,,,,,False,training_population,-16.274,-68.143898,RGI60-16.00543,16,5307.0,2.339,26.0,130.0,0.1
26615,ZONGO,1993,0.516,1992-09-01,1993-09-01,1215.1366687774737,131.395133183009,4.287547365824401,,,,,False,training_population,-16.274,-68.143898,RGI60-16.00543,16,5307.0,2.339,26.0,130.0,0.1
26615,ZONGO,1994,-0.088,1993-09-01,1994-09-01,1285.1849494934172,57.19188220867366,4.698937536169004,,,,,False,training_population,-16.274,-68.143898,RGI60-16.00543,16,5307.0,2.339,26.0,130.0,0.1
26615,ZONGO,1995,-0.703,1994-09-01,1995-09-01,1450.297511037199,17.912998193708063,4.883873847678877,,,,,False,training_population,-16.274,-68.143898,RGI60-16.00543,16,5307.0,2.339,26.0,130.0,0.1
26615,ZONGO,1996,-0.675,1995-09-01,1996-09-01,1375.7071066538574,76.62215233879976,4.6398380642845725,,,,,False,training_population,-16.274,-68.143898,RGI60-16.00543,16,5307.0,2.339,26.0,130.0,0.1
26615,ZONGO,1997,0.797,1996-09-01,1997-09-01,1259.1671717325935,40.53669870258858,4.40036495350028,,,,,False,training_population,-16.274,-68.143898,RGI60-16.00543,16,5307.0,2.339,26.0,130.0,0.1
26615,ZONGO,1998,-1.962,1997-07-02,1998-07-02,1723.3850594838543,53.21051315034708,6.392906188964868,,,,,False,training_population,-16.274,-68.143898,RGI60-16.00543,16,5307.0,2.339,26.0,130.0,0.1
26615,ZONGO,1999,-0.333,1998-07-02,1999-07-02,1435.623289362598,0.6204694509506226,4.697006197328943,,,,,False,training_population,-16.274,-68.143898,RGI60-16.00543,16,5307.0,2.339,26.0,130.0,0.1
26615,ZONGO,2000,0.077,1999-09-01,2000-09-01,1288.3015443166175,73.56807408618948,4.495712297041359,,,,,False,training_population,-16.274,-68.143898,RGI60-16.00543,16,5307.0,2.339,26.0,130.0,0.1
26615,ZONGO,2001,0.557,2000-09-01,2001-09-01,1225.5118034362877,170.74101442768708,4.219280235855693,,,,,False,training_population,-16.274,-68.143898,RGI60-16.00543,16,5307.0,2.339,26.0,130.0,0.1
26615,ZONGO,2002,-0.058,2001-09-01,2002-09-01,1310.2909207662024,201.37478653749952,4.740928890087006,,,,,False,training_population,-16.274,-68.143898,RGI60-16.00543,16,5307.0,2.339,26.0,130.0,0.1
26615,ZONGO,2003,-0.086,2002-09-01,2003-09-01,1360.252881495166,90.34884481260974,5.1560707092285405,,,,,False,training_population,-16.274,-68.143898,RGI60-16.00543,16,5307.0,2.339,26.0,130.0,0.1
26615,ZONGO,2004,-0.521,2003-09-01,2004-09-01,1289.6653196970708,115.8877205142872,4.737692608676137,,,,,False,training_population,-16.274,-68.143898,RGI60-16.00543,16,5307.0,2.339,26.0,130.0,0.1
26615,ZONGO,2005,-1.559,2004-09-01,2005-09-01,1454.5527409871504,0.0026491056246413,5.030546004683905,,,,,False,training_population,-16.274,-68.143898,RGI60-16.00543,16,5307.0,2.339,26.0,130.0,0.1
26615,ZONGO,2006,-0.196,2005-09-01,2006-08-31,1342.524347305306,4.7132642759031285,4.737038308602815,,,,,False,training_population,-16.274,-68.143898,RGI60-16.00543,16,5307.0,2.339,26.0,130.0,0.1
26615,ZONGO,2007,-0.173,2006-09-01,2007-08-31,1483.2164703369222,67.83607900122846,5.443729174578658,,,,,False,training_population,-16.274,-68.143898,RGI60-16.00543,16,5307.0,2.339,26.0,130.0,0.1
26615,ZONGO,2008,0.257,2007-09-01,2008-08-31,1338.7107641855955,13.170832433672784,4.632578520722464,,,,,False,training_population,-16.274,-68.143898,RGI60-16.00543,16,5307.0,2.339,26.0,130.0,0.1
26615,ZONGO,2009,-0.545,2008-09-01,2009-08-31,1381.7151470184408,28.31929922088605,4.554713934439224,,,,,False,training_population,-16.274,-68.143898,RGI60-16.00543,16,5307.0,2.339,26.0,130.0,0.1
26615,ZONGO,2010,-0.671,2009-09-01,2010-08-31,1719.6150353749676,9.719639719037332,5.537251126324709,,,,,False,training_population,-16.274,-68.143898,RGI60-16.00543,16,5307.0,2.339,26.0,130.0,0.1
26615,ZONGO,2011,-0.221,2010-09-01,2011-08-31,1441.0270758311035,38.28970857841796,4.718783760070825,,,,,False,training_population,-16.274,-68.143898,RGI60-16.00543,16,5307.0,2.339,26.0,130.0,0.1
26615,ZONGO,2012,-0.823,2011-09-01,2012-08-31,1288.6766246795737,54.45909546441996,4.322619206914119,,,,,False,training_population,-16.274,-68.143898,RGI60-16.00543,16,5307.0,2.339,26.0,130.0,0.1
26615,ZONGO,2013,0.058,2012-09-21,2013-08-31,1329.42619183859,41.16411426836208,4.664342018410034,,,,,False,training_population,-16.274,-68.143898,RGI60-16.00543,16,5307.0,2.339,26.0,130.0,0.1
26615,ZONGO,2014,-0.097,2013-09-19,2014-09-01,1366.4201738993404,26.740186658443577,4.565593973795596,,,,,False,training_population,-16.274,-68.143898,RGI60-16.00543,16,5307.0,2.339,26.0,130.0,0.1
26615,ZONGO,2015,0.368,2014-09-01,2015-09-03,1404.3127616882407,92.7905449853661,4.632377532676435,,,,,False,training_population,-16.274,-68.143898,RGI60-16.00543,16,5307.0,2.339,26.0,130.0,0.1
26615,ZONGO,2016,-1.024,2015-09-03,2016-08-30,1666.7526081085289,2.165427227964756,5.691619554456798,,,,,False,training_population,-16.274,-68.143898,RGI60-16.00543,16,5307.0,2.339,26.0,130.0,0.1
26615,ZONGO,2017,-0.337,2016-08-30,2017-09-01,1545.734655507414,0.0825762748490888,5.052750417921302,,,,,False,training_population,-16.274,-68.143898,RGI60-16.00543,16,5307.0,2.339,26.0,130.0,0.1
26615,ZONGO,2018,0.284,2017-08-30,2018-09-04,1417.897562917082,105.22396161616854,4.789692115783715,,,,,False,training_population,-16.274,-68.143898,RGI60-16.00543,16,5307.0,2.339,26.0,130.0,0.1
26615,ZONGO,2019,0.348,2018-09-04,2019-09-03,1550.237327067066,40.01514542582285,5.007179097776083,,,,,False,training_population,-16.274,-68.143898,RGI60-16.00543,16,5307.0,2.339,26.0,130.0,0.1
26615,ZONGO,2020,-0.334,2019-09-03,2020-09-09,1926.8637709299808,0.0,6.150889277196216,,,,,False,training_population,-16.274,-68.143898,RGI60-16.00543,16,5307.0,2.339,26.0,130.0,0.1
26615,ZONGO,2021,0.119,2020-09-09,2021-09-09,1825.1804627736497,0.0,5.8944808677391,,,,,False,training_population,-16.274,-68.143898,RGI60-16.00543,16,5307.0,2.339,26.0,130.0,0.1
26615,ZONGO,2022,-0.194,2021-04-01,2022-03-31,1852.0935338338304,0.0,5.814292102389889,,,,,True,training_population,-16.274,-68.143898,RGI60-16.00543,16,5307.0,2.339,26.0,130.0,0.1
26615,ZONGO,2023,-0.831,2022-04-01,2023-03-31,1852.83159637452,9.785587524220318,5.597770592018431,,,,,True,training_population,-16.274,-68.143898,RGI60-16.00543,16,5307.0,2.339,26.0,130.0,0.1
26615,ZONGO,2024,-0.979,2023-04-01,2024-03-31,2126.629301325489,0.0,6.780416295816637,,,,,True,training_population,-16.274,-68.143898,RGI60-16.00543,16,5307.0,2.339,26.0,130.0,0.1
3366,JOHNSONS,2002,0.02,2001-02-20,2002-01-09,33.2,723.3999999999999,-0.0551020408163265,639.8000000000001,149.7,789.5,324,False,external_holdout,-62.668999,-60.353901,RGI60-19.02059,19,-999.0,5.493,6.7,273.0,0.2
3366,JOHNSONS,2003,-0.16,2002-01-10,2003-02-14,78.0,668.1,0.2499999999999999,592.8,208.90000000000003,801.7,401,False,external_holdout,-62.668999,-60.353901,RGI60-19.02059,19,-999.0,5.493,6.7,273.0,0.2
3366,JOHNSONS,2004,0.08,2003-02-15,2004-02-17,63.5,796.3,-0.4655913978494624,732.0,151.39999999999998,883.4,368,False,external_holdout,-62.668999,-60.353901,RGI60-19.02059,19,-999.0,5.493,6.7,273.0,0.2
3366,JOHNSONS,2005,0.22,2004-02-18,2005-02-17,81.2,739.3,0.1406593406593406,647.3,255.9,903.2,366,False,external_holdout,-62.668999,-60.353901,RGI60-19.02059,19,-999.0,5.493,6.7,273.0,0.2
3366,JOHNSONS,2006,-0.33,2005-02-18,2006-02-22,78.1,553.9000000000001,-0.0484210526315789,484.2,141.70000000000002,625.9000000000001,370,False,external_holdout,-62.668999,-60.353901,RGI60-19.02059,19,-999.0,5.493,6.7,273.0,0.2
3366,JOHNSONS,2007,-0.29,2006-02-23,2007-02-23,108.7,651.8,0.2318681318681319,584.7,258.5,843.1999999999999,366,False,external_holdout,-62.668999,-60.353901,RGI60-19.02059,19,-999.0,5.493,6.7,273.0,0.2
3366,JOHNSONS,2008,0.09,2007-02-24,2008-02-20,43.89999999999999,713.8,-0.1264367816091954,674.8,118.8,793.6,362,False,external_holdout,-62.668999,-60.353901,RGI60-19.02059,19,-999.0,5.493,6.7,273.0,0.2
3366,JOHNSONS,2009,-0.17,2008-02-21,2009-02-10,70.8,748.0,0.0901234567901234,609.0999999999999,234.7,843.8,356,False,external_holdout,-62.668999,-60.353901,RGI60-19.02059,19,-999.0,5.493,6.7,273.0,0.2
3366,JOHNSONS,2010,0.51,2009-02-11,2010-02-28,41.5,887.0,-0.6796296296296296,808.5999999999999,125.0,933.6,383,False,external_holdout,-62.668999,-60.353901,RGI60-19.02059,19,-999.0,5.493,6.7,273.0,0.2
3366,JOHNSONS,2011,0.5,2010-02-28,2011-03-02,62.50000000000001,939.2,-0.4395604395604395,830.6,210.8,1041.4,368,False,external_holdout,-62.668999,-60.353901,RGI60-19.02059,19,-999.0,5.493,6.7,273.0,0.2
3366,JOHNSONS,2012,0.4,2011-03-01,2012-02-17,38.3,760.5,-0.1518987341772152,672.6,163.9,836.5,354,False,external_holdout,-62.668999,-60.353901,RGI60-19.02059,19,-999.0,5.493,6.7,273.0,0.2
3366,JOHNSONS,2013,0.39,2012-02-17,2013-02-18,47.0,853.2,-0.9311827956989248,768.5,134.9,903.4,368,False,external_holdout,-62.668999,-60.353901,RGI60-19.02059,19,-999.0,5.493,6.7,273.0,0.2
3366,JOHNSONS,2014,0.59,2014-01-23,2014-02-06,0.1,20.9,-1.2266666666666666,20.8,0.1,20.9,15,False,external_holdout,-62.668999,-60.353901,RGI60-19.02059,19,-999.0,5.493,6.7,273.0,0.2
3366,JOHNSONS,2015,0.75,2014-12-05,2015-02-02,21.3,65.60000000000001,-0.4133333333333333,65.0,35.2,100.2,60,False,external_holdout,-62.668999,-60.353901,RGI60-19.02059,19,-999.0,5.493,6.7,273.0,0.2
3366,JOHNSONS,2016,0.53,2015-12-17,2016-02-22,23.4,94.5,-0.4249999999999999,86.9,27.500000000000004,114.4,68,False,external_holdout,-62.668999,-60.353901,RGI60-19.02059,19,-999.0,5.493,6.7,273.0,0.2
3366,JOHNSONS,2017,-0.03,2016-12-10,2017-03-03,47.49999999999999,104.6,0.0086419753086419,86.9,74.8,161.7,84,False,external_holdout,-62.668999,-60.353901,RGI60-19.02059,19,-999.0,5.493,6.7,273.0,0.2
3366,JOHNSONS,2018,-0.08,2017-04-01,2018-03-31,94.3,806.0,0.2466666666666666,736.3,274.5,1010.8,365,True,external_holdout,-62.668999,-60.353901,RGI60-19.02059,19,-999.0,5.493,6.7,273.0,0.2
3366,JOHNSONS,2019,0.55,2018-04-01,2019-03-31,41.50000000000001,763.0,-0.5655555555555555,665.0,150.60000000000002,815.5999999999999,365,True,external_holdout,-62.668999,-60.353901,RGI60-19.02059,19,-999.0,5.493,6.7,273.0,0.2
3366,JOHNSONS,2020,-0.8,2019-12-24,2020-02-20,75.39999999999999,17.099999999999998,1.2322033898305085,7.499999999999999,95.0,102.5,59,False,external_holdout,-62.668999,-60.353901,RGI60-19.02059,19,-999.0,5.493,6.7,273.0,0.2
3366,JOHNSONS,2021,0.21,2021-01-26,2021-02-03,1.6,18.4,-0.2111111111111111,17.3,6.1,23.4,9,False,external_holdout,-62.668999,-60.353901,RGI60-19.02059,19,-999.0,5.493,6.7,273.0,0.2
3366,JOHNSONS,2022,0.19,2021-12-26,2022-03-16,44.0,142.0,0.3907692307692307,124.4,57.7,182.1,81,False,external_holdout,-62.668999,-60.353901,RGI60-19.02059,19,-999.0,5.493,6.7,273.0,0.2
3366,JOHNSONS,2023,0.2,2022-12-23,2023-03-13,70.7,105.8,0.7058823529411766,91.7,131.10000000000002,222.8,81,False,external_holdout,-62.668999,-60.353901,RGI60-19.02059,19,-999.0,5.493,6.7,273.0,0.2
3366,JOHNSONS,2024,0.32,2023-04-01,2024-03-31,23.1,756.1,-0.6903225806451614,681.0,89.79999999999998,770.8000000000001,275,True,external_holdout,-62.668999,-60.353901,RGI60-19.02059,19,-999.0,5.493,6.7,273.0,0.2
3367,HURD,2002,-0.14,2001-02-20,2002-01-09,31.500000000000004,749.0999999999999,-0.0673469387755101,666.0999999999999,160.2,826.3,324,False,external_holdout,-62.687801,-60.401501,RGI60-19.02056,19,-999.0,2.024,8.6,206.0,0.2
3367,HURD,2003,-0.52,2002-01-10,2003-02-14,76.6,665.2,0.2777777777777778,609.2,222.9,832.1,401,False,external_holdout,-62.687801,-60.401501,RGI60-19.02056,19,-999.0,2.024,8.6,206.0,0.2
3367,HURD,2004,0.01,2003-02-15,2004-02-17,57.2,852.9000000000001,-0.3881720430107527,754.1,164.79999999999998,918.9,368,False,external_holdout,-62.687801,-60.401501,RGI60-19.02056,19,-999.0,2.024,8.6,206.0,0.2
3367,HURD,2005,-0.12,2004-02-18,2005-02-17,74.89999999999999,784.9,0.1065934065934066,666.0,275.5,941.5,366,False,external_holdout,-62.687801,-60.401501,RGI60-19.02056,19,-999.0,2.024,8.6,206.0,0.2
3367,HURD,2006,-0.86,2005-02-18,2006-02-22,82.6,578.4,0.1357894736842105,506.6,148.3,654.9000000000001,370,False,external_holdout,-62.687801,-60.401501,RGI60-19.02056,19,-999.0,2.024,8.6,206.0,0.2
3367,HURD,2007,-0.54,2006-02-23,2007-02-23,111.1,704.6,0.2538461538461539,618.9000000000001,276.4,895.3,366,False,external_holdout,-62.687801,-60.401501,RGI60-19.02056,19,-999.0,2.024,8.6,206.0,0.2
3367,HURD,2008,0.19,2007-02-24,2008-02-20,38.8,747.4,-0.1793103448275862,693.0,125.3,818.3,362,False,external_holdout,-62.687801,-60.401501,RGI60-19.02056,19,-999.0,2.024,8.6,206.0,0.2
3367,HURD,2009,-0.39,2008-02-21,2009-02-10,72.2,773.0,0.1777777777777777,630.9000000000001,249.5,880.4,356,False,external_holdout,-62.687801,-60.401501,RGI60-19.02056,19,-999.0,2.024,8.6,206.0,0.2
3367,HURD,2010,0.54,2009-02-11,2010-02-25,38.0,880.6,-0.6609523809523808,803.0,125.3,928.3,380,False,external_holdout,-62.687801,-60.401501,RGI60-19.02056,19,-999.0,2.024,8.6,206.0,0.2
3367,HURD,2011,0.29,2010-02-26,2011-02-26,46.5,1006.8,-0.4527472527472528,866.7,215.1,1081.8,366,False,external_holdout,-62.687801,-60.401501,RGI60-19.02056,19,-999.0,2.024,8.6,206.0,0.2
3367,HURD,2012,-0.19,2011-02-26,2012-02-15,37.0,812.5,-0.1062499999999999,714.0,182.8,896.8,355,False,external_holdout,-62.687801,-60.401501,RGI60-19.02056,19,-999.0,2.024,8.6,206.0,0.2
3367,HURD,2013,0.21,2012-02-15,2013-02-18,38.0,877.4,-0.8736842105263156,786.9000000000001,140.6,927.5,370,False,external_holdout,-62.687801,-60.401501,RGI60-19.02056,19,-999.0,2.024,8.6,206.0,0.2
3367,HURD,2014,0.4,2014-01-23,2014-02-06,0.0,20.0,-1.153333333333333,19.8,0.2,20.0,15,False,external_holdout,-62.687801,-60.401501,RGI60-19.02056,19,-999.0,2.024,8.6,206.0,0.2
3367,HURD,2015,0.56,2014-12-04,2015-02-05,19.9,90.9,-0.4609374999999999,74.9,54.9,129.8,64,False,external_holdout,-62.687801,-60.401501,RGI60-19.02056,19,-999.0,2.024,8.6,206.0,0.2
3367,HURD,2016,0.29,2015-12-20,2016-02-18,14.0,81.1,-0.6196721311475409,74.5,19.3,93.8,61,False,external_holdout,-62.687801,-60.401501,RGI60-19.02056,19,-999.0,2.024,8.6,206.0,0.2
3367,HURD,2017,-0.42,2016-12-10,2017-03-02,45.7,75.8,0.0592592592592592,79.9,83.60000000000001,163.5,83,False,external_holdout,-62.687801,-60.401501,RGI60-19.02056,19,-999.0,2.024,8.6,206.0,0.2
3367,HURD,2018,-0.56,2017-04-01,2018-03-31,85.4,858.2,0.2144444444444444,760.5,291.2,1051.6999999999998,365,True,external_holdout,-62.687801,-60.401501,RGI60-19.02056,19,-999.0,2.024,8.6,206.0,0.2
3367,HURD,2019,0.19,2018-04-01,2019-03-31,33.8,811.7,-0.5499999999999999,692.3,162.6,854.9,365,True,external_holdout,-62.687801,-60.401501,RGI60-19.02056,19,-999.0,2.024,8.6,206.0,0.2
3367,HURD,2020,-1.18,2019-12-24,2020-02-20,64.2,45.60000000000001,1.042372881355932,8.400000000000002,99.1,107.5,59,False,external_holdout,-62.687801,-60.401501,RGI60-19.02056,19,-999.0,2.024,8.6,206.0,0.2
3367,HURD,2021,-0.18,2021-01-26,2021-02-03,1.4,17.5,-0.1444444444444444,15.8,6.9,22.700000000000003,9,False,external_holdout,-62.687801,-60.401501,RGI60-19.02056,19,-999.0,2.024,8.6,206.0,0.2
3367,HURD,2022,-0.11,2021-12-27,2022-03-14,32.800000000000004,136.2,0.2171875,112.6,63.69999999999999,176.3,78,False,external_holdout,-62.687801,-60.401501,RGI60-19.02056,19,-999.0,2.024,8.6,206.0,0.2
3367,HURD,2023,-0.56,2022-12-23,2023-03-09,66.49999999999999,93.8,0.7441176470588236,83.19999999999999,126.0,209.2,77,False,external_holdout,-62.687801,-60.401501,RGI60-19.02056,19,-999.0,2.024,8.6,206.0,0.2
3367,HURD,2024,-0.38,2023-04-01,2024-03-31,17.200000000000003,797.0,-0.7709677419354837,724.8,94.4,819.2,275,True,external_holdout,-62.687801,-60.401501,RGI60-19.02056,19,-999.0,2.024,8.6,206.0,0.2
3996,MERA,2008,0.15,2007-11-17,2008-11-06,0.2,1871.5,-1.082608695652174,265.9,1605.6,1871.5,356,False,external_holdout,27.713005,86.880918,RGI60-15.03586,15,5470.0,1.436,17.6,360.0,0.2
3996,MERA,2009,-0.35,2008-11-06,2009-11-05,9.6,1623.9999999999998,-1.0065217391304349,260.1,1441.7,1701.7999999999995,365,False,external_holdout,27.713005,86.880918,RGI60-15.03586,15,5470.0,1.436,17.6,360.0,0.2
3996,MERA,2010,-0.75,2009-11-05,2010-11-11,4.0,1916.2000000000005,-0.9336956521739131,231.9,1684.3,1916.2000000000005,372,False,external_holdout,27.713005,86.880918,RGI60-15.03586,15,5470.0,1.436,17.6,360.0,0.2
3996,MERA,2011,0.26,2010-11-11,2011-11-10,0.1,2236.3,-1.659782608695652,338.3,1898.0,2236.3,365,False,external_holdout,27.713005,86.880918,RGI60-15.03586,15,5470.0,1.436,17.6,360.0,0.2
3996,MERA,2012,-0.9,2011-11-10,2012-11-23,4.2,1818.6,-0.9967391304347823,287.0,1531.6,1818.6,380,False,external_holdout,27.713005,86.880918,RGI60-15.03586,15,5470.0,1.436,17.6,360.0,0.2
3996,MERA,2013,0.19,2012-11-23,2013-11-20,0.3,1926.8,-1.1206521739130435,319.0,1607.8,1926.8,363,False,external_holdout,27.713005,86.880918,RGI60-15.03586,15,5470.0,1.436,17.6,360.0,0.2
3996,MERA,2014,-0.41,2013-11-20,2014-12-08,3.8,1779.4,-1.0793478260869565,269.0,1510.4,1779.4,384,False,external_holdout,27.713005,86.880918,RGI60-15.03586,15,5470.0,1.436,17.6,360.0,0.2
3996,MERA,2015,-0.22,2014-12-08,2015-12-08,0.2,1652.5,-1.691304347826087,371.7,1280.8,1652.5,366,False,external_holdout,27.713005,86.880918,RGI60-15.03586,15,5470.0,1.436,17.6,360.0,0.2
3996,MERA,2016,-0.42,2015-12-08,2016-11-21,0.7,1919.1,-1.3217391304347823,192.6,1726.5000000000002,1919.1,350,False,external_holdout,27.713005,86.880918,RGI60-15.03586,15,5470.0,1.436,17.6,360.0,0.2
3996,MERA,2017,-0.76,2016-11-21,2017-11-08,2.0,1722.5000000000002,-1.3793478260869565,210.3,1512.2,1722.5000000000002,353,False,external_holdout,27.713005,86.880918,RGI60-15.03586,15,5470.0,1.436,17.6,360.0,0.2
3996,MERA,2018,-0.92,2017-11-08,2018-11-21,0.7,1824.0,-1.083695652173913,227.3,1596.7000000000005,1824.0,379,False,external_holdout,27.713005,86.880918,RGI60-15.03586,15,5470.0,1.436,17.6,360.0,0.2
3996,MERA,2019,-0.8,2018-11-21,2019-11-12,0.2,1632.6,-1.3228260869565216,298.0,1334.6000000000004,1632.6,357,False,external_holdout,27.713005,86.880918,RGI60-15.03586,15,5470.0,1.436,17.6,360.0,0.2
3996,MERA,2020,-0.49,2019-11-12,2020-11-24,8.599999999999998,2271.9,-0.8978260869565219,376.4,1923.4,2299.8,379,False,external_holdout,27.713005,86.880918,RGI60-15.03586,15,5470.0,1.436,17.6,360.0,0.2
3996,MERA,2021,0.29,2020-11-24,2021-11-14,6.4,2112.2,-0.9043478260869569,298.4,1837.7,2136.1,356,False,external_holdout,27.713005,86.880918,RGI60-15.03586,15,5470.0,1.436,17.6,360.0,0.2
3996,MERA,2022,-0.85,2021-11-14,2022-11-13,4.8,1944.5,-0.8184782608695652,235.3,1709.2,1944.5,365,False,external_holdout,27.713005,86.880918,RGI60-15.03586,15,5470.0,1.436,17.6,360.0,0.2
3996,MERA,2023,-0.83,2022-11-13,2023-11-12,12.5,1781.4,-0.9293478260869564,256.29999999999995,1525.1,1781.4,365,False,external_holdout,27.713005,86.880918,RGI60-15.03586,15,5470.0,1.436,17.6,360.0,0.2
3996,MERA,2024,-1.28,2023-12-01,2024-11-30,0.0,16.299999999999997,,16.299999999999997,0.0,16.299999999999997,31,False,external_holdout,27.713005,86.880918,RGI60-15.03586,15,5470.0,1.436,17.6,360.0,0.2
3997,POKALDE,2010,-0.98,2009-11-20,2010-10-26,133.5,454.00000000000006,1.2695652173913043,625.6,167.2,792.8000000000001,341,False,external_holdout,27.92656,86.83137,RGI60-15.03416,15,5536.0,0.107,27.6,336.0,0.2
3997,POKALDE,2011,-0.02,2010-10-26,2011-10-20,73.8,766.4,0.4630434782608695,814.0999999999999,129.39999999999998,943.5,360,False,external_holdout,27.92656,86.83137,RGI60-15.03416,15,5536.0,0.107,27.6,336.0,0.2
3997,POKALDE,2012,-1.12,2011-10-20,2012-12-12,137.00000000000003,500.80000000000007,1.2652173913043476,642.0,196.8,838.8000000000001,420,False,external_holdout,27.92656,86.83137,RGI60-15.03416,15,5536.0,0.107,27.6,336.0,0.2
3997,POKALDE,2013,-0.07,2012-10-01,2013-09-30,119.7,476.6,1.1543478260869566,637.6000000000001,210.49999999999997,848.0999999999998,365,True,external_holdout,27.92656,86.83137,RGI60-15.03416,15,5536.0,0.107,27.6,336.0,0.2
3997,POKALDE,2014,-1.23,2013-12-04,2014-11-20,120.6,515.0,1.1108695652173912,639.2,196.3,835.5,352,False,external_holdout,27.92656,86.83137,RGI60-15.03416,15,5536.0,0.107,27.6,336.0,0.2
3997,POKALDE,2015,-0.7,2014-11-20,2015-12-01,58.8,598.8,0.3641304347826087,588.7,115.2,703.9000000000001,377,False,external_holdout,27.92656,86.83137,RGI60-15.03416,15,5536.0,0.107,27.6,336.0,0.2
3997,POKALDE,2016,-0.46,2015-12-01,2016-11-07,79.0,548.0999999999999,0.6173913043478262,555.5,182.3,737.8000000000001,343,False,external_holdout,27.92656,86.83137,RGI60-15.03416,15,5536.0,0.107,27.6,336.0,0.2
3997,POKALDE,2017,-0.89,2016-11-07,2017-11-19,71.39999999999999,440.3,0.5532608695652174,508.5,143.0,651.5,378,False,external_holdout,27.92656,86.83137,RGI60-15.03416,15,5536.0,0.107,27.6,336.0,0.2
3997,POKALDE,2018,-1.29,2017-11-19,2018-11-07,88.0,471.7000000000001,0.8032608695652173,549.7,184.3,734.0,354,False,external_holdout,27.92656,86.83137,RGI60-15.03416,15,5536.0,0.107,27.6,336.0,0.2
3997,POKALDE,2019,-1.12,2018-11-07,2019-11-23,97.7,481.2,0.6326086956521739,563.0,146.39999999999998,709.4,382,False,external_holdout,27.92656,86.83137,RGI60-15.03416,15,5536.0,0.107,27.6,336.0,0.2
3997,POKALDE,2020,-0.97,2019-11-23,2020-12-04,149.0,545.6,1.1108695652173912,742.7,198.2,940.9,378,False,external_holdout,27.92656,86.83137,RGI60-15.03416,15,5536.0,0.107,27.6,336.0,0.2
3997,POKALDE,2021,-0.15,2020-12-04,2021-11-26,118.6,673.9,1.1228260869565216,843.5999999999999,188.4,1032.0,358,False,external_holdout,27.92656,86.83137,RGI60-15.03416,15,5536.0,0.107,27.6,336.0,0.2
3997,POKALDE,2022,-0.84,2021-11-26,2022-11-23,109.3,491.8,1.0934782608695657,587.4000000000001,161.79999999999998,749.2,363,False,external_holdout,27.92656,86.83137,RGI60-15.03416,15,5536.0,0.107,27.6,336.0,0.2
3997,POKALDE,2023,-2.35,2022-11-23,2023-11-21,140.1,339.70000000000005,1.0445652173913045,428.7000000000001,235.0,663.7,364,False,external_holdout,27.92656,86.83137,RGI60-15.03416,15,5536.0,0.107,27.6,336.0,0.2
3997,POKALDE,2024,-2.36,2023-12-01,2024-11-30,0.0,7.4,,7.299999999999999,0.1,7.4,31,False,external_holdout,27.92656,86.83137,RGI60-15.03416,15,5536.0,0.107,27.6,336.0,0.2
794,LEVIY AKTRU,1977,0.24,1976-10-01,1977-09-30,191.6,493.5,1.7532608695652172,323.1,382.2,705.3,365,True,training_population,50.0816,87.692101,RGI60-10.01737,10,3330.0,5.668,21.1,88.0,0.2
794,LEVIY AKTRU,1978,-0.37,1977-10-01,1978-09-30,201.5,447.7,0.9456521739130436,340.6,308.0,648.6,365,True,training_population,50.0816,87.692101,RGI60-10.01737,10,3330.0,5.668,21.1,88.0,0.2
794,LEVIY AKTRU,1979,-0.63,1978-10-01,1979-09-30,238.5,397.1,1.576086956521739,315.0,312.40000000000003,627.4000000000001,365,True,training_population,50.0816,87.692101,RGI60-10.01737,10,3330.0,5.668,21.1,88.0,0.2
794,LEVIY AKTRU,1980,-0.02,1979-10-01,1980-09-30,240.9,424.2,1.5706521739130437,297.8,340.40000000000003,638.2,366,True,training_population,50.0816,87.692101,RGI60-10.01737,10,3330.0,5.668,21.1,88.0,0.2
794,LEVIY AKTRU,1981,-0.32,1980-09-23,1981-09-14,205.4,369.4,2.065217391304348,254.7,355.1,609.8,357,False,training_population,50.0816,87.692101,RGI60-10.01737,10,3330.0,5.668,21.1,88.0,0.2
794,LEVIY AKTRU,1982,-0.41,1981-09-14,1982-09-18,232.1,369.5,1.864130434782609,223.3,381.4,604.7,370,False,training_population,50.0816,87.692101,RGI60-10.01737,10,3330.0,5.668,21.1,88.0,0.2
794,LEVIY AKTRU,1983,0.28,1982-09-18,1983-09-06,170.09999999999997,425.4,0.7521739130434781,332.1,268.5,600.5999999999999,354,False,training_population,50.0816,87.692101,RGI60-10.01737,10,3330.0,5.668,21.1,88.0,0.2
794,LEVIY AKTRU,1984,0.32,1983-09-06,1984-09-03,152.4,474.9000000000001,0.6836956521739129,297.9,379.5,677.4,364,False,training_population,50.0816,87.692101,RGI60-10.01737,10,3330.0,5.668,21.1,88.0,0.2
794,LEVIY AKTRU,1985,0.15,1984-09-03,1985-09-05,149.2,445.4000000000001,0.4956521739130435,284.5,290.00000000000006,574.5,368,False,training_population,50.0816,87.692101,RGI60-10.01737,10,3330.0,5.668,21.1,88.0,0.2
794,LEVIY AKTRU,1986,0.06,1985-09-05,1986-09-01,229.2,391.0,1.8380434782608692,267.4,324.90000000000003,592.3,362,False,training_population,50.0816,87.692101,RGI60-10.01737,10,3330.0,5.668,21.1,88.0,0.2
794,LEVIY AKTRU,1987,0.2,1986-09-01,1987-08-31,224.1,464.6,1.451086956521739,336.5,267.3,603.8,365,False,training_population,50.0816,87.692101,RGI60-10.01737,10,3330.0,5.668,21.1,88.0,0.2
794,LEVIY AKTRU,1988,0.37,1987-08-31,1988-09-13,187.00000000000003,549.8,0.8086021505376346,397.1,277.7,674.8000000000001,380,False,training_population,50.0816,87.692101,RGI60-10.01737,10,3330.0,5.668,21.1,88.0,0.2
794,LEVIY AKTRU,1989,0.03,1988-09-13,1989-09-05,225.1,393.5,1.401086956521739,250.4,315.5,565.9,358,False,training_population,50.0816,87.692101,RGI60-10.01737,10,3330.0,5.668,21.1,88.0,0.2
794,LEVIY AKTRU,1990,0.05,1989-09-05,1990-09-08,202.3,440.7,1.7391304347826086,264.1,452.6,716.7,369,False,training_population,50.0816,87.692101,RGI60-10.01737,10,3330.0,5.668,21.1,88.0,0.2
794,LEVIY AKTRU,1991,-0.48,1990-09-09,1991-08-30,275.7,356.6,2.3010989010989005,220.3,367.8,588.0999999999999,356,False,training_population,50.0816,87.692101,RGI60-10.01737,10,3330.0,5.668,21.1,88.0,0.2
794,LEVIY AKTRU,1992,-0.19,1991-08-31,1992-09-02,201.6,457.4,1.2483870967741937,303.1,291.6,594.6999999999999,369,False,training_population,50.0816,87.692101,RGI60-10.01737,10,3330.0,5.668,21.1,88.0,0.2
794,LEVIY AKTRU,1993,0.24,1992-09-03,1993-09-05,188.5,475.4,1.3815217391304346,313.5,367.6,681.0999999999999,368,False,training_population,50.0816,87.692101,RGI60-10.01737,10,3330.0,5.668,21.1,88.0,0.2
794,LEVIY AKTRU,1994,-0.36,1993-09-06,1994-08-28,205.40000000000003,453.6,1.9213483146067416,305.70000000000005,361.30000000000007,667.0,357,False,training_population,50.0816,87.692101,RGI60-10.01737,10,3330.0,5.668,21.1,88.0,0.2
794,LEVIY AKTRU,1995,-0.03,1994-08-29,1995-08-26,216.9,478.1,1.3,386.0,299.40000000000003,685.4,363,False,training_population,50.0816,87.692101,RGI60-10.01737,10,3330.0,5.668,21.1,88.0,0.2
794,LEVIY AKTRU,1996,-0.17,1995-08-27,1996-08-29,264.2,444.2000000000001,1.4968421052631578,294.7,353.70000000000005,648.4,369,False,training_population,50.0816,87.692101,RGI60-10.01737,10,3330.0,5.668,21.1,88.0,0.2
794,LEVIY AKTRU,1997,-0.15,1996-08-29,1997-08-31,255.9,463.9,0.9757894736842108,339.0,359.0,698.0,368,False,training_population,50.0816,87.692101,RGI60-10.01737,10,3330.0,5.668,21.1,88.0,0.2
794,LEVIY AKTRU,1998,-1.12,1997-08-31,1998-09-11,345.6,359.8,3.2494623655913983,242.3,341.3,583.5999999999999,377,False,training_population,50.0816,87.692101,RGI60-10.01737,10,3330.0,5.668,21.1,88.0,0.2
794,LEVIY AKTRU,1999,-0.14,1998-09-11,1999-09-02,315.0,369.6,2.755434782608696,272.4,342.20000000000005,614.5999999999999,357,False,training_population,50.0816,87.692101,RGI60-10.01737,10,3330.0,5.668,21.1,88.0,0.2
794,LEVIY AKTRU,2000,-0.29,1999-09-02,2000-09-03,262.49999999999994,392.5,2.280434782608696,300.1,274.90000000000003,575.0,368,False,training_population,50.0816,87.692101,RGI60-10.01737,10,3330.0,5.668,21.1,88.0,0.2
794,LEVIY AKTRU,2001,-0.24,2000-09-04,2001-09-08,278.1,430.50000000000006,2.5706521739130435,303.30000000000007,312.2,615.5,370,False,training_population,50.0816,87.692101,RGI60-10.01737,10,3330.0,5.668,21.1,88.0,0.01
794,LEVIY AKTRU,2002,-0.37,2001-09-09,2002-09-06,311.3,354.6,3.0934782608695657,248.1,340.7,588.8,363,False,training_population,50.0816,87.692101,RGI60-10.01737,10,3330.0,5.668,21.1,88.0,0.01
794,LEVIY AKTRU,2003,-0.4,2002-09-07,2003-09-05,206.6,401.8,1.7097826086956522,230.1,395.5,625.6,364,False,training_population,50.0816,87.692101,RGI60-10.01737,10,3330.0,5.668,21.1,88.0,0.01
794,LEVIY AKTRU,2004,-0.26,2003-09-06,2004-09-07,301.99999999999994,390.69999999999993,2.1293478260869563,268.1,310.0,578.1,368,False,training_population,50.0816,87.692101,RGI60-10.01737,10,3330.0,5.668,21.1,88.0,0.01
794,LEVIY AKTRU,2005,0.04,2004-09-08,2005-08-30,261.1,410.80000000000007,2.2065934065934063,314.1,295.0,609.1,357,False,training_population,50.0816,87.692101,RGI60-10.01737,10,3330.0,5.668,21.1,88.0,0.01
794,LEVIY AKTRU,2006,-0.19,2005-10-01,2006-09-30,194.5,497.7,1.251086956521739,325.5,382.5,708.0,365,True,training_population,50.0816,87.692101,RGI60-10.01737,10,3330.0,5.668,21.1,88.0,0.2
794,LEVIY AKTRU,2007,-0.32,2006-10-01,2007-09-30,316.4,437.5,2.5423913043478263,277.20000000000005,315.7,592.9000000000001,365,True,training_population,50.0816,87.692101,RGI60-10.01737,10,3330.0,5.668,21.1,88.0,0.2
794,LEVIY AKTRU,2008,-0.81,2007-10-01,2008-09-30,328.8,421.9,3.0641304347826086,284.1,282.3,566.4,366,True,training_population,50.0816,87.692101,RGI60-10.01737,10,3330.0,5.668,21.1,88.0,0.2
794,LEVIY AKTRU,2009,0.47,2008-10-01,2009-09-30,141.6,514.8,0.3510869565217391,357.6,296.8,654.4,365,True,training_population,50.0816,87.692101,RGI60-10.01737,10,3330.0,5.668,21.1,88.0,0.2
794,LEVIY AKTRU,2010,0.21,2009-10-01,2010-09-30,281.8999999999999,512.5,2.132608695652174,391.8,305.4,697.1999999999999,365,True,training_population,50.0816,87.692101,RGI60-10.01737,10,3330.0,5.668,21.1,88.0,0.2
794,LEVIY AKTRU,2011,-0.48,2010-10-01,2011-09-30,275.5,377.3,2.5521739130434784,284.29999999999995,298.7,583.0,365,True,training_population,50.0816,87.692101,RGI60-10.01737,10,3330.0,5.668,21.1,88.0,0.2
794,LEVIY AKTRU,2012,-1.02,2011-10-01,2012-09-30,347.6,286.8,3.4423913043478267,219.3,380.1,599.4000000000001,366,True,training_population,50.0816,87.692101,RGI60-10.01737,10,3330.0,5.668,21.1,88.0,0.2
794,LEVIY AKTRU,2019,-0.425,2018-09-15,2019-08-24,233.5,376.3,2.3729411764705883,262.20000000000005,312.2,574.4,344,False,training_population,50.0816,87.692101,RGI60-10.01737,10,3330.0,5.668,21.1,88.0,0.2
794,LEVIY AKTRU,2020,-0.947,2019-08-24,2020-08-26,270.4,434.4,2.0694736842105264,304.4,479.1,783.5,369,False,training_population,50.0816,87.692101,RGI60-10.01737,10,3330.0,5.668,21.1,88.0,0.2
794,LEVIY AKTRU,2021,-0.531,2020-08-26,2021-08-26,252.20000000000005,426.30000000000007,2.003225806451613,301.3,303.8,605.1,366,False,training_population,50.0816,87.692101,RGI60-10.01737,10,3330.0,5.668,21.1,88.0,0.2
794,LEVIY AKTRU,2022,-0.603,2021-08-26,2022-08-30,278.1,387.3,1.5154639175257731,262.0,345.70000000000005,607.7,370,False,training_population,50.0816,87.692101,RGI60-10.01737,10,3330.0,5.668,21.1,88.0,0.2
794,LEVIY AKTRU,2023,-0.737,2022-08-30,2023-09-09,322.0999999999999,513.0999999999999,2.66063829787234,397.7,331.29999999999995,729.0000000000001,376,False,training_population,50.0816,87.692101,RGI60-10.01737,10,3330.0,5.668,21.1,88.0,0.2
794,LEVIY AKTRU,2024,-1.025,2023-09-09,2024-09-03,399.7000000000001,478.7,4.140217391304348,383.5,384.8,768.3,361,False,training_population,50.0816,87.692101,RGI60-10.01737,10,3330.0,5.668,21.1,88.0,0.05
794,LEVIY AKTRU,2025,-0.588,2024-09-03,2025-09-04,322.0,474.0,3.3282608695652174,344.4,334.40000000000003,678.8,367,False,training_population,50.0816,87.692101,RGI60-10.01737,10,3330.0,5.668,21.1,88.0,0.05
226,YANAMAREY,1978,-1.5,1977-04-01,1978-03-31,94.20000000000002,1626.1,0.4922222222222221,289.1,1495.3000000000002,1784.4,365,True,external_holdout,-9.6529,-77.2709,RGI60-16.02086,16,4929.0,0.282,27.9,169.0,0.2
226,YANAMAREY,1979,-1.5,1978-04-01,1979-03-31,129.89999999999998,1491.6999999999998,0.6688888888888889,280.20000000000005,1508.4,1788.6,365,True,external_holdout,-9.6529,-77.2709,RGI60-16.02086,16,4929.0,0.282,27.9,169.0,0.2
226,YANAMAREY,1980,-1.5,1979-04-01,1980-03-31,180.9,1251.9,0.4714285714285715,245.29999999999995,1316.4,1561.7000000000005,366,True,external_holdout,-9.6529,-77.2709,RGI60-16.02086,16,4929.0,0.282,27.9,169.0,0.2
226,YANAMAREY,1981,-1.5,1980-04-01,1981-03-31,116.9,1572.7,0.2822222222222222,282.4,1425.1999999999998,1707.6,365,True,external_holdout,-9.6529,-77.2709,RGI60-16.02086,16,4929.0,0.282,27.9,169.0,0.2
226,YANAMAREY,1982,-1.5,1981-04-01,1982-03-31,125.6,1601.2,0.2888888888888889,375.9,1436.0,1811.9,365,True,external_holdout,-9.6529,-77.2709,RGI60-16.02086,16,4929.0,0.282,27.9,169.0,0.2
226,YANAMAREY,1983,-1.5,1982-04-01,1983-03-31,249.6,1042.7,1.411111111111111,214.5,1585.9,1800.4,365,True,external_holdout,-9.6529,-77.2709,RGI60-16.02086,16,4929.0,0.282,27.9,169.0,0.2
226,YANAMAREY,1984,-1.5,1983-04-01,1984-03-31,194.7,1559.5,-0.1879120879120879,294.7,1452.8,1747.5,366,True,external_holdout,-9.6529,-77.2709,RGI60-16.02086,16,4929.0,0.282,27.9,169.0,0.2
226,YANAMAREY,1985,-1.5,1984-04-01,1985-03-31,81.0,1642.7,-0.0033333333333333,384.9,1361.2,1746.1,365,True,external_holdout,-9.6529,-77.2709,RGI60-16.02086,16,4929.0,0.282,27.9,169.0,0.2
226,YANAMAREY,1986,-1.5,1985-04-01,1986-03-31,59.1,1674.5,-0.0199999999999999,400.8,1350.0,1750.8000000000004,365,True,external_holdout,-9.6529,-77.2709,RGI60-16.02086,16,4929.0,0.282,27.9,169.0,0.2
226,YANAMAREY,1987,-1.5,1986-04-01,1987-03-31,171.0,1438.4,0.8488888888888888,307.8,1487.6,1795.3999999999996,365,True,external_holdout,-9.6529,-77.2709,RGI60-16.02086,16,4929.0,0.282,27.9,169.0,0.2
226,YANAMAREY,1988,-1.5,1987-04-01,1988-03-31,272.5,1258.4,0.912087912087912,229.2,1706.2000000000005,1935.4,366,True,external_holdout,-9.6529,-77.2709,RGI60-16.02086,16,4929.0,0.282,27.9,169.0,0.2
226,YANAMAREY,2005,-1.962,2004-04-01,2005-03-31,231.80000000000004,1124.6999999999998,1.0500000000000005,230.5,1457.1999999999998,1687.6999999999998,365,True,external_holdout,-9.6529,-77.2709,RGI60-16.02086,16,4929.0,0.282,27.9,169.0,0.2
226,YANAMAREY,2006,-1.712,2005-04-01,2006-03-31,248.4,997.1,0.7077777777777778,174.59999999999997,1389.1000000000004,1563.7,365,True,external_holdout,-9.6529,-77.2709,RGI60-16.02086,16,4929.0,0.282,27.9,169.0,0.2
226,YANAMAREY,2007,-1.532,2006-04-01,2007-03-31,247.8,1053.9,1.2966666666666666,225.7,1477.1,1702.8000000000002,365,True,external_holdout,-9.6529,-77.2709,RGI60-16.02086,16,4929.0,0.282,27.9,169.0,0.2
226,YANAMAREY,2008,0.089,2007-04-01,2008-03-31,151.3,1367.3000000000002,0.4021978021978022,237.0,1321.0,1558.0000000000002,366,True,external_holdout,-9.6529,-77.2709,RGI60-16.02086,16,4929.0,0.282,27.9,169.0,0.2
226,YANAMAREY,2009,-0.525,2008-04-01,2009-03-31,189.6,1349.9,0.6377777777777779,264.90000000000003,1430.6999999999998,1695.6,365,True,external_holdout,-9.6529,-77.2709,RGI60-16.02086,16,4929.0,0.282,27.9,169.0,0.2
226,YANAMAREY,2010,-0.182,2009-09-30,2010-08-27,445.8,438.2,1.652222222222222,114.7,1406.3000000000002,1521.0,332,False,external_holdout,-9.6529,-77.2709,RGI60-16.02086,16,4929.0,0.282,27.9,169.0,0.2
226,YANAMAREY,2012,-1.261,2011-10-12,2012-10-02,171.3,1346.7,0.3307692307692307,269.3,1309.5,1578.8000000000002,357,False,external_holdout,-9.6529,-77.2709,RGI60-16.02086,16,4929.0,0.282,27.9,169.0,0.2
226,YANAMAREY,2013,-1.246,2012-10-02,2013-07-11,222.2,1126.3,0.8488888888888889,187.9,1500.7,1688.6,283,False,external_holdout,-9.6529,-77.2709,RGI60-16.02086,16,4929.0,0.282,27.9,169.0,0.2
226,YANAMAREY,2014,-1.407,2013-04-01,2014-03-31,234.0,1298.1,0.7888888888888888,257.2,1543.4,1800.6000000000004,365,True,external_holdout,-9.6529,-77.2709,RGI60-16.02086,16,4929.0,0.282,27.9,169.0,0.2
226,YANAMAREY,2015,-0.563,2014-04-01,2015-03-31,243.8,1268.7,0.8555555555555555,211.4,1553.1999999999998,1764.6,365,True,external_holdout,-9.6529,-77.2709,RGI60-16.02086,16,4929.0,0.282,27.9,169.0,0.2
226,YANAMAREY,2016,-2.505,2015-04-01,2016-03-31,477.2000000000001,665.5,2.00989010989011,180.3,1761.3999999999996,1941.7,366,True,external_holdout,-9.6529,-77.2709,RGI60-16.02086,16,4929.0,0.282,27.9,169.0,0.2
226,YANAMAREY,2017,-1.032,2016-04-01,2017-03-31,330.9,1045.4999999999998,0.8255555555555557,195.79999999999995,1546.0,1741.8000000000002,365,True,external_holdout,-9.6529,-77.2709,RGI60-16.02086,16,4929.0,0.282,27.9,169.0,0.2
226,YANAMAREY,2018,-0.36,2017-04-01,2018-03-31,321.4,1118.5,0.7266666666666666,217.0,1640.6,1857.6,365,True,external_holdout,-9.6529,-77.2709,RGI60-16.02086,16,4929.0,0.282,27.9,169.0,0.2
226,YANAMAREY,2019,-0.895,2018-04-01,2019-03-31,285.8,1063.9,1.1888888888888889,285.49999999999994,1742.7,2028.2,365,True,external_holdout,-9.6529,-77.2709,RGI60-16.02086,16,4929.0,0.282,27.9,169.0,0.2
226,YANAMAREY,2020,-0.784,2019-04-01,2020-03-31,389.8,637.8999999999999,1.6813186813186811,129.0,1602.7,1731.6999999999998,366,True,external_holdout,-9.6529,-77.2709,RGI60-16.02086,16,4929.0,0.282,27.9,169.0,0.2
226,YANAMAREY,2021,-0.752,2020-04-01,2021-03-31,319.5,1085.5,0.828888888888889,212.49999999999997,1477.8000000000002,1690.3,365,True,external_holdout,-9.6529,-77.2709,RGI60-16.02086,16,4929.0,0.282,27.9,169.0,0.2
226,YANAMAREY,2022,-0.646,2021-04-01,2022-03-31,249.1,1267.9,0.8922222222222224,201.4,1562.1,1763.5,365,True,external_holdout,-9.6529,-77.2709,RGI60-16.02086,16,4929.0,0.282,27.9,169.0,0.2
226,YANAMAREY,2023,-0.881,2022-08-10,2023-09-12,358.2,1156.3,0.5800000000000001,193.8,1475.3,1669.1,399,False,external_holdout,-9.6529,-77.2709,RGI60-16.02086,16,4929.0,0.282,27.9,169.0,0.2
226,YANAMAREY,2024,-1.345,2023-09-12,2024-08-22,633.9,311.1,2.3351648351648358,89.4,1847.2,1936.6,346,False,external_holdout,-9.6529,-77.2709,RGI60-16.02086,16,4929.0,0.282,27.9,169.0,0.2
226,YANAMAREY,2025,-0.362,2024-08-22,2025-09-17,400.8,992.1,1.117777777777778,199.5,1738.2,1937.7,392,False,external_holdout,-9.6529,-77.2709,RGI60-16.02086,16,4929.0,0.282,27.9,169.0,0.2
2921,CHHOTA SHIGRI,1987,-0.115,1986-07-02,1987-07-02,291.50000000000006,943.6,2.2580645161290325,939.1,169.20000000000002,1108.3000000000002,366,False,external_holdout,32.234901,77.515701,RGI60-14.15990,14,5011.0,16.764,19.2,349.0,0.2
2921,CHHOTA SHIGRI,1988,-0.195,1987-07-02,1988-07-01,312.2,815.0000000000001,2.214130434782609,817.1999999999999,126.9,944.1,366,False,external_holdout,32.234901,77.515701,RGI60-14.15990,14,5011.0,16.764,19.2,349.0,0.2
2921,CHHOTA SHIGRI,2003,-1.43,2002-05-20,2003-09-04,586.1999999999999,872.0,2.448369565217391,855.2,328.6,1183.8000000000002,473,False,external_holdout,32.234901,77.515701,RGI60-14.15990,14,5011.0,16.764,19.2,349.0,0.2
2921,CHHOTA SHIGRI,2004,-1.24,2003-09-04,2004-09-21,274.49999999999994,491.3,1.6630434782608696,481.5,187.7,669.2,384,False,external_holdout,32.234901,77.515701,RGI60-14.15990,14,5011.0,16.764,19.2,349.0,0.2
2921,CHHOTA SHIGRI,2005,0.13,2004-09-21,2005-10-04,261.90000000000003,924.5,1.3641304347826086,908.8,186.4,1095.2,379,False,external_holdout,32.234901,77.515701,RGI60-14.15990,14,5011.0,16.764,19.2,349.0,0.2
2921,CHHOTA SHIGRI,2006,-1.43,2005-10-04,2006-10-01,335.0,693.9000000000001,2.975,694.1999999999999,229.0,923.2,363,False,external_holdout,32.234901,77.515701,RGI60-14.15990,14,5011.0,16.764,19.2,349.0,0.2
2921,CHHOTA SHIGRI,2007,-1.0,2006-10-01,2007-10-01,385.6000000000001,631.1999999999999,3.670652173913044,605.8000000000001,176.6,782.4,366,False,external_holdout,32.234901,77.515701,RGI60-14.15990,14,5011.0,16.764,19.2,349.0,0.2
2921,CHHOTA SHIGRI,2008,-0.95,2007-10-01,2008-10-07,343.5000000000001,700.6,3.596739130434783,697.5,237.7,935.2,373,False,external_holdout,32.234901,77.515701,RGI60-14.15990,14,5011.0,16.764,19.2,349.0,0.2
2921,CHHOTA SHIGRI,2009,0.12,2008-10-07,2009-10-08,244.4,793.7,1.519565217391304,780.2,144.8,925.0,367,False,external_holdout,32.234901,77.515701,RGI60-14.15990,14,5011.0,16.764,19.2,349.0,0.2
2921,CHHOTA SHIGRI,2010,0.32,2009-10-08,2010-10-07,299.6,792.3000000000001,1.932608695652174,813.5,284.80000000000007,1098.3000000000002,365,False,external_holdout,32.234901,77.515701,RGI60-14.15990,14,5011.0,16.764,19.2,349.0,0.2
2921,CHHOTA SHIGRI,2011,0.06,2010-10-07,2011-10-09,324.70000000000005,726.5,2.2358695652173908,757.6000000000001,213.3,970.9,368,False,external_holdout,32.234901,77.515701,RGI60-14.15990,14,5011.0,16.764,19.2,349.0,0.2
2921,CHHOTA SHIGRI,2012,-0.46,2011-10-09,2012-10-11,310.99999999999994,621.0,1.733695652173913,617.3,176.8,794.0999999999999,369,False,external_holdout,32.234901,77.515701,RGI60-14.15990,14,5011.0,16.764,19.2,349.0,0.2
2921,CHHOTA SHIGRI,2013,-0.77,2012-10-11,2013-10-02,277.6,774.7,2.4,754.4000000000001,216.90000000000003,971.3,357,False,external_holdout,32.234901,77.515701,RGI60-14.15990,14,5011.0,16.764,19.2,349.0,0.2
2921,CHHOTA SHIGRI,2014,-0.08,2013-10-02,2014-10-05,243.1,728.5,1.46304347826087,726.8,161.6,888.4,369,False,external_holdout,32.234901,77.515701,RGI60-14.15990,14,5011.0,16.764,19.2,349.0,0.2
2921,CHHOTA SHIGRI,2015,-0.16,2014-10-05,2015-10-08,208.49999999999997,820.3000000000001,1.382608695652174,821.3,170.39999999999998,991.6999999999998,369,False,external_holdout,32.234901,77.515701,RGI60-14.15990,14,5011.0,16.764,19.2,349.0,0.2
2921,CHHOTA SHIGRI,2016,-0.84,2015-10-08,2016-10-04,376.7000000000001,454.2,3.465217391304348,463.8,219.1,682.9000000000001,363,False,external_holdout,32.234901,77.515701,RGI60-14.15990,14,5011.0,16.764,19.2,349.0,0.2
2921,CHHOTA SHIGRI,2017,-0.28,2016-10-04,2017-10-06,340.70000000000005,685.6,2.9076086956521747,693.0999999999999,307.0,1000.1,368,False,external_holdout,32.234901,77.515701,RGI60-14.15990,14,5011.0,16.764,19.2,349.0,0.2
2921,CHHOTA SHIGRI,2018,-0.4,2017-10-06,2018-09-14,360.1,348.0,3.117391304347826,359.9,255.8,615.6999999999999,344,False,external_holdout,32.234901,77.515701,RGI60-14.15990,14,5011.0,16.764,19.2,349.0,0.2
2921,CHHOTA SHIGRI,2019,0.537,2018-09-14,2019-09-17,246.20000000000005,983.2,0.9804347826086957,962.8,187.3,1150.1,369,False,external_holdout,32.234901,77.515701,RGI60-14.15990,14,5011.0,16.764,19.2,349.0,0.2
2921,CHHOTA SHIGRI,2022,-1.67,2021-09-11,2022-10-06,541.4000000000001,561.8,4.475,564.8,386.9000000000001,951.7,391,False,external_holdout,32.234901,77.515701,RGI60-14.15990,14,5011.0,16.764,19.2,349.0,0.4
2921,CHHOTA SHIGRI,2023,0.11,2022-10-06,2023-09-14,362.50000000000006,656.0,2.9336956521739133,703.1,333.70000000000005,1036.8,344,False,external_holdout,32.234901,77.515701,RGI60-14.15990,14,5011.0,16.764,19.2,349.0,0.2
2921,CHHOTA SHIGRI,2024,-1.14,2023-09-18,2024-09-30,522.7000000000002,594.2,4.22608695652174,588.9,343.9000000000001,932.8,379,False,external_holdout,32.234901,77.515701,RGI60-14.15990,14,5011.0,16.764,19.2,349.0,0.2
2921,CHHOTA SHIGRI,2025,-1.529,2024-10-05,2025-10-04,572.6999999999999,514.5,5.2760869565217385,568.7,460.00000000000006,1028.6999999999998,365,False,external_holdout,32.234901,77.515701,RGI60-14.15990,14,5011.0,16.764,19.2,349.0,0.2
2667,CHARQUINI SUR,2003,-0.884,2002-09-01,2003-09-01,385.6,1431.6,2.2455555555555557,31.099999999999994,2984.8,3015.9,366,False,external_holdout,-16.302999,-68.107002,RGI60-16.00532,16,5134.0,0.649,27.0,209.0,0.2
2667,CHARQUINI SUR,2004,-1.486,2003-09-01,2004-09-01,356.70000000000005,1658.3000000000002,1.8021978021978025,26.599999999999994,3031.0,3057.6000000000004,367,False,external_holdout,-16.302999,-68.107002,RGI60-16.00532,16,5134.0,0.649,27.0,209.0,0.2
2667,CHARQUINI SUR,2005,-2.499,2004-09-01,2005-09-01,413.1,1331.1,2.04,22.70000000000001,2769.4,2792.1,366,False,external_holdout,-16.302999,-68.107002,RGI60-16.00532,16,5134.0,0.649,27.0,209.0,0.2
2667,CHARQUINI SUR,2006,-0.376,2005-09-01,2006-08-31,346.1,1543.6,1.7544444444444445,8.000000000000007,2856.3,2864.3,365,False,external_holdout,-16.302999,-68.107002,RGI60-16.00532,16,5134.0,0.649,27.0,209.0,0.01
2667,CHARQUINI SUR,2007,-0.482,2006-09-06,2007-08-31,455.5,1279.9,2.495555555555556,23.6,2937.5,2961.1,360,False,external_holdout,-16.302999,-68.107002,RGI60-16.00532,16,5134.0,0.649,27.0,209.0,0.01
2667,CHARQUINI SUR,2008,0.663,2007-09-07,2008-08-31,317.4,1648.1,1.710989010989011,14.000000000000004,2767.6,2781.6,360,False,external_holdout,-16.302999,-68.107002,RGI60-16.00532,16,5134.0,0.649,27.0,209.0,0.01
2667,CHARQUINI SUR,2009,-1.617,2008-09-01,2009-08-31,336.2,1618.9,1.6044444444444448,17.500000000000007,2824.1,2841.6,365,False,external_holdout,-16.302999,-68.107002,RGI60-16.00532,16,5134.0,0.649,27.0,209.0,0.01
2667,CHARQUINI SUR,2010,-2.921,2009-09-01,2010-08-31,607.4000000000001,972.0,2.6155555555555554,10.6,3068.9,3079.5,365,False,external_holdout,-16.302999,-68.107002,RGI60-16.00532,16,5134.0,0.649,27.0,209.0,0.01
2667,CHARQUINI SUR,2011,-1.204,2010-09-01,2011-08-31,384.3,1496.1,1.8144444444444443,12.099999999999994,2822.4,2834.5,365,False,external_holdout,-16.302999,-68.107002,RGI60-16.00532,16,5134.0,0.649,27.0,209.0,0.01
2667,CHARQUINI SUR,2012,-0.039,2011-09-01,2012-08-31,301.6,1855.7,1.4043956043956043,24.79999999999999,2963.4,2988.2,366,False,external_holdout,-16.302999,-68.107002,RGI60-16.00532,16,5134.0,0.649,27.0,209.0,0.01
2667,CHARQUINI SUR,2013,0.018,2012-09-20,2013-08-31,402.5,1377.8,1.7255555555555555,17.800000000000008,2844.4,2862.2,346,False,external_holdout,-16.302999,-68.107002,RGI60-16.00532,16,5134.0,0.649,27.0,209.0,0.01
2667,CHARQUINI SUR,2014,-0.31,2013-09-24,2014-08-26,375.2000000000001,1681.0,1.6611111111111108,22.700000000000003,3208.8,3231.5,337,False,external_holdout,-16.302999,-68.107002,RGI60-16.00532,16,5134.0,0.649,27.0,209.0,0.01
2667,CHARQUINI SUR,2015,0.078,2014-08-26,2015-09-04,384.6,1675.5,1.7144444444444449,33.099999999999994,2916.0,2949.1000000000004,375,False,external_holdout,-16.302999,-68.107002,RGI60-16.00532,16,5134.0,0.649,27.0,209.0,0.01
2667,CHARQUINI SUR,2016,-2.484,2015-09-04,2016-09-05,585.0999999999999,958.1,2.71978021978022,13.000000000000004,2972.2,2985.2,368,False,external_holdout,-16.302999,-68.107002,RGI60-16.00532,16,5134.0,0.649,27.0,209.0,0.01
2667,CHARQUINI SUR,2017,-1.113,2016-09-05,2017-08-31,454.3,1284.8000000000002,2.105555555555556,13.299999999999986,3076.0,3089.3,361,False,external_holdout,-16.302999,-68.107002,RGI60-16.00532,16,5134.0,0.649,27.0,209.0,0.01
2667,CHARQUINI SUR,2018,-0.025,2017-08-30,2018-09-05,412.1,1591.4,1.788888888888889,21.199999999999992,2978.5999999999995,2999.8,372,False,external_holdout,-16.302999,-68.107002,RGI60-16.00532,16,5134.0,0.649,27.0,209.0,0.01
2667,CHARQUINI SUR,2019,-0.112,2018-09-05,2019-09-02,496.7,1153.7,2.075555555555556,10.000000000000004,3197.8,3207.8,363,False,external_holdout,-16.302999,-68.107002,RGI60-16.00532,16,5134.0,0.649,27.0,209.0,0.01
2667,CHARQUINI SUR,2020,-0.6,2019-09-02,2020-09-11,631.2,874.1,2.751648351648352,9.4,2863.5,2872.9,376,False,external_holdout,-16.302999,-68.107002,RGI60-16.00532,16,5134.0,0.649,27.0,209.0,0.01
2667,CHARQUINI SUR,2021,0.117,2020-09-11,2021-09-09,481.8,1325.6,2.2411111111111115,13.5,3047.4,3060.9,364,False,external_holdout,-16.302999,-68.107002,RGI60-16.00532,16,5134.0,0.649,27.0,209.0,0.01
2667,CHARQUINI SUR,2022,-0.427,2021-04-01,2022-03-31,523.5,1125.9,2.21,12.400000000000006,2990.7,3003.1,365,True,external_holdout,-16.302999,-68.107002,RGI60-16.00532,16,5134.0,0.649,27.0,209.0,0.2
2667,CHARQUINI SUR,2023,-1.195,2022-04-01,2023-03-31,443.6,1407.2,1.641111111111111,14.299999999999995,2927.9,2942.2,365,True,external_holdout,-16.302999,-68.107002,RGI60-16.00532,16,5134.0,0.649,27.0,209.0,0.2
2667,CHARQUINI SUR,2024,-2.709,2023-04-01,2024-03-31,715.4,598.6,3.0142857142857142,7.899999999999993,2823.1000000000004,2831.0,366,True,external_holdout,-16.302999,-68.107002,RGI60-16.00532,16,5134.0,0.649,27.0,209.0,0.2
35232,ARTESONRAJU,2005,-1.548,2004-04-01,2005-03-31,411.6,718.5,1.868888888888889,40.5,2246.3,2286.8,365,True,external_holdout,-8.964594,-77.62677,RGI60-16.02444,16,5192.0,5.943,27.4,242.0,0.2
35232,ARTESONRAJU,2006,-1.679,2005-04-01,2006-03-31,439.7,447.3,1.642222222222222,19.4,1996.4,2015.8,365,True,external_holdout,-8.964594,-77.62677,RGI60-16.02444,16,5192.0,5.943,27.4,242.0,0.2
35232,ARTESONRAJU,2007,-1.522,2006-04-01,2007-03-31,441.30000000000007,518.9,2.1777777777777776,17.1,2195.9999999999995,2213.1,365,True,external_holdout,-8.964594,-77.62677,RGI60-16.02444,16,5192.0,5.943,27.4,242.0,0.2
35232,ARTESONRAJU,2008,0.471,2007-04-01,2008-03-31,342.2,950.6,1.3912087912087912,47.1,2142.1000000000004,2189.2000000000003,366,True,external_holdout,-8.964594,-77.62677,RGI60-16.02444,16,5192.0,5.943,27.4,242.0,0.2
35232,ARTESONRAJU,2009,-0.658,2008-04-01,2009-03-31,347.0,966.6,1.48,49.79999999999999,2295.4,2345.2,365,True,external_holdout,-8.964594,-77.62677,RGI60-16.02444,16,5192.0,5.943,27.4,242.0,0.2
35232,ARTESONRAJU,2010,-1.048,2009-06-03,2010-04-22,540.7,413.4,2.471111111111111,33.1,2203.7,2236.8,324,False,external_holdout,-8.964594,-77.62677,RGI60-16.02444,16,5192.0,5.943,27.4,242.0,0.2
35232,ARTESONRAJU,2011,-0.517,2010-04-01,2011-03-31,411.4000000000001,662.5,1.128888888888889,17.599999999999998,1777.4,1794.9999999999998,365,True,external_holdout,-8.964594,-77.62677,RGI60-16.02444,16,5192.0,5.943,27.4,242.0,0.2
35232,ARTESONRAJU,2012,-0.353,2011-10-26,2012-09-26,331.7,900.4000000000001,1.2846153846153845,38.3,2114.4,2152.7,337,False,external_holdout,-8.964594,-77.62677,RGI60-16.02444,16,5192.0,5.943,27.4,242.0,0.2
35232,ARTESONRAJU,2013,-0.448,2012-09-27,2013-09-27,446.6,704.0,1.8255555555555556,57.4,2441.3,2498.7,366,False,external_holdout,-8.964594,-77.62677,RGI60-16.02444,16,5192.0,5.943,27.4,242.0,0.2
35232,ARTESONRAJU,2014,-0.341,2013-04-01,2014-03-31,439.3,574.3,1.805555555555556,34.4,2375.1,2409.5,365,True,external_holdout,-8.964594,-77.62677,RGI60-16.02444,16,5192.0,5.943,27.4,242.0,0.2
35232,ARTESONRAJU,2015,-0.372,2014-04-01,2015-03-31,461.2000000000001,551.1,1.808888888888889,25.09999999999999,2480.7,2505.8,365,True,external_holdout,-8.964594,-77.62677,RGI60-16.02444,16,5192.0,5.943,27.4,242.0,0.2
35232,ARTESONRAJU,2016,-1.598,2015-04-01,2016-03-31,676.0,290.6,2.757142857142857,33.0,2656.7000000000003,2689.7000000000003,366,True,external_holdout,-8.964594,-77.62677,RGI60-16.02444,16,5192.0,5.943,27.4,242.0,0.2
35232,ARTESONRAJU,2017,-0.736,2016-04-01,2017-03-31,531.3000000000001,424.2,1.7188888888888891,25.099999999999994,2235.0,2260.1,365,True,external_holdout,-8.964594,-77.62677,RGI60-16.02444,16,5192.0,5.943,27.4,242.0,0.2
35232,ARTESONRAJU,2018,-0.792,2017-04-01,2018-03-31,541.8000000000001,399.0,1.551111111111111,33.8,2379.7,2413.5,365,True,external_holdout,-8.964594,-77.62677,RGI60-16.02444,16,5192.0,5.943,27.4,242.0,0.2
35232,ARTESONRAJU,2019,-1.285,2018-04-01,2019-03-31,502.4,534.2,2.1388888888888884,24.29999999999999,2567.5999999999995,2591.9,365,True,external_holdout,-8.964594,-77.62677,RGI60-16.02444,16,5192.0,5.943,27.4,242.0,0.2
35232,ARTESONRAJU,2020,-1.03,2019-04-01,2020-03-31,613.4000000000001,238.0,2.429670329670329,17.3,2252.6,2269.9,366,True,external_holdout,-8.964594,-77.62677,RGI60-16.02444,16,5192.0,5.943,27.4,242.0,0.2
35232,ARTESONRAJU,2021,-0.434,2020-04-01,2021-03-31,485.2000000000001,490.9,1.5900000000000003,17.499999999999996,2127.7,2145.2,365,True,external_holdout,-8.964594,-77.62677,RGI60-16.02444,16,5192.0,5.943,27.4,242.0,0.2
35232,ARTESONRAJU,2022,-0.697,2021-04-01,2022-03-31,434.7,603.6,1.6222222222222222,14.899999999999997,2319.2000000000003,2334.1,365,True,external_holdout,-8.964594,-77.62677,RGI60-16.02444,16,5192.0,5.943,27.4,242.0,0.2
35232,ARTESONRAJU,2023,-0.525,2022-08-16,2023-09-06,506.9000000000001,615.7,1.3144444444444443,19.7,2309.7,2329.4,387,False,external_holdout,-8.964594,-77.62677,RGI60-16.02444,16,5192.0,5.943,27.4,242.0,0.2
35232,ARTESONRAJU,2024,-0.868,2023-09-06,2024-10-03,895.8,56.99999999999999,2.8835164835164826,4.100000000000005,2709.9,2714.0,394,False,external_holdout,-8.964594,-77.62677,RGI60-16.02444,16,5192.0,5.943,27.4,242.0,0.2
35232,ARTESONRAJU,2025,-0.843,2024-10-03,2025-11-01,584.6999999999999,479.1,1.9322222222222225,44.69999999999999,2953.7,2998.4,395,False,external_holdout,-8.964594,-77.62677,RGI60-16.02444,16,5192.0,5.943,27.4,242.0,0.2
3350,FREYA,2008,-0.517,2007-08-11,2008-08-23,134.70000000000002,400.2,0.4895238095238095,397.3,2.9000000000000004,400.2,379,False,external_holdout,74.38,-20.82,RGI60-05.20030,5,898.0,6.611,14.9,336.0,0.1
3350,FREYA,2009,-0.475,2008-08-23,2009-09-24,86.69999999999999,418.7,-1.08019801980198,374.2000000000001,44.9,419.1,398,False,external_holdout,74.38,-20.82,RGI60-05.20030,5,898.0,6.611,14.9,336.0,0.1
3350,FREYA,2010,-0.812,2009-08-24,2010-08-21,89.0,265.4,-0.2711111111111112,264.1,1.3,265.4,363,False,external_holdout,74.38,-20.82,RGI60-05.20030,5,898.0,6.611,14.9,336.0,0.1
3350,FREYA,2011,-0.935,2010-08-21,2011-08-23,99.4,300.4,-0.2231578947368421,289.6,11.8,301.4,368,False,external_holdout,74.38,-20.82,RGI60-05.20030,5,898.0,6.611,14.9,336.0,0.1
3350,FREYA,2012,-0.197,2011-08-23,2012-08-14,135.5,454.4,0.555952380952381,454.30000000000007,0.7999999999999999,455.1,358,False,external_holdout,74.38,-20.82,RGI60-05.20030,5,898.0,6.611,14.9,336.0,0.1
3350,FREYA,2013,-1.394,2012-08-14,2013-08-14,78.19999999999999,153.5,-0.1967741935483871,143.9,9.6,153.5,366,False,external_holdout,74.38,-20.82,RGI60-05.20030,5,898.0,6.611,14.9,336.0,0.1
3350,FREYA,2014,0.394,2013-08-14,2014-08-18,93.1,611.4,-0.3907216494845361,572.1,39.3,611.4,370,False,external_holdout,74.38,-20.82,RGI60-05.20030,5,898.0,6.611,14.9,336.0,0.1
3350,FREYA,2015,0.097,2014-08-18,2015-08-17,112.2,670.6,0.2152173913043478,604.6999999999999,74.8,679.5,365,False,external_holdout,74.38,-20.82,RGI60-05.20030,5,898.0,6.611,14.9,336.0,0.05
3350,FREYA,2016,-0.54,2015-08-17,2016-08-29,139.79999999999998,407.1,0.4152380952380953,399.6,8.6,408.2,379,False,external_holdout,74.38,-20.82,RGI60-05.20030,5,898.0,6.611,14.9,336.0,0.1
3350,FREYA,2017,-0.024,2016-08-29,2017-09-01,112.50000000000004,451.7,-0.08,428.4,23.5,451.9,369,False,external_holdout,74.38,-20.82,RGI60-05.20030,5,898.0,6.611,14.9,336.0,0.2
3350,FREYA,2018,1.145,2017-09-01,2018-09-12,60.6,850.1000000000001,-0.9717391304347824,808.1,55.3,863.4000000000001,377,False,external_holdout,74.38,-20.82,RGI60-05.20030,5,898.0,6.611,14.9,336.0,0.2
3350,FREYA,2019,-0.91,2018-09-01,2019-09-01,151.10000000000002,274.5,0.8347826086956521,257.9,21.4,279.3,366,False,external_holdout,74.38,-20.82,RGI60-05.20030,5,898.0,6.611,14.9,336.0,0.2
3350,FREYA,2020,-0.51,2019-09-01,2020-09-02,77.80000000000001,447.8,-0.0076086956521739,374.6,102.6,477.2,368,False,external_holdout,74.38,-20.82,RGI60-05.20030,5,898.0,6.611,14.9,336.0,0.2
3350,FREYA,2021,-0.9,2020-09-02,2021-08-30,128.39999999999998,371.5,0.8087912087912087,357.1,14.5,371.6,363,False,external_holdout,74.38,-20.82,RGI60-05.20030,5,898.0,6.611,14.9,336.0,0.2
3350,FREYA,2022,-0.7,2021-09-06,2022-09-15,62.10000000000001,453.8,-0.7358695652173913,409.3,70.1,479.4,375,False,external_holdout,74.38,-20.82,RGI60-05.20030,5,898.0,6.611,14.9,336.0,0.3
3350,FREYA,2023,-0.8,2022-09-16,2023-08-26,136.00000000000003,364.1,0.6712643678160918,333.70000000000005,35.00000000000001,368.7,345,False,external_holdout,74.38,-20.82,RGI60-05.20030,5,898.0,6.611,14.9,336.0,0.3
3350,FREYA,2024,-0.5,2023-08-27,2024-08-27,97.7,482.8,0.1107526881720429,386.4,105.5,491.9,367,False,external_holdout,74.38,-20.82,RGI60-05.20030,5,898.0,6.611,14.9,336.0,0.3
3350,FREYA,2025,-0.53,2024-08-27,2025-09-06,83.7,370.9,-0.5041237113402062,328.6,60.9,389.5,376,False,external_holdout,74.38,-20.82,RGI60-05.20030,5,898.0,6.611,14.9,336.0,0.2
2721,CONEJERAS,2006,-2.39,2006-04-03,2006-12-31,902.1,0.0,3.183695652173913,0.0,1933.8,1933.8,273,False,external_holdout,4.815,-75.373,RGI60-16.01355,16,4795.0,3.812,15.7,97.0,0.2
2721,CONEJERAS,2007,-1.462,2007-01-01,2007-12-31,1227.0,0.0,3.147826086956521,0.0,2824.7,2824.7,365,False,external_holdout,4.815,-75.373,RGI60-16.01355,16,4795.0,3.812,15.7,97.0,0.2
2721,CONEJERAS,2008,-0.61,2008-01-01,2008-12-31,1130.6,0.0,3.0684782608695658,0.0,2846.1000000000004,2846.1000000000004,366,False,external_holdout,4.815,-75.373,RGI60-16.01355,16,4795.0,3.812,15.7,97.0,0.2
2721,CONEJERAS,2009,-3.345,2009-01-01,2009-12-31,1282.5,0.0,3.405434782608696,0.0,2901.2,2901.2,365,False,external_holdout,4.815,-75.373,RGI60-16.01355,16,4795.0,3.812,15.7,97.0,0.2
2721,CONEJERAS,2010,-3.399,2010-01-01,2010-12-31,1369.1,0.0,3.5010869565217395,0.0,3124.4,3124.4,365,False,external_holdout,4.815,-75.373,RGI60-16.01355,16,4795.0,3.812,15.7,97.0,0.2
2721,CONEJERAS,2011,-0.883,2011-01-01,2011-12-31,1165.0,0.0,3.3,0.0999999999999978,3203.3,3203.4,365,False,external_holdout,4.815,-75.373,RGI60-16.01355,16,4795.0,3.812,15.7,97.0,0.2
2721,CONEJERAS,2012,-2.54,2012-01-01,2012-12-31,1161.4,0.0,3.0543478260869565,0.0,2794.6,2794.6,366,False,external_holdout,4.815,-75.373,RGI60-16.01355,16,4795.0,3.812,15.7,97.0,0.2
2721,CONEJERAS,2013,-3.682,2013-01-01,2013-12-31,1284.2,0.0,3.143478260869565,0.0,3133.4,3133.4,365,False,external_holdout,4.815,-75.373,RGI60-16.01355,16,4795.0,3.812,15.7,97.0,0.2
2721,CONEJERAS,2014,-4.082,2014-01-01,2014-12-31,1266.2999999999995,0.0,3.3782608695652168,0.0,2687.7,2687.7,365,False,external_holdout,4.815,-75.373,RGI60-16.01355,16,4795.0,3.812,15.7,97.0,0.2
2721,CONEJERAS,2015,-5.599,2015-01-01,2015-12-31,1367.9,0.0,3.5597826086956528,0.0,2826.2,2826.2,365,False,external_holdout,4.815,-75.373,RGI60-16.01355,16,4795.0,3.812,15.7,97.0,0.2
2721,CONEJERAS,2016,-5.545,2016-01-01,2016-12-31,1483.8000000000002,0.0,3.46304347826087,0.0,2982.3,2982.3,366,False,external_holdout,4.815,-75.373,RGI60-16.01355,16,4795.0,3.812,15.7,97.0,0.2
2721,CONEJERAS,2017,-4.265,2017-01-21,2018-01-31,1271.9,0.0,3.3206521739130435,0.0,2211.0,2211.0,376,False,external_holdout,4.815,-75.373,RGI60-16.01355,16,4795.0,3.812,15.7,97.0,0.01
2721,CONEJERAS,2018,-3.411,2018-01-31,2019-02-12,1268.9,0.0,3.160869565217392,0.0,2598.1,2598.1,378,False,external_holdout,4.815,-75.373,RGI60-16.01355,16,4795.0,3.812,15.7,97.0,0.2
2721,CONEJERAS,2019,-4.982,2019-02-12,2020-01-28,1290.7,0.0,3.4,0.0,2387.8,2387.8,351,False,external_holdout,4.815,-75.373,RGI60-16.01355,16,4795.0,3.812,15.7,97.0,0.2
2721,CONEJERAS,2020,-4.986,2020-01-28,2021-02-26,1492.5,0.0,3.6532608695652176,0.0,2715.6,2715.6,396,False,external_holdout,4.815,-75.373,RGI60-16.01355,16,4795.0,3.812,15.7,97.0,0.01
2721,CONEJERAS,2021,-2.743,2021-02-26,2022-02-18,1248.7,0.0,3.3967391304347827,0.0,2535.8,2535.8,358,False,external_holdout,4.815,-75.373,RGI60-16.01355,16,4795.0,3.812,15.7,97.0,0.01
2721,CONEJERAS,2022,-2.434,2022-02-18,2023-02-27,1185.9,0.0,3.311956521739131,0.0,3098.8,3098.8,375,False,external_holdout,4.815,-75.373,RGI60-16.01355,16,4795.0,3.812,15.7,97.0,0.2
2721,CONEJERAS,2023,-5.041,2023-02-27,2024-02-03,1302.9,0.0,3.696739130434783,0.0,2523.3,2523.3,342,False,external_holdout,4.815,-75.373,RGI60-16.01355,16,4795.0,3.812,15.7,97.0,0.2
3902,CONCONTA NORTE,2008,-0.809,2007-04-01,2008-03-31,38.3,406.2,-1.895604395604396,381.8,31.1,412.9,366,True,external_holdout,-29.976,-69.644997,RGI60-17.14682,17,5061.0,0.115,19.6,94.0,0.2
3902,CONCONTA NORTE,2009,-1.027,2008-04-01,2009-03-31,14.1,284.9,-1.7344444444444445,241.6,43.7,285.29999999999995,365,True,external_holdout,-29.976,-69.644997,RGI60-17.14682,17,5061.0,0.115,19.6,94.0,0.2
3902,CONCONTA NORTE,2010,-1.474,2009-04-01,2010-03-31,77.10000000000001,232.4,-0.5033333333333333,187.6,46.60000000000001,234.2,365,True,external_holdout,-29.976,-69.644997,RGI60-17.14682,17,5061.0,0.115,19.6,94.0,0.2
3902,CONCONTA NORTE,2011,-1.018,2010-04-01,2011-03-31,30.2,255.4,-1.501111111111111,208.4,49.2,257.6,365,True,external_holdout,-29.976,-69.644997,RGI60-17.14682,17,5061.0,0.115,19.6,94.0,0.2
3902,CONCONTA NORTE,2012,-1.544,2011-04-01,2012-03-31,56.400000000000006,251.7,-0.857142857142857,186.5,71.5,258.0,366,True,external_holdout,-29.976,-69.644997,RGI60-17.14682,17,5061.0,0.115,19.6,94.0,0.2
3902,CONCONTA NORTE,2013,-0.742,2012-04-01,2013-03-31,47.4,240.4,-0.5455555555555556,178.1,78.89999999999998,257.0,365,True,external_holdout,-29.976,-69.644997,RGI60-17.14682,17,5061.0,0.115,19.6,94.0,0.2
3902,CONCONTA NORTE,2014,-1.783,2013-04-01,2014-03-31,58.7,244.1,-0.2777777777777778,208.8,47.7,256.5,365,True,external_holdout,-29.976,-69.644997,RGI60-17.14682,17,5061.0,0.115,19.6,94.0,0.2
3902,CONCONTA NORTE,2015,-2.89,2014-04-23,2015-05-06,112.0,210.3,-0.3444444444444444,200.5,14.2,214.7,379,False,external_holdout,-29.976,-69.644997,RGI60-17.14682,17,5061.0,0.115,19.6,94.0,0.05
3902,CONCONTA NORTE,2016,0.429,2015-04-01,2016-03-31,66.70000000000002,381.1,-1.77032967032967,368.0,18.4,386.4,366,True,external_holdout,-29.976,-69.644997,RGI60-17.14682,17,5061.0,0.115,19.6,94.0,0.2
3902,CONCONTA NORTE,2017,4.725,2016-04-01,2017-03-31,69.7,462.3,-0.6544444444444444,415.5,57.2,472.7,365,True,external_holdout,-29.976,-69.644997,RGI60-17.14682,17,5061.0,0.115,19.6,94.0,0.2
3902,CONCONTA NORTE,2018,-2.458,2017-04-01,2018-03-31,49.00000000000001,221.9,-0.7933333333333334,177.79999999999998,76.0,253.8,365,True,external_holdout,-29.976,-69.644997,RGI60-17.14682,17,5061.0,0.115,19.6,94.0,0.2
3902,CONCONTA NORTE,2019,-1.162,2018-04-01,2019-03-31,106.6,237.7,-0.2766666666666666,217.3,32.1,249.4,365,True,external_holdout,-29.976,-69.644997,RGI60-17.14682,17,5061.0,0.115,19.6,94.0,0.2
3902,CONCONTA NORTE,2020,-2.887,2019-04-01,2020-03-31,175.09999999999997,197.9,0.8560439560439561,172.69999999999996,61.1,233.79999999999995,366,True,external_holdout,-29.976,-69.644997,RGI60-17.14682,17,5061.0,0.115,19.6,94.0,0.2
3902,CONCONTA NORTE,2021,-0.962,2020-04-01,2021-03-31,77.8,225.6,-0.6133333333333333,192.7,33.7,226.40000000000003,365,True,external_holdout,-29.976,-69.644997,RGI60-17.14682,17,5061.0,0.115,19.6,94.0,0.2
3902,CONCONTA NORTE,2022,-1.834,2021-04-01,2022-03-31,72.10000000000001,135.5,-0.2877777777777778,66.6,99.7,166.29999999999998,365,True,external_holdout,-29.976,-69.644997,RGI60-17.14682,17,5061.0,0.115,19.6,94.0,0.2
3902,CONCONTA NORTE,2023,-1.097,2022-04-01,2023-03-31,109.0,319.4,-0.4066666666666667,257.79999999999995,67.69999999999999,325.5,365,True,external_holdout,-29.976,-69.644997,RGI60-17.14682,17,5061.0,0.115,19.6,94.0,0.2
3903,BROWN SUPERIOR,2008,-0.537,2007-04-01,2008-03-31,34.5,406.2,-2.0362637362637366,381.8,31.1,412.9,366,True,external_holdout,-29.983,-69.641998,RGI60-17.14681,17,5069.0,0.212,17.7,89.0,0.2
3903,BROWN SUPERIOR,2009,-0.997,2008-04-01,2009-03-31,12.299999999999995,284.9,-1.865555555555556,241.6,43.7,285.29999999999995,365,True,external_holdout,-29.983,-69.641998,RGI60-17.14681,17,5069.0,0.212,17.7,89.0,0.2
3903,BROWN SUPERIOR,2010,-1.029,2009-04-01,2010-03-31,70.0,233.8,-0.6388888888888888,187.6,46.60000000000001,234.2,365,True,external_holdout,-29.983,-69.641998,RGI60-17.14681,17,5069.0,0.212,17.7,89.0,0.2
3903,BROWN SUPERIOR,2011,-2.045,2010-04-01,2011-03-31,26.9,255.4,-1.6388888888888893,208.4,49.2,257.6,365,True,external_holdout,-29.983,-69.641998,RGI60-17.14681,17,5069.0,0.212,17.7,89.0,0.2
3903,BROWN SUPERIOR,2012,-1.537,2011-04-01,2012-03-31,50.7,252.5,-0.9912087912087912,186.5,71.5,258.0,366,True,external_holdout,-29.983,-69.641998,RGI60-17.14681,17,5069.0,0.212,17.7,89.0,0.2
3903,BROWN SUPERIOR,2013,-0.823,2012-04-01,2013-03-31,42.9,246.6,-0.6755555555555556,178.1,78.89999999999998,257.0,365,True,external_holdout,-29.983,-69.641998,RGI60-17.14681,17,5069.0,0.212,17.7,89.0,0.2
3903,BROWN SUPERIOR,2014,-1.359,2013-04-01,2014-03-31,52.900000000000006,244.1,-0.4166666666666667,208.8,47.7,256.5,365,True,external_holdout,-29.983,-69.641998,RGI60-17.14681,17,5069.0,0.212,17.7,89.0,0.2
3903,BROWN SUPERIOR,2015,-2.387,2014-04-25,2015-05-04,104.0,210.3,-0.48,200.5,14.2,214.7,375,False,external_holdout,-29.983,-69.641998,RGI60-17.14681,17,5069.0,0.212,17.7,89.0,0.03
3903,BROWN SUPERIOR,2016,0.167,2015-04-01,2016-03-31,61.89999999999999,381.1,-1.907692307692308,368.0,18.4,386.4,366,True,external_holdout,-29.983,-69.641998,RGI60-17.14681,17,5069.0,0.212,17.7,89.0,0.2
3903,BROWN SUPERIOR,2017,0.798,2016-04-01,2017-03-31,64.6,462.3,-0.7866666666666666,415.5,57.2,472.7,365,True,external_holdout,-29.983,-69.641998,RGI60-17.14681,17,5069.0,0.212,17.7,89.0,0.2
3903,BROWN SUPERIOR,2018,-1.511,2017-04-01,2018-03-31,44.2,221.9,-0.9188888888888888,177.79999999999998,76.0,253.8,365,True,external_holdout,-29.983,-69.641998,RGI60-17.14681,17,5069.0,0.212,17.7,89.0,0.2
3903,BROWN SUPERIOR,2019,-0.956,2018-04-01,2019-03-31,100.3,238.8,-0.41,217.3,32.1,249.4,365,True,external_holdout,-29.983,-69.641998,RGI60-17.14681,17,5069.0,0.212,17.7,89.0,0.2
3903,BROWN SUPERIOR,2020,-3.826,2019-04-01,2020-03-31,162.99999999999997,197.9,0.7241758241758243,172.69999999999996,61.1,233.79999999999995,366,True,external_holdout,-29.983,-69.641998,RGI60-17.14681,17,5069.0,0.212,17.7,89.0,0.2
3903,BROWN SUPERIOR,2021,-1.106,2020-04-01,2021-03-31,72.9,225.7,-0.7411111111111113,192.7,33.7,226.40000000000003,365,True,external_holdout,-29.983,-69.641998,RGI60-17.14681,17,5069.0,0.212,17.7,89.0,0.2
3903,BROWN SUPERIOR,2022,-2.026,2021-04-01,2022-03-31,64.7,137.10000000000002,-0.4222222222222223,66.6,99.7,166.29999999999998,365,True,external_holdout,-29.983,-69.641998,RGI60-17.14681,17,5069.0,0.212,17.7,89.0,0.2
3903,BROWN SUPERIOR,2023,-1.403,2022-04-01,2023-03-31,100.0,321.0,-0.5455555555555555,257.79999999999995,67.69999999999999,325.5,365,True,external_holdout,-29.983,-69.641998,RGI60-17.14681,17,5069.0,0.212,17.7,89.0,0.2
3972,MOCHO CHOSHUENCO SE,2004,-0.88,2003-07-02,2004-07-01,942.1,2194.7,6.312087912087912,398.7,2437.3,2836.0,366,False,external_holdout,-39.945,-72.015,RGI60-17.12440,17,1965.0,6.316,10.9,149.0,0.18
3972,MOCHO CHOSHUENCO SE,2005,0.36,2004-07-01,2005-07-02,905.0,2718.8,6.466666666666667,811.0,2380.4,3191.4,367,False,external_holdout,-39.945,-72.015,RGI60-17.12440,17,1965.0,6.316,10.9,149.0,0.07
3972,MOCHO CHOSHUENCO SE,2010,0.69,2009-05-16,2010-04-15,672.9,2233.0,4.581111111111111,586.8,2469.0,3055.8,335,False,external_holdout,-39.945,-72.015,RGI60-17.12440,17,1965.0,6.316,10.9,149.0,0.1
3972,MOCHO CHOSHUENCO SE,2011,-0.37,2010-05-16,2011-04-15,836.8,1979.4,5.981111111111112,650.4000000000001,1797.7999999999995,2448.2,335,False,external_holdout,-39.945,-72.015,RGI60-17.12440,17,1965.0,6.316,10.9,149.0,0.11
3972,MOCHO CHOSHUENCO SE,2012,-2.14,2011-05-16,2012-04-15,1036.0,1819.7,7.543956043956043,674.5,1802.7000000000005,2477.2,336,False,external_holdout,-39.945,-72.015,RGI60-17.12440,17,1965.0,6.316,10.9,149.0,0.14
3972,MOCHO CHOSHUENCO SE,2013,-1.79,2012-05-16,2013-04-15,949.5,1616.7,6.70111111111111,341.8,2128.9,2470.7,335,False,external_holdout,-39.945,-72.015,RGI60-17.12440,17,1965.0,6.316,10.9,149.0,0.11
3972,MOCHO CHOSHUENCO SE,2016,-1.319,2015-05-14,2016-04-29,1021.9,2287.3,6.851648351648353,554.5,2279.2,2833.7,352,False,external_holdout,-39.945,-72.015,RGI60-17.12440,17,1965.0,6.316,10.9,149.0,0.188
3972,MOCHO CHOSHUENCO SE,2017,-2.469,2016-04-29,2017-04-12,1045.1,1333.6,6.842222222222221,259.0,1721.6,1980.6,349,False,external_holdout,-39.945,-72.015,RGI60-17.12440,17,1965.0,6.316,10.9,149.0,0.131
3972,MOCHO CHOSHUENCO SE,2018,-0.272,2017-04-12,2018-05-03,984.2,2376.8,7.130000000000001,824.6,2275.2,3099.8,387,False,external_holdout,-39.945,-72.015,RGI60-17.12440,17,1965.0,6.316,10.9,149.0,0.15
3972,MOCHO CHOSHUENCO SE,2019,-0.889,2018-05-03,2019-05-05,982.8000000000002,1982.2,6.626666666666666,414.7,2105.2,2519.9,368,False,external_holdout,-39.945,-72.015,RGI60-17.12440,17,1965.0,6.316,10.9,149.0,0.1
3972,MOCHO CHOSHUENCO SE,2020,-0.8,2019-05-05,2020-05-06,1031.6,2032.5,6.367032967032967,605.8,1907.1,2512.9,368,False,external_holdout,-39.945,-72.015,RGI60-17.12440,17,1965.0,6.316,10.9,149.0,0.372
3972,MOCHO CHOSHUENCO SE,2021,-1.615,2020-05-06,2021-04-25,1130.8000000000002,1924.5,6.666666666666665,750.5999999999999,1550.5,2301.1,355,False,external_holdout,-39.945,-72.015,RGI60-17.12440,17,1965.0,6.316,10.9,149.0,0.308
3972,MOCHO CHOSHUENCO SE,2022,-2.56,2021-04-25,2022-04-28,1021.7,1776.0000000000002,7.167777777777778,473.6,1944.8,2418.4,369,False,external_holdout,-39.945,-72.015,RGI60-17.12440,17,1965.0,6.316,10.9,149.0,0.24
3972,MOCHO CHOSHUENCO SE,2023,-2.67,2022-04-28,2023-04-15,1149.5,1685.9,7.468888888888889,681.6999999999999,1382.3000000000002,2064.0,353,False,external_holdout,-39.945,-72.015,RGI60-17.12440,17,1965.0,6.316,10.9,149.0,0.3
3972,MOCHO CHOSHUENCO SE,2024,-0.17,2023-04-15,2024-04-17,1021.8,2748.5999999999995,7.765934065934067,638.3000000000001,2493.5,3131.8,369,False,external_holdout,-39.945,-72.015,RGI60-17.12440,17,1965.0,6.316,10.9,149.0,0.2
3972,MOCHO CHOSHUENCO SE,2025,0.88,2024-04-17,2025-04-03,962.0,2299.0,7.057777777777778,730.7,1985.5,2716.2,352,False,external_holdout,-39.945,-72.015,RGI60-17.12440,17,1965.0,6.316,10.9,149.0,0.05
1538,ROLLESTON,2011,-2.039,2010-03-05,2011-03-25,1094.7,1373.8,6.2377777777777785,270.2,3027.0,3297.2,386,False,external_holdout,-42.888754,171.526768,RGI60-18.02910,18,1775.0,0.149,30.5,149.0,0.2
1538,ROLLESTON,2012,-0.429,2011-03-25,2012-03-28,847.3,847.9000000000001,5.527472527472527,275.4,2070.9,2346.3,370,False,external_holdout,-42.888754,171.526768,RGI60-18.02910,18,1775.0,0.149,30.5,149.0,0.2
1538,ROLLESTON,2013,0.74,2012-03-28,2013-03-14,857.4,1513.1,6.40888888888889,277.2,2241.3,2518.5,352,False,external_holdout,-42.888754,171.526768,RGI60-18.02910,18,1775.0,0.149,30.5,149.0,0.2
1538,ROLLESTON,2014,-0.038,2013-03-14,2014-03-22,941.3,1393.6,5.1177777777777775,237.0,2585.7,2822.7,374,False,external_holdout,-42.888754,171.526768,RGI60-18.02910,18,1775.0,0.149,30.5,149.0,0.2
1538,ROLLESTON,2015,0.657,2014-03-22,2015-03-20,949.9,1282.0,6.473333333333334,170.6,2543.8,2714.4,364,False,external_holdout,-42.888754,171.526768,RGI60-18.02910,18,1775.0,0.149,30.5,149.0,0.2
1538,ROLLESTON,2016,-1.006,2015-03-20,2016-05-07,1155.1,1279.5,6.457142857142856,208.2,3054.6000000000004,3262.8,415,False,external_holdout,-42.888754,171.526768,RGI60-18.02910,18,1775.0,0.149,30.5,149.0,0.2
1538,ROLLESTON,2017,0.275,2016-05-07,2017-03-19,665.1,1085.5,4.601111111111111,192.4,2557.5,2749.9,317,False,external_holdout,-42.888754,171.526768,RGI60-18.02910,18,1775.0,0.149,30.5,149.0,0.2
1538,ROLLESTON,2018,-1.761,2017-03-19,2018-03-14,1181.3000000000002,1079.0,7.782222222222222,183.8,2207.2,2391.0,361,False,external_holdout,-42.888754,171.526768,RGI60-18.02910,18,1775.0,0.149,30.5,149.0,0.2
1538,ROLLESTON,2019,-1.964,2018-03-14,2019-03-23,1100.8,1093.0,6.752222222222223,195.7,2216.9,2412.6,375,False,external_holdout,-42.888754,171.526768,RGI60-18.02910,18,1775.0,0.149,30.5,149.0,0.2
1538,ROLLESTON,2020,-0.649,2019-03-23,2020-03-25,1041.9,1122.6,6.389010989010988,189.5,3009.2,3198.7,369,False,external_holdout,-42.888754,171.526768,RGI60-18.02910,18,1775.0,0.149,30.5,149.0,0.2
1538,ROLLESTON,2021,-0.993,2020-03-25,2021-03-23,986.0,947.9,6.136666666666666,156.3,2411.1,2567.4,364,False,external_holdout,-42.888754,171.526768,RGI60-18.02910,18,1775.0,0.149,30.5,149.0,0.2
1538,ROLLESTON,2022,-1.065,2021-03-23,2022-03-29,1301.5,1174.0,7.387777777777779,150.59999999999997,3289.5,3440.1,372,False,external_holdout,-42.888754,171.526768,RGI60-18.02910,18,1775.0,0.149,30.5,149.0,0.2
1538,ROLLESTON,2023,-1.083,2022-03-29,2023-03-19,1177.1,1212.7,7.168888888888888,285.0,2847.5,3132.5,356,False,external_holdout,-42.888754,171.526768,RGI60-18.02910,18,1775.0,0.149,30.5,149.0,0.2
1538,ROLLESTON,2024,-1.438,2023-03-19,2024-03-20,1068.6,696.0,6.575824175824176,159.3,2528.7000000000003,2688.0,368,False,external_holdout,-42.888754,171.526768,RGI60-18.02910,18,1775.0,0.149,30.5,149.0,0.2
1538,ROLLESTON,2025,-1.218,2024-03-20,2025-03-13,1038.7,1014.9,7.147777777777779,155.89999999999998,2450.3,2606.2,359,False,external_holdout,-42.888754,171.526768,RGI60-18.02910,18,1775.0,0.149,30.5,149.0,0.2
813,KARA-BATKAK,1957,-0.031,1956-10-01,1957-09-30,356.4000000000001,347.90000000000003,3.616304347826088,476.8,220.9,697.7,365,True,training_population,42.139999,78.269997,RGI60-13.06361,13,3844.0,2.046,21.2,358.0,0.2
813,KARA-BATKAK,1958,0.062,1957-10-01,1958-09-30,364.1000000000001,432.7,3.16195652173913,545.6999999999999,214.4,760.1,365,True,training_population,42.139999,78.269997,RGI60-13.06361,13,3844.0,2.046,21.2,358.0,0.2
813,KARA-BATKAK,1959,-0.344,1958-10-01,1959-09-30,468.0,392.6,3.6923913043478263,623.2,246.7,869.9,365,True,training_population,42.139999,78.269997,RGI60-13.06361,13,3844.0,2.046,21.2,358.0,0.2
813,KARA-BATKAK,1960,-0.291,1959-10-01,1960-09-30,408.0,496.80000000000007,3.572826086956522,636.5,160.70000000000002,797.2,366,True,training_population,42.139999,78.269997,RGI60-13.06361,13,3844.0,2.046,21.2,358.0,0.2
813,KARA-BATKAK,1961,-0.806,1960-10-01,1961-09-30,506.8,343.5,4.325,594.1,307.1,901.2,365,True,training_population,42.139999,78.269997,RGI60-13.06361,13,3844.0,2.046,21.2,358.0,0.2
813,KARA-BATKAK,1962,-0.086,1961-10-01,1962-09-30,479.3999999999999,332.6,4.176086956521738,510.9,249.2,760.1,365,True,training_population,42.139999,78.269997,RGI60-13.06361,13,3844.0,2.046,21.2,358.0,0.2
813,KARA-BATKAK,1963,-0.04,1962-10-01,1963-09-30,372.4,406.00000000000006,3.5586956521739133,632.3000000000001,203.8,836.1000000000001,365,True,training_population,42.139999,78.269997,RGI60-13.06361,13,3844.0,2.046,21.2,358.0,0.2
813,KARA-BATKAK,1964,0.144,1963-10-01,1964-09-30,317.30000000000007,532.9,3.290217391304348,748.6,165.79999999999995,914.4,366,True,training_population,42.139999,78.269997,RGI60-13.06361,13,3844.0,2.046,21.2,358.0,0.2
813,KARA-BATKAK,1965,-0.041,1964-10-01,1965-09-30,406.7000000000001,297.3,4.089130434782609,490.2,235.8,726.0,365,True,training_population,42.139999,78.269997,RGI60-13.06361,13,3844.0,2.046,21.2,358.0,0.2
813,KARA-BATKAK,1966,-0.156,1965-10-01,1966-09-30,467.2,398.7000000000001,4.379347826086956,543.3,297.1,840.4000000000001,365,True,training_population,42.139999,78.269997,RGI60-13.06361,13,3844.0,2.046,21.2,358.0,0.2
813,KARA-BATKAK,1967,0.01,1966-10-01,1967-09-30,379.6,467.5,3.421739130434782,718.4,185.7,904.1,365,True,training_population,42.139999,78.269997,RGI60-13.06361,13,3844.0,2.046,21.2,358.0,0.2
813,KARA-BATKAK,1968,-0.652,1967-10-01,1968-09-30,418.9,409.3,4.041304347826086,590.0,224.6,814.6,366,True,training_population,42.139999,78.269997,RGI60-13.06361,13,3844.0,2.046,21.2,358.0,0.2
813,KARA-BATKAK,1969,0.0,1968-10-01,1969-09-30,394.6,470.8,3.364130434782609,693.2,180.6,873.8,365,True,training_population,42.139999,78.269997,RGI60-13.06361,13,3844.0,2.046,21.2,358.0,0.2
813,KARA-BATKAK,1970,-0.182,1969-10-01,1970-09-30,378.4,392.5,3.068478260869565,614.7,182.4,797.1,365,True,training_population,42.139999,78.269997,RGI60-13.06361,13,3844.0,2.046,21.2,358.0,0.2
813,KARA-BATKAK,1971,0.148,1970-10-01,1971-10-01,350.6,482.4,3.501086956521738,658.3,204.7,863.0000000000001,366,False,training_population,42.139999,78.269997,RGI60-13.06361,13,3844.0,2.046,21.2,358.0,0.2
813,KARA-BATKAK,1972,0.053,1971-10-01,1972-10-01,374.4,371.7,3.4858695652173908,594.2,191.6,785.8000000000001,367,False,training_population,42.139999,78.269997,RGI60-13.06361,13,3844.0,2.046,21.2,358.0,0.2
813,KARA-BATKAK,1973,-0.753,1972-10-01,1973-10-01,455.0,408.30000000000007,4.325,619.6999999999999,247.40000000000003,867.0999999999999,366,False,training_population,42.139999,78.269997,RGI60-13.06361,13,3844.0,2.046,21.2,358.0,0.2
813,KARA-BATKAK,1974,-0.051,1973-10-01,1974-10-01,337.2,438.0,3.1293478260869563,607.9000000000001,197.5,805.4,366,False,training_population,42.139999,78.269997,RGI60-13.06361,13,3844.0,2.046,21.2,358.0,0.2
813,KARA-BATKAK,1975,-0.475,1974-10-01,1975-09-30,304.30000000000007,517.6,2.905434782608696,687.2,141.90000000000003,829.1000000000001,365,True,training_population,42.139999,78.269997,RGI60-13.06361,13,3844.0,2.046,21.2,358.0,0.2
813,KARA-BATKAK,1976,-0.85,1975-10-01,1976-09-30,337.90000000000003,407.9,3.1141304347826093,612.4999999999999,191.9,804.3999999999999,366,False,training_population,42.139999,78.269997,RGI60-13.06361,13,3844.0,2.046,21.2,358.0,0.2
813,KARA-BATKAK,1977,-0.86,1976-10-01,1977-09-30,483.9,323.90000000000003,4.6347826086956525,526.5,236.2,762.7000000000002,365,False,training_population,42.139999,78.269997,RGI60-13.06361,13,3844.0,2.046,21.2,358.0,0.2
813,KARA-BATKAK,1978,-1.18,1977-10-01,1978-09-30,509.5,429.8,4.828260869565217,515.1999999999999,322.9000000000001,838.0999999999999,365,False,training_population,42.139999,78.269997,RGI60-13.06361,13,3844.0,2.046,21.2,358.0,0.2
813,KARA-BATKAK,1979,-0.501,1978-10-01,1979-09-30,346.5,467.4,3.269565217391304,640.7,162.5,803.2,365,False,training_population,42.139999,78.269997,RGI60-13.06361,13,3844.0,2.046,21.2,358.0,0.2
813,KARA-BATKAK,1980,-0.37,1979-10-01,1980-09-30,438.3,345.0,4.009782608695652,558.7,216.7,775.3999999999999,366,False,training_population,42.139999,78.269997,RGI60-13.06361,13,3844.0,2.046,21.2,358.0,0.2
813,KARA-BATKAK,1981,-0.425,1980-10-01,1981-09-30,401.6,440.1,3.7532608695652168,604.8,228.90000000000003,833.7,365,False,training_population,42.139999,78.269997,RGI60-13.06361,13,3844.0,2.046,21.2,358.0,0.2
813,KARA-BATKAK,1982,-0.778,1981-10-01,1982-09-30,383.5,303.8,3.623913043478261,489.6,221.4,710.9999999999999,365,False,training_population,42.139999,78.269997,RGI60-13.06361,13,3844.0,2.046,21.2,358.0,0.2
813,KARA-BATKAK,1983,-0.906,1982-10-01,1983-09-30,422.6,384.0,4.008695652173913,504.1,217.9,722.0,365,False,training_population,42.139999,78.269997,RGI60-13.06361,13,3844.0,2.046,21.2,358.0,0.2
813,KARA-BATKAK,1984,-1.57,1983-10-01,1984-09-30,515.0,362.5,5.2,486.6,253.8,740.4000000000001,366,False,training_population,42.139999,78.269997,RGI60-13.06361,13,3844.0,2.046,21.2,358.0,0.2
813,KARA-BATKAK,1985,-1.292,1984-10-01,1985-09-30,410.1,377.3,3.98804347826087,506.3,217.9,724.2,365,False,training_population,42.139999,78.269997,RGI60-13.06361,13,3844.0,2.046,21.2,358.0,0.2
813,KARA-BATKAK,1986,-0.392,1985-09-01,1986-08-28,401.30000000000007,356.1,4.068539325842697,445.3,228.4,673.7,362,False,training_population,42.139999,78.269997,RGI60-13.06361,13,3844.0,2.046,21.2,358.0,0.2
813,KARA-BATKAK,1987,-0.682,1986-08-29,1987-09-10,414.8,412.4,3.496842105263159,594.0,218.6,812.5999999999999,378,False,training_population,42.139999,78.269997,RGI60-13.06361,13,3844.0,2.046,21.2,358.0,0.2
813,KARA-BATKAK,1988,-0.456,1987-09-11,1988-08-31,410.0,398.7000000000001,3.967391304347825,561.0999999999999,209.7,770.8000000000001,356,False,training_population,42.139999,78.269997,RGI60-13.06361,13,3844.0,2.046,21.2,358.0,0.2
813,KARA-BATKAK,1989,-0.39,1988-09-01,1989-08-26,347.4,313.2,3.242528735632183,468.8,172.6,641.4,360,False,training_population,42.139999,78.269997,RGI60-13.06361,13,3844.0,2.046,21.2,358.0,0.2
813,KARA-BATKAK,1990,-0.778,1989-08-27,1990-09-20,592.8,277.29999999999995,4.8886597938144325,492.7000000000001,310.9,803.5999999999999,390,False,training_population,42.139999,78.269997,RGI60-13.06361,13,3844.0,2.046,21.2,358.0,0.2
813,KARA-BATKAK,1991,-0.398,1990-09-20,1991-09-01,425.1,273.1,4.1,414.8,243.0,657.8,347,False,training_population,42.139999,78.269997,RGI60-13.06361,13,3844.0,2.046,21.2,358.0,0.2
813,KARA-BATKAK,1992,-0.352,1991-09-01,1992-08-28,424.5,333.6,3.9674157303370783,555.9,227.0,782.8999999999999,363,False,training_population,42.139999,78.269997,RGI60-13.06361,13,3844.0,2.046,21.2,358.0,0.2
813,KARA-BATKAK,1993,-0.185,1992-08-28,1993-09-03,422.0000000000001,426.3,3.8,744.0,273.6,1017.6,372,False,training_population,42.139999,78.269997,RGI60-13.06361,13,3844.0,2.046,21.2,358.0,0.2
813,KARA-BATKAK,1994,-0.505,1993-09-03,1994-09-20,614.8,385.80000000000007,5.779347826086957,562.9,368.3,931.2,383,False,training_population,42.139999,78.269997,RGI60-13.06361,13,3844.0,2.046,21.2,358.0,0.2
813,KARA-BATKAK,1995,-0.515,1994-09-20,1995-09-10,488.7000000000001,348.6,5.007608695652173,507.2,362.3,869.4999999999998,356,False,training_population,42.139999,78.269997,RGI60-13.06361,13,3844.0,2.046,21.2,358.0,0.2
813,KARA-BATKAK,1996,-0.374,1995-09-10,1996-09-18,469.7,330.1,3.946739130434782,492.6,224.0,716.5999999999999,375,False,training_population,42.139999,78.269997,RGI60-13.06361,13,3844.0,2.046,21.2,358.0,0.2
813,KARA-BATKAK,1997,-0.648,1996-09-18,1997-09-29,593.7,315.6,5.123913043478261,517.7,261.90000000000003,779.6,377,False,training_population,42.139999,78.269997,RGI60-13.06361,13,3844.0,2.046,21.2,358.0,0.2
813,KARA-BATKAK,1998,-0.36,1997-09-29,1998-10-01,540.0,366.9,4.98695652173913,503.8,334.0,837.8,368,False,training_population,42.139999,78.269997,RGI60-13.06361,13,3844.0,2.046,21.2,358.0,0.2
813,KARA-BATKAK,2014,-0.95,2013-07-02,2014-09-16,867.1,240.7,4.688888888888889,492.0,456.8,948.8000000000002,442,False,training_population,42.139999,78.269997,RGI60-13.06361,13,3844.0,2.046,21.2,358.0,0.01
813,KARA-BATKAK,2015,-0.88,2014-09-16,2015-09-22,516.3000000000001,399.2000000000001,5.075,521.0,241.9,762.9,372,False,training_population,42.139999,78.269997,RGI60-13.06361,13,3844.0,2.046,21.2,358.0,0.01
813,KARA-BATKAK,2016,-0.39,2015-09-22,2016-09-29,547.6999999999999,371.0,5.040217391304347,535.5,300.79999999999995,836.3000000000001,374,False,training_population,42.139999,78.269997,RGI60-13.06361,13,3844.0,2.046,21.2,358.0,0.01
813,KARA-BATKAK,2017,-1.12,2016-09-29,2017-08-28,463.8,384.8,4.814606741573034,459.4,239.2,698.6,334,False,training_population,42.139999,78.269997,RGI60-13.06361,13,3844.0,2.046,21.2,358.0,0.01
813,KARA-BATKAK,2018,-0.81,2017-08-28,2018-09-06,522.7,329.4,4.659375,509.4,234.1,743.5,375,False,training_population,42.139999,78.269997,RGI60-13.06361,13,3844.0,2.046,21.2,358.0,0.01
813,KARA-BATKAK,2019,-0.54,2018-09-06,2019-09-24,505.3,369.80000000000007,4.575,498.8,288.5,787.3000000000001,384,False,training_population,42.139999,78.269997,RGI60-13.06361,13,3844.0,2.046,21.2,358.0,0.01
813,KARA-BATKAK,2020,-0.24,2019-09-24,2020-09-26,605.5,378.5,5.084782608695651,584.9,310.40000000000003,895.3,369,False,training_population,42.139999,78.269997,RGI60-13.06361,13,3844.0,2.046,21.2,358.0,0.01
813,KARA-BATKAK,2021,-0.49,2020-09-27,2021-09-30,632.2,268.8,5.441304347826087,493.5,304.0,797.5,369,False,training_population,42.139999,78.269997,RGI60-13.06361,13,3844.0,2.046,21.2,358.0,0.01
813,KARA-BATKAK,2022,-0.81,2021-09-30,2022-09-27,721.4000000000001,372.4,6.05,551.6,342.6,894.2,363,False,training_population,42.139999,78.269997,RGI60-13.06361,13,3844.0,2.046,21.2,358.0,0.01
813,KARA-BATKAK,2023,-0.93,2022-09-27,2023-09-19,626.2,379.3,6.042391304347827,517.8,385.1000000000001,902.9,358,False,training_population,42.139999,78.269997,RGI60-13.06361,13,3844.0,2.046,21.2,358.0,0.01
813,KARA-BATKAK,2024,-0.81,2023-09-19,2024-10-02,753.1,399.4,6.494565217391303,554.4,415.1,969.5,380,False,training_population,42.139999,78.269997,RGI60-13.06361,13,3844.0,2.046,21.2,358.0,0.01
813,KARA-BATKAK,2025,-1.82,2024-10-02,2025-09-06,734.7,265.5,6.752173913043479,415.1,428.0,843.0999999999999,340,False,training_population,42.139999,78.269997,RGI60-13.06361,13,3844.0,2.046,21.2,358.0,0.01
210,BLUE GLACIER,1956,1.39,1955-10-01,1956-09-30,1318.7999999999995,2345.7,8.55108695652174,1566.7000000000005,1674.5,3241.2000000000003,366,True,training_population,47.819,-123.684998,RGI60-02.14017,2,1880.0,5.663,17.7,19.0,0.2
210,BLUE GLACIER,1957,-1.11,1956-10-01,1957-09-30,1382.2999999999995,1668.3,8.20217391304348,847.5,1753.5,2601.0,365,True,training_population,47.819,-123.684998,RGI60-02.14017,2,1880.0,5.663,17.7,19.0,0.2
210,BLUE GLACIER,1958,-1.66,1957-10-01,1958-09-30,1798.0999999999997,1959.4,13.111956521739131,816.3,1799.5,2615.8,365,True,training_population,47.819,-123.684998,RGI60-02.14017,2,1880.0,5.663,17.7,19.0,0.2
210,BLUE GLACIER,1959,-0.3,1958-10-01,1959-09-30,1361.5,1768.8000000000002,9.369565217391305,861.5,2304.4,3165.9,365,True,training_population,47.819,-123.684998,RGI60-02.14017,2,1880.0,5.663,17.7,19.0,0.2
210,BLUE GLACIER,1960,-0.28,1959-10-01,1960-09-30,1395.6999999999998,1744.1,9.731521739130436,803.5999999999999,1864.5,2668.1,366,True,training_population,47.819,-123.684998,RGI60-02.14017,2,1880.0,5.663,17.7,19.0,0.2
210,BLUE GLACIER,1961,0.47,1960-10-01,1961-09-30,1593.9,2248.5,12.131521739130434,960.6,2217.6000000000004,3178.2000000000003,365,True,training_population,47.819,-123.684998,RGI60-02.14017,2,1880.0,5.663,17.7,19.0,0.2
210,BLUE GLACIER,1962,0.21,1961-10-01,1962-09-30,1302.3,1733.6,8.916304347826086,892.1,1643.1,2535.2,365,True,training_population,47.819,-123.684998,RGI60-02.14017,2,1880.0,5.663,17.7,19.0,0.2
210,BLUE GLACIER,1963,-0.58,1962-10-01,1963-09-30,1504.9000000000003,1444.3000000000002,8.735869565217392,588.9,2035.1,2624.0,365,True,training_population,47.819,-123.684998,RGI60-02.14017,2,1880.0,5.663,17.7,19.0,0.2
210,BLUE GLACIER,1964,0.63,1963-10-01,1964-09-30,1076.1999999999998,2215.8,7.244565217391303,1217.1999999999998,2265.4,3482.5999999999995,366,True,training_population,47.819,-123.684998,RGI60-02.14017,2,1880.0,5.663,17.7,19.0,0.2
210,BLUE GLACIER,1965,-0.56,1964-10-01,1965-09-30,1420.6,1833.7,10.015217391304349,954.0,1396.1,2350.1,365,True,training_population,47.819,-123.684998,RGI60-02.14017,2,1880.0,5.663,17.7,19.0,0.2
210,BLUE GLACIER,1966,0.34,1965-10-01,1966-09-30,1363.9,1944.0,8.125,1102.1999999999998,1874.7,2976.9,365,True,training_population,47.819,-123.684998,RGI60-02.14017,2,1880.0,5.663,17.7,19.0,0.2
210,BLUE GLACIER,1967,0.34,1966-10-01,1967-09-30,1621.6,2426.5,11.815217391304348,1071.1,2000.9,3072.0,365,True,training_population,47.819,-123.684998,RGI60-02.14017,2,1880.0,5.663,17.7,19.0,0.2
210,BLUE GLACIER,1968,0.03,1967-10-01,1968-09-30,1408.9,1935.3,9.334782608695653,960.4,2534.2,3494.6000000000004,366,True,training_population,47.819,-123.684998,RGI60-02.14017,2,1880.0,5.663,17.7,19.0,0.2
210,BLUE GLACIER,1969,0.71,1968-10-01,1969-09-30,1310.4,2124.3,9.180434782608698,1270.5,1852.5,3122.9999999999995,365,True,training_population,47.819,-123.684998,RGI60-02.14017,2,1880.0,5.663,17.7,19.0,0.2
210,BLUE GLACIER,1970,-0.39,1969-10-01,1970-09-30,1392.4,1723.9,10.556521739130435,678.3,1701.7,2380.0,365,True,training_population,47.819,-123.684998,RGI60-02.14017,2,1880.0,5.663,17.7,19.0,0.2
210,BLUE GLACIER,1971,1.15,1970-10-01,1971-09-30,1227.7,2610.4,8.76086956521739,1428.4,1797.4,3225.8,365,True,training_population,47.819,-123.684998,RGI60-02.14017,2,1880.0,5.663,17.7,19.0,0.2
210,BLUE GLACIER,1972,0.4,1971-10-01,1972-09-30,1278.9,2632.8,9.639130434782608,1405.2000000000005,1813.7,3218.9,366,True,training_population,47.819,-123.684998,RGI60-02.14017,2,1880.0,5.663,17.7,19.0,0.2
210,BLUE GLACIER,1973,-0.14,1972-10-01,1973-09-30,1376.9,1731.4,8.861956521739131,720.7,1596.0,2316.7,365,True,training_population,47.819,-123.684998,RGI60-02.14017,2,1880.0,5.663,17.7,19.0,0.2
210,BLUE GLACIER,1974,2.0,1973-10-01,1974-09-30,1282.4,2632.6000000000004,8.775,1350.2,2100.4,3450.6,365,True,training_population,47.819,-123.684998,RGI60-02.14017,2,1880.0,5.663,17.7,19.0,0.2
210,BLUE GLACIER,1975,0.67,1974-07-02,1975-07-02,1386.9,1799.3999999999996,8.654838709677419,971.6,1321.0,2292.6,366,False,training_population,47.819,-123.684998,RGI60-02.14017,2,1880.0,5.663,17.7,19.0,0.2
210,BLUE GLACIER,1976,1.42,1975-10-01,1976-09-30,1153.9,2314.6000000000004,7.42608695652174,1118.3000000000002,2061.0,3179.3,366,True,training_population,47.819,-123.684998,RGI60-02.14017,2,1880.0,5.663,17.7,19.0,0.2
210,BLUE GLACIER,1977,-1.24,1976-10-01,1977-09-30,1538.8,859.9000000000001,10.374999999999998,480.1,1435.9,1916.0,365,True,training_population,47.819,-123.684998,RGI60-02.14017,2,1880.0,5.663,17.7,19.0,0.2
210,BLUE GLACIER,1978,0.51,1977-10-01,1978-09-30,1423.3000000000002,1611.7,10.629347826086958,567.0,2183.2,2750.2,365,True,training_population,47.819,-123.684998,RGI60-02.14017,2,1880.0,5.663,17.7,19.0,0.2
210,BLUE GLACIER,1979,-1.15,1978-07-02,1979-07-02,1443.6,1324.2000000000005,9.938709677419356,743.5999999999999,1248.6999999999998,1992.3,366,False,training_population,47.819,-123.684998,RGI60-02.14017,2,1880.0,5.663,17.7,19.0,0.2
210,BLUE GLACIER,1980,-1.61,1979-07-02,1980-07-01,1542.7,1331.7,9.632608695652175,653.8,1915.3,2569.1,366,False,training_population,47.819,-123.684998,RGI60-02.14017,2,1880.0,5.663,17.7,19.0,0.2
210,BLUE GLACIER,1981,-1.31,1980-07-01,1981-07-02,1487.9,1026.5,8.510638297872342,451.8,2085.1,2536.9,367,False,training_population,47.819,-123.684998,RGI60-02.14017,2,1880.0,5.663,17.7,19.0,0.2
210,BLUE GLACIER,1982,0.75,1981-07-02,1982-07-02,1526.1,2107.3,11.413978494623656,958.6,1809.6,2768.2,366,False,training_population,47.819,-123.684998,RGI60-02.14017,2,1880.0,5.663,17.7,19.0,0.2
210,BLUE GLACIER,1983,1.34,1982-07-02,1983-07-02,1489.1,1742.7,9.272043010752688,780.8,2024.4,2805.2,366,False,training_population,47.819,-123.684998,RGI60-02.14017,2,1880.0,5.663,17.7,19.0,0.2
210,BLUE GLACIER,1984,0.49,1983-07-02,1984-07-01,1187.5,1797.2,8.735869565217392,822.8000000000001,2028.1,2850.9,366,False,training_population,47.819,-123.684998,RGI60-02.14017,2,1880.0,5.663,17.7,19.0,0.2
210,BLUE GLACIER,1985,0.42,1984-07-01,1985-07-02,1361.2,1356.8,9.930851063829786,788.0,1102.0,1890.0,367,False,training_population,47.819,-123.684998,RGI60-02.14017,2,1880.0,5.663,17.7,19.0,0.2
210,BLUE GLACIER,1986,-0.92,1985-07-02,1986-07-02,1572.5,1411.7,11.731182795698928,560.8000000000001,1750.9,2311.7,366,False,training_population,47.819,-123.684998,RGI60-02.14017,2,1880.0,5.663,17.7,19.0,0.2
210,BLUE GLACIER,1987,-0.79,1986-07-02,1987-07-02,1753.5,1369.1,11.113978494623655,593.1,1785.4,2378.5,366,False,training_population,47.819,-123.684998,RGI60-02.14017,2,1880.0,5.663,17.7,19.0,0.2
210,BLUE GLACIER,1988,0.22,1987-07-02,1988-07-01,1647.0,1595.6,9.441304347826089,823.0,1282.6,2105.6000000000004,366,False,training_population,47.819,-123.684998,RGI60-02.14017,2,1880.0,5.663,17.7,19.0,0.2
210,BLUE GLACIER,1989,-0.64,1988-07-01,1989-07-02,1648.1999999999998,1572.8,10.32127659574468,826.1999999999999,1509.6999999999998,2335.9,367,False,training_population,47.819,-123.684998,RGI60-02.14017,2,1880.0,5.663,17.7,19.0,0.2
210,BLUE GLACIER,1990,-1.18,1989-07-02,1990-07-02,1494.4,1398.7999999999995,8.729032258064514,788.9000000000001,1757.9,2546.8,366,False,training_population,47.819,-123.684998,RGI60-02.14017,2,1880.0,5.663,17.7,19.0,0.2
210,BLUE GLACIER,1991,-0.79,1990-10-01,1991-09-30,1491.4,1669.0,9.828260869565218,721.6999999999999,2421.6000000000004,3143.3,365,True,training_population,47.819,-123.684998,RGI60-02.14017,2,1880.0,5.663,17.7,19.0,0.2
210,BLUE GLACIER,1992,-1.18,1991-10-01,1992-09-30,1954.2000000000005,1300.1999999999998,11.831521739130435,424.1,1662.1,2086.2,366,True,training_population,47.819,-123.684998,RGI60-02.14017,2,1880.0,5.663,17.7,19.0,0.2
210,BLUE GLACIER,1993,-1.35,1992-10-01,1993-09-30,1538.4999999999998,1203.7,8.768478260869566,569.8,1427.4,1997.2,365,True,training_population,47.819,-123.684998,RGI60-02.14017,2,1880.0,5.663,17.7,19.0,0.2
210,BLUE GLACIER,1994,-1.75,1993-10-01,1994-09-30,1713.4,1414.9,10.040217391304346,681.8999999999999,1517.6,2199.5,365,True,training_population,47.819,-123.684998,RGI60-02.14017,2,1880.0,5.663,17.7,19.0,0.2
210,BLUE GLACIER,1995,-0.01,1994-10-01,1995-09-30,1575.5,1922.1,9.497826086956522,849.1,1982.3,2831.4,365,True,training_population,47.819,-123.684998,RGI60-02.14017,2,1880.0,5.663,17.7,19.0,0.2
210,BLUE GLACIER,1996,-0.79,1995-07-02,1996-07-01,1479.3000000000002,1290.1,8.816304347826087,498.1,2643.1000000000004,3141.2,366,False,training_population,47.819,-123.684998,RGI60-02.14017,2,1880.0,5.663,17.7,19.0,0.2
210,BLUE GLACIER,1997,-0.49,1996-07-01,1997-07-02,1533.1,2024.2,10.682978723404258,951.9,2205.4000000000005,3157.3,367,False,training_population,47.819,-123.684998,RGI60-02.14017,2,1880.0,5.663,17.7,19.0,0.2
210,BLUE GLACIER,1998,-0.88,1997-07-02,1998-07-02,1614.6,1445.8000000000002,10.663440860215054,712.0,1833.4,2545.4,366,False,training_population,47.819,-123.684998,RGI60-02.14017,2,1880.0,5.663,17.7,19.0,0.2
210,BLUE GLACIER,1999,1.09,1998-07-02,1999-07-02,1491.8,2665.3,10.14731182795699,1524.5,1815.7,3340.2,366,False,training_population,47.819,-123.684998,RGI60-02.14017,2,1880.0,5.663,17.7,19.0,0.2
210,BLUE GLACIER,2014,-1.41,2013-10-01,2014-09-30,1753.3999999999996,1438.4,11.584782608695653,553.9,1445.1,1999.0,365,True,training_population,47.819,-123.684998,RGI60-02.14017,2,1880.0,5.663,17.7,19.0,0.17
210,BLUE GLACIER,2015,-2.3,2014-10-03,2015-09-28,2009.7,715.4000000000001,12.82391304347826,223.90000000000003,2198.0,2421.9,361,False,training_population,47.819,-123.684998,RGI60-02.14017,2,1880.0,5.663,17.7,19.0,0.4
210,BLUE GLACIER,2016,-1.52,2015-09-28,2016-09-27,1787.5000000000002,1555.6,10.458695652173914,718.8000000000001,2052.8,2771.6000000000004,366,False,training_population,47.819,-123.684998,RGI60-02.14017,2,1880.0,5.663,17.7,19.0,0.61
732,ABRAMOV,1968,-0.423,1967-10-01,1968-09-30,494.2000000000001,477.3,4.718478260869566,449.0,152.69999999999996,601.7,366,False,training_population,39.62,71.56,RGI60-13.18096,13,4202.0,21.345,10.0,27.0,0.2
732,ABRAMOV,1969,0.74,1968-10-01,1969-09-30,429.50000000000006,781.5,4.053260869565219,768.7,130.3,899.0,365,True,training_population,39.62,71.56,RGI60-13.18096,13,4202.0,21.345,10.0,27.0,0.2
732,ABRAMOV,1970,-0.21,1969-10-01,1970-09-30,499.2,539.5999999999999,4.053260869565218,527.9,204.3,732.2,365,True,training_population,39.62,71.56,RGI60-13.18096,13,4202.0,21.345,10.0,27.0,0.2
732,ABRAMOV,1971,-0.666,1970-10-01,1971-09-30,482.0,541.2,4.726086956521739,520.2,187.4,707.6,365,False,training_population,39.62,71.56,RGI60-13.18096,13,4202.0,21.345,10.0,27.0,0.05
732,ABRAMOV,1972,0.436,1971-09-30,1972-09-23,273.9,616.5,2.266304347826087,608.5,125.7,734.2,360,False,training_population,39.62,71.56,RGI60-13.18096,13,4202.0,21.345,10.0,27.0,0.05
732,ABRAMOV,1973,-0.953,1972-09-24,1973-09-25,628.9000000000001,566.9,5.943478260869565,565.3,159.49999999999997,724.8,367,False,training_population,39.62,71.56,RGI60-13.18096,13,4202.0,21.345,10.0,27.0,0.05
732,ABRAMOV,1974,-0.313,1973-09-26,1974-09-20,355.1,409.7000000000001,3.3445652173913043,382.1,232.7,614.8,360,False,training_population,39.62,71.56,RGI60-13.18096,13,4202.0,21.345,10.0,27.0,0.05
732,ABRAMOV,1975,-1.211,1974-09-21,1975-09-20,426.2,519.0,3.819565217391304,480.0,154.60000000000002,634.6,365,False,training_population,39.62,71.56,RGI60-13.18096,13,4202.0,21.345,10.0,27.0,0.05
732,ABRAMOV,1976,-0.832,1975-09-21,1976-09-27,518.3,499.7,4.977173913043478,476.8,172.30000000000004,649.1,373,False,training_population,39.62,71.56,RGI60-13.18096,13,4202.0,21.345,10.0,27.0,0.05
732,ABRAMOV,1977,-1.312,1976-09-28,1977-09-30,583.3000000000002,474.0,5.432608695652173,457.6,165.79999999999998,623.4000000000001,368,False,training_population,39.62,71.56,RGI60-13.18096,13,4202.0,21.345,10.0,27.0,0.05
732,ABRAMOV,1978,-1.197,1977-09-30,1978-09-29,688.3,563.8,6.332608695652175,544.8,129.7,674.5,365,False,training_population,39.62,71.56,RGI60-13.18096,13,4202.0,21.345,10.0,27.0,0.05
732,ABRAMOV,1979,-0.497,1978-09-30,1979-09-29,453.8,638.4,4.294565217391304,613.9000000000001,131.09999999999997,745.0,365,False,training_population,39.62,71.56,RGI60-13.18096,13,4202.0,21.345,10.0,27.0,0.05
732,ABRAMOV,1980,-0.973,1979-09-30,1980-09-30,553.1999999999999,438.1,5.180434782608696,430.9,205.0,635.9,367,False,training_population,39.62,71.56,RGI60-13.18096,13,4202.0,21.345,10.0,27.0,0.05
732,ABRAMOV,1981,0.078,1980-09-30,1981-09-19,408.5,502.6,3.730434782608696,472.5,162.69999999999996,635.2,355,False,training_population,39.62,71.56,RGI60-13.18096,13,4202.0,21.345,10.0,27.0,0.05
732,ABRAMOV,1982,-0.688,1981-09-20,1982-09-25,403.30000000000007,431.7,3.848913043478261,396.8,193.9,590.6999999999999,371,False,training_population,39.62,71.56,RGI60-13.18096,13,4202.0,21.345,10.0,27.0,0.05
732,ABRAMOV,1983,-0.344,1982-09-26,1983-09-25,495.5,503.6,4.685869565217391,469.8,196.7,666.5,365,False,training_population,39.62,71.56,RGI60-13.18096,13,4202.0,21.345,10.0,27.0,0.05
732,ABRAMOV,1984,-0.744,1983-09-26,1984-09-30,724.5,388.3,7.158695652173913,377.4,138.1,515.5,371,False,training_population,39.62,71.56,RGI60-13.18096,13,4202.0,21.345,10.0,27.0,0.05
732,ABRAMOV,1985,-0.687,1984-10-01,1985-09-30,489.0,599.2,4.657608695652174,591.8,140.79999999999998,732.5999999999999,365,False,training_population,39.62,71.56,RGI60-13.18096,13,4202.0,21.345,10.0,27.0,0.05
732,ABRAMOV,1986,-0.861,1985-09-30,1986-09-28,487.50000000000006,354.6,4.36304347826087,326.3,178.30000000000004,504.6,364,False,training_population,39.62,71.56,RGI60-13.18096,13,4202.0,21.345,10.0,27.0,0.05
732,ABRAMOV,1987,0.281,1986-09-29,1987-09-28,412.9,693.0,3.370652173913044,667.5,182.4,849.9,365,False,training_population,39.62,71.56,RGI60-13.18096,13,4202.0,21.345,10.0,27.0,0.05
732,ABRAMOV,1988,0.048,1987-09-29,1988-09-28,522.4,728.2,4.6000000000000005,713.2,230.7,943.9,366,False,training_population,39.62,71.56,RGI60-13.18096,13,4202.0,21.345,10.0,27.0,0.05
732,ABRAMOV,1989,-0.156,1988-09-29,1989-09-28,349.20000000000005,458.3,2.938043478260869,439.4,161.20000000000002,600.5999999999999,365,False,training_population,39.62,71.56,RGI60-13.18096,13,4202.0,21.345,10.0,27.0,0.05
732,ABRAMOV,1990,-0.387,1989-09-29,1990-09-30,641.9000000000001,537.8,5.494565217391305,510.7000000000001,266.9,777.5999999999999,367,False,training_population,39.62,71.56,RGI60-13.18096,13,4202.0,21.345,10.0,27.0,0.05
732,ABRAMOV,1991,-0.353,1990-09-30,1991-09-30,498.7,443.5,4.253260869565217,444.1,199.6,643.7,366,False,training_population,39.62,71.56,RGI60-13.18096,13,4202.0,21.345,10.0,27.0,0.05
732,ABRAMOV,1992,0.422,1991-09-30,1992-09-25,415.0,573.8,4.045652173913044,554.4,184.3,738.7,362,False,training_population,39.62,71.56,RGI60-13.18096,13,4202.0,21.345,10.0,27.0,0.05
732,ABRAMOV,1993,0.449,1992-09-26,1993-09-25,449.6,607.4000000000001,3.920652173913044,599.0,182.8,781.8,365,False,training_population,39.62,71.56,RGI60-13.18096,13,4202.0,21.345,10.0,27.0,0.05
732,ABRAMOV,1994,-0.613,1993-09-26,1994-10-02,625.9000000000001,572.9,6.4,559.4,224.30000000000004,783.6999999999999,372,False,training_population,39.62,71.56,RGI60-13.18096,13,4202.0,21.345,10.0,27.0,0.05
732,ABRAMOV,1995,-0.88,1994-10-01,1995-09-30,569.9000000000001,417.9,5.392391304347826,413.2000000000001,232.9,646.0999999999999,365,True,training_population,39.62,71.56,RGI60-13.18096,13,4202.0,21.345,10.0,27.0,0.2
732,ABRAMOV,1996,-0.45,1995-10-01,1996-09-30,497.4,551.7,4.3141304347826095,547.5,187.0,734.5,366,True,training_population,39.62,71.56,RGI60-13.18096,13,4202.0,21.345,10.0,27.0,0.2
732,ABRAMOV,1997,-1.83,1996-10-01,1997-09-30,646.9,327.79999999999995,5.882608695652174,318.0,185.6,503.6,365,True,training_population,39.62,71.56,RGI60-13.18096,13,4202.0,21.345,10.0,27.0,0.2
732,ABRAMOV,1998,0.1,1997-10-01,1998-09-30,550.6999999999999,624.8,4.677173913043478,601.0999999999999,192.1,793.2,365,True,training_population,39.62,71.56,RGI60-13.18096,13,4202.0,21.345,10.0,27.0,0.2
732,ABRAMOV,2012,-0.421,2011-10-01,2012-09-30,509.4,549.5,4.630434782608695,532.2,133.8,666.0,366,False,training_population,39.62,71.56,RGI60-13.18096,13,4202.0,21.345,10.0,27.0,0.3
732,ABRAMOV,2013,-0.327,2012-10-01,2013-09-30,567.2000000000002,437.6,4.891304347826087,403.6,164.2,567.8,365,False,training_population,39.62,71.56,RGI60-13.18096,13,4202.0,21.345,10.0,27.0,0.3
732,ABRAMOV,2014,-0.75,2013-10-01,2014-09-30,553.0999999999999,439.5,4.692391304347827,414.9,170.20000000000005,585.1,365,False,training_population,39.62,71.56,RGI60-13.18096,13,4202.0,21.345,10.0,27.0,0.3
732,ABRAMOV,2015,0.17,2014-10-01,2015-09-30,560.1,528.1,5.5076086956521735,516.3,157.09999999999997,673.4000000000001,365,False,training_population,39.62,71.56,RGI60-13.18096,13,4202.0,21.345,10.0,27.0,0.3
732,ABRAMOV,2016,0.38,2015-10-01,2016-09-30,609.9999999999999,437.6,5.370652173913045,399.5,160.90000000000003,560.4000000000001,366,False,training_population,39.62,71.56,RGI60-13.18096,13,4202.0,21.345,10.0,27.0,0.3
732,ABRAMOV,2017,-0.354,2016-10-01,2017-09-30,582.7,674.4,5.351086956521739,659.4,214.2,873.5999999999999,365,False,training_population,39.62,71.56,RGI60-13.18096,13,4202.0,21.345,10.0,27.0,0.3
732,ABRAMOV,2018,0.056,2017-10-01,2018-09-30,540.6,449.8,5.210869565217391,433.9,172.20000000000002,606.0999999999999,365,False,training_population,39.62,71.56,RGI60-13.18096,13,4202.0,21.345,10.0,27.0,0.25
732,ABRAMOV,2019,-0.66,2018-09-30,2019-09-30,573.6999999999999,478.9,5.017391304347826,464.0,111.69999999999996,575.7,366,False,training_population,39.62,71.56,RGI60-13.18096,13,4202.0,21.345,10.0,27.0,0.3
732,ABRAMOV,2020,0.124,2019-09-30,2020-09-30,606.7,304.9,5.326086956521739,308.0,189.29999999999995,497.3,367,False,training_population,39.62,71.56,RGI60-13.18096,13,4202.0,21.345,10.0,27.0,0.25
732,ABRAMOV,2021,-1.296,2020-07-19,2021-08-24,874.3,428.3,6.086046511627908,438.4,241.6,680.0,402,False,training_population,39.62,71.56,RGI60-13.18096,13,4202.0,21.345,10.0,27.0,0.2
732,ABRAMOV,2022,-0.762,2021-08-24,2022-07-20,529.3,449.50000000000006,5.756896551724139,416.80000000000007,109.1,525.9,331,False,training_population,39.62,71.56,RGI60-13.18096,13,4202.0,21.345,10.0,27.0,0.2
732,ABRAMOV,2023,-0.539,2022-07-20,2023-08-03,841.1,520.8,6.579439252336448,519.7,152.5,672.2,380,False,training_population,39.62,71.56,RGI60-13.18096,13,4202.0,21.345,10.0,27.0,0.2
732,ABRAMOV,2024,-0.679,2023-10-01,2024-09-30,680.9,428.9,6.021739130434784,420.30000000000007,163.6,583.9,366,False,training_population,39.62,71.56,RGI60-13.18096,13,4202.0,21.345,10.0,27.0,0.2
732,ABRAMOV,2025,-1.27,2024-10-01,2025-09-30,848.7,444.4,7.267391304347825,424.8,153.70000000000002,578.5,365,False,training_population,39.62,71.56,RGI60-13.18096,13,4202.0,21.345,10.0,27.0,0.2
334,RABOTS GLACIAER,1950,-1.35,1949-07-02,1950-07-02,80.5,344.2,1.4999999999999998,313.6,92.9,406.5,183,False,training_population,67.91,18.5,RGI60-08.00188,8,1443.0,3.696,15.9,282.0,0.2
334,RABOTS GLACIAER,1982,-0.07,1981-03-03,1982-09-12,777.1,766.3000000000001,3.2211956521739133,709.6,588.8000000000001,1298.4,559,False,training_population,67.91,18.5,RGI60-08.00188,8,1443.0,3.696,15.9,282.0,0.2
334,RABOTS GLACIAER,1983,-0.11,1982-03-01,1983-09-10,694.0999999999999,997.2,2.822282608695652,880.5999999999999,654.7,1535.3,559,False,training_population,67.91,18.5,RGI60-08.00188,8,1443.0,3.696,15.9,282.0,0.2
334,RABOTS GLACIAER,1984,-0.53,1983-03-03,1984-09-10,850.8000000000001,913.2999999999998,3.2576086956521744,793.9,752.9000000000001,1546.8,558,False,training_population,67.91,18.5,RGI60-08.00188,8,1443.0,3.696,15.9,282.0,0.2
334,RABOTS GLACIAER,1985,-1.28,1984-03-02,1985-09-01,999.4,531.8,4.488043478260869,466.6,657.1000000000001,1123.7,549,False,training_population,67.91,18.5,RGI60-08.00188,8,1443.0,3.696,15.9,282.0,0.2
334,RABOTS GLACIAER,1986,-0.188,1985-07-02,1986-09-10,838.5,733.8,5.176470588235294,615.8,548.1,1163.9,436,False,training_population,67.91,18.5,RGI60-08.00188,8,1443.0,3.696,15.9,282.0,0.2
334,RABOTS GLACIAER,1987,0.223,1986-09-10,1987-09-10,350.2999999999999,612.0999999999999,3.3413043478260875,521.8,286.8,808.6000000000001,366,False,training_population,67.91,18.5,RGI60-08.00188,8,1443.0,3.696,15.9,282.0,0.2
334,RABOTS GLACIAER,1988,-1.052,1987-09-10,1988-09-14,653.5999999999999,505.1,6.115217391304348,459.3,299.3999999999999,758.7,371,False,training_population,67.91,18.5,RGI60-08.00188,8,1443.0,3.696,15.9,282.0,0.2
334,RABOTS GLACIAER,1989,0.618,1988-09-14,1989-08-21,337.4,890.8999999999999,3.837804878048781,792.3000000000002,299.6,1091.9,342,False,training_population,67.91,18.5,RGI60-08.00188,8,1443.0,3.696,15.9,282.0,0.2
334,RABOTS GLACIAER,1990,-0.04,1989-08-21,1990-09-02,519.8999999999999,772.1,4.636893203883496,734.6,358.20000000000005,1092.8,378,False,training_population,67.91,18.5,RGI60-08.00188,8,1443.0,3.696,15.9,282.0,0.2
334,RABOTS GLACIAER,1991,-0.216,1990-05-08,1991-08-22,924.1,662.0,4.962285714285715,583.0,608.5,1191.5,472,False,training_population,67.91,18.5,RGI60-08.00188,8,1443.0,3.696,15.9,282.0,0.2
334,RABOTS GLACIAER,1992,0.11,1991-05-14,1992-09-03,859.0,870.2,4.331521739130435,780.7,656.7,1437.4,479,False,training_population,67.91,18.5,RGI60-08.00188,8,1443.0,3.696,15.9,282.0,0.2
334,RABOTS GLACIAER,1993,0.51,1992-05-28,1993-08-27,797.8,814.9000000000001,3.774444444444445,759.0,665.1,1424.1,457,False,training_population,67.91,18.5,RGI60-08.00188,8,1443.0,3.696,15.9,282.0,0.2
334,RABOTS GLACIAER,1994,-0.1,1993-05-05,1994-09-20,808.9,498.5,3.858695652173913,458.30000000000007,472.3,930.6,504,False,training_population,67.91,18.5,RGI60-08.00188,8,1443.0,3.696,15.9,282.0,0.2
334,RABOTS GLACIAER,1995,0.08,1994-05-26,1995-09-10,767.7,787.1,3.5451086956521736,685.8,430.8,1116.6,473,False,training_population,67.91,18.5,RGI60-08.00188,8,1443.0,3.696,15.9,282.0,0.2
334,RABOTS GLACIAER,1996,-0.47,1995-07-02,1996-07-01,316.90000000000003,732.5999999999999,2.8043478260869565,612.8,359.3,972.1,366,False,training_population,67.91,18.5,RGI60-08.00188,8,1443.0,3.696,15.9,282.0,0.2
334,RABOTS GLACIAER,1997,-0.27,1996-07-01,1997-07-02,562.1999999999999,808.3,5.684042553191489,772.4000000000001,314.8,1087.2,367,False,training_population,67.91,18.5,RGI60-08.00188,8,1443.0,3.696,15.9,282.0,0.2
334,RABOTS GLACIAER,1998,-0.47,1997-10-01,1998-09-30,473.4,633.2,4.045652173913044,591.9,312.5,904.4,365,True,training_population,67.91,18.5,RGI60-08.00188,8,1443.0,3.696,15.9,282.0,0.2
334,RABOTS GLACIAER,1999,-0.39,1998-10-01,1999-09-30,420.5,524.2,3.48804347826087,484.69999999999993,390.9,875.6,365,True,training_population,67.91,18.5,RGI60-08.00188,8,1443.0,3.696,15.9,282.0,0.2
334,RABOTS GLACIAER,2000,-0.24,1999-10-01,2000-09-30,466.3,762.5,4.26304347826087,686.7,347.7,1034.4,366,True,training_population,67.91,18.5,RGI60-08.00188,8,1443.0,3.696,15.9,282.0,0.2
334,RABOTS GLACIAER,2001,-0.76,2000-10-01,2001-09-30,546.0,471.2000000000001,4.480434782608696,380.8,426.3,807.1,365,True,training_population,67.91,18.5,RGI60-08.00188,8,1443.0,3.696,15.9,282.0,0.1
334,RABOTS GLACIAER,2002,-0.879,2001-10-01,2002-09-30,747.8999999999999,742.0,7.331521739130434,696.5000000000001,362.9,1059.4,365,True,training_population,67.91,18.5,RGI60-08.00188,8,1443.0,3.696,15.9,282.0,0.2
334,RABOTS GLACIAER,2003,-1.44,2002-10-01,2003-09-30,672.7999999999998,521.7,6.373913043478261,493.0,262.90000000000003,755.9000000000001,365,True,training_population,67.91,18.5,RGI60-08.00188,8,1443.0,3.696,15.9,282.0,0.1
334,RABOTS GLACIAER,2005,-1.17,2004-10-01,2005-09-30,539.3,696.1999999999999,5.351086956521739,594.4,405.3,999.7,365,True,training_population,67.91,18.5,RGI60-08.00188,8,1443.0,3.696,15.9,282.0,0.1
334,RABOTS GLACIAER,2006,-1.63,2005-10-01,2006-09-30,690.0,564.5999999999999,6.197826086956521,448.9,403.8,852.7,365,True,training_population,67.91,18.5,RGI60-08.00188,8,1443.0,3.696,15.9,282.0,0.2
334,RABOTS GLACIAER,2008,0.35,2007-10-01,2008-09-30,429.4,606.3,4.14891304347826,551.9,261.79999999999995,813.7,366,True,training_population,67.91,18.5,RGI60-08.00188,8,1443.0,3.696,15.9,282.0,0.2
334,RABOTS GLACIAER,2009,-0.5,2008-10-01,2009-09-30,569.2,578.6999999999999,5.1880434782608695,516.7,343.9,860.5999999999999,365,True,training_population,67.91,18.5,RGI60-08.00188,8,1443.0,3.696,15.9,282.0,0.2
334,RABOTS GLACIAER,2010,-1.08,2009-10-01,2010-09-30,466.1,427.5,4.030434782608697,371.0,346.2,717.1999999999999,365,True,training_population,67.91,18.5,RGI60-08.00188,8,1443.0,3.696,15.9,282.0,0.2
334,RABOTS GLACIAER,2011,-2.11,2010-10-01,2011-09-30,639.9000000000001,584.8999999999999,6.025,501.7,419.8,921.5,365,True,training_population,67.91,18.5,RGI60-08.00188,8,1443.0,3.696,15.9,282.0,0.2
334,RABOTS GLACIAER,2012,0.02,2011-10-01,2012-09-30,363.3,742.0999999999999,3.428260869565218,675.9,377.0,1052.9,366,True,training_population,67.91,18.5,RGI60-08.00188,8,1443.0,3.696,15.9,282.0,0.2
334,RABOTS GLACIAER,2015,-0.043,2014-10-01,2015-09-30,505.19999999999993,691.3,4.045652173913044,644.5999999999999,363.9,1008.5,365,True,training_population,67.91,18.5,RGI60-08.00188,8,1443.0,3.696,15.9,282.0,0.2
334,RABOTS GLACIAER,2016,-0.65,2015-09-15,2016-09-08,593.3000000000001,592.8000000000001,5.005434782608695,512.0999999999999,477.8,989.9,360,False,training_population,67.91,18.5,RGI60-08.00188,8,1443.0,3.696,15.9,282.0,0.2
334,RABOTS GLACIAER,2017,-0.17,2016-09-15,2017-09-07,487.5,695.8,4.206521739130436,666.0,367.0,1033.0,358,False,training_population,67.91,18.5,RGI60-08.00188,8,1443.0,3.696,15.9,282.0,0.2
334,RABOTS GLACIAER,2018,-1.59,2017-09-15,2018-09-13,706.2,378.0,5.814130434782609,347.4,355.5,702.9000000000001,364,False,training_population,67.91,18.5,RGI60-08.00188,8,1443.0,3.696,15.9,282.0,0.2
334,RABOTS GLACIAER,2019,-0.65,2018-09-15,2019-09-14,631.3999999999999,858.1999999999999,5.895652173913044,750.8000000000001,399.19999999999993,1150.0,365,False,training_population,67.91,18.5,RGI60-08.00188,8,1443.0,3.696,15.9,282.0,0.2
334,RABOTS GLACIAER,2020,-0.106,2019-09-14,2020-09-12,549.7,708.4,5.408695652173913,691.4,330.40000000000003,1021.8000000000002,365,False,training_population,67.91,18.5,RGI60-08.00188,8,1443.0,3.696,15.9,282.0,0.2
334,RABOTS GLACIAER,2021,-0.5,2020-05-13,2021-09-06,1141.4,716.0,5.842391304347826,650.5,631.8000000000001,1282.3,482,False,training_population,67.91,18.5,RGI60-08.00188,8,1443.0,3.696,15.9,282.0,0.2
334,RABOTS GLACIAER,2022,-0.943,2021-09-06,2022-09-05,548.1999999999999,818.3,5.351086956521739,760.8,493.19999999999993,1254.0,365,False,training_population,67.91,18.5,RGI60-08.00188,8,1443.0,3.696,15.9,282.0,0.2
334,RABOTS GLACIAER,2023,-1.565,2022-09-05,2023-08-31,701.0,717.0999999999999,6.857608695652175,651.8,347.8,999.6,361,False,training_population,67.91,18.5,RGI60-08.00188,8,1443.0,3.696,15.9,282.0,0.2
334,RABOTS GLACIAER,2024,-2.804,2023-09-01,2024-09-15,969.2,556.1,7.76304347826087,495.7,576.9000000000001,1072.6,381,False,training_population,67.91,18.5,RGI60-08.00188,8,1443.0,3.696,15.9,282.0,0.04
334,RABOTS GLACIAER,2025,-0.588,2024-09-16,2025-09-05,621.9,1120.6,5.983695652173912,1006.7,398.1,1404.8000000000002,355,False,training_population,67.91,18.5,RGI60-08.00188,8,1443.0,3.696,15.9,282.0,0.05
753,GOLUBIN,1969,-0.13,1968-10-01,1969-09-30,644.2,747.7,5.488043478260869,671.1,586.5000000000001,1257.6,365,True,training_population,42.459999,74.495003,RGI60-13.11609,13,3893.0,4.827,14.4,335.0,0.2
753,GOLUBIN,1970,0.15,1969-10-01,1970-09-30,661.3000000000001,545.6,5.285869565217391,506.0,775.6,1281.6,365,True,training_population,42.459999,74.495003,RGI60-13.11609,13,3893.0,4.827,14.4,335.0,0.2
753,GOLUBIN,1971,-0.09,1970-10-01,1971-09-30,644.0,590.3000000000001,5.823913043478263,526.4000000000001,744.3999999999999,1270.8,365,True,training_population,42.459999,74.495003,RGI60-13.11609,13,3893.0,4.827,14.4,335.0,0.2
753,GOLUBIN,1972,-0.14,1971-07-02,1972-07-01,597.0999999999999,491.5,5.249999999999999,451.3,738.8,1190.1,366,False,training_population,42.459999,74.495003,RGI60-13.11609,13,3893.0,4.827,14.4,335.0,0.2
753,GOLUBIN,1973,-0.14,1972-07-01,1973-07-02,566.5999999999999,530.9,4.798936170212767,454.6,880.2,1334.7999999999995,367,False,training_population,42.459999,74.495003,RGI60-13.11609,13,3893.0,4.827,14.4,335.0,0.2
753,GOLUBIN,1974,-0.462,1973-07-02,1974-07-02,786.0,383.4,6.650537634408601,330.7,619.7,950.4,366,False,training_population,42.459999,74.495003,RGI60-13.11609,13,3893.0,4.827,14.4,335.0,0.2
753,GOLUBIN,1975,-0.24,1974-10-01,1975-09-30,644.4,519.9,6.008695652173913,438.4,667.1,1105.5,365,True,training_population,42.459999,74.495003,RGI60-13.11609,13,3893.0,4.827,14.4,335.0,0.2
753,GOLUBIN,1976,-0.4,1975-07-02,1976-07-01,691.7,472.4,6.105434782608696,411.6,682.5,1094.1,366,False,training_population,42.459999,74.495003,RGI60-13.11609,13,3893.0,4.827,14.4,335.0,0.2
753,GOLUBIN,1977,-0.32,1976-07-01,1977-07-02,794.3,442.4,7.325531914893616,372.0,561.6999999999999,933.7,367,False,training_population,42.459999,74.495003,RGI60-13.11609,13,3893.0,4.827,14.4,335.0,0.2
753,GOLUBIN,1978,-0.45,1977-07-02,1978-07-02,785.9,439.0,6.535483870967742,365.3,694.8,1060.1,366,False,training_population,42.459999,74.495003,RGI60-13.11609,13,3893.0,4.827,14.4,335.0,0.2
753,GOLUBIN,1979,-0.36,1978-07-02,1979-07-02,725.9,517.3,6.208602150537636,460.2,450.6,910.8,366,False,training_population,42.459999,74.495003,RGI60-13.11609,13,3893.0,4.827,14.4,335.0,0.2
753,GOLUBIN,1980,-0.5,1979-10-01,1980-09-30,786.1,387.9,6.456521739130435,350.7,669.3,1020.0,366,True,training_population,42.459999,74.495003,RGI60-13.11609,13,3893.0,4.827,14.4,335.0,0.2
753,GOLUBIN,1981,0.15,1980-08-31,1981-08-25,669.8,436.6,5.624137931034484,368.1,745.3,1113.4,360,False,training_population,42.459999,74.495003,RGI60-13.11609,13,3893.0,4.827,14.4,335.0,0.2
753,GOLUBIN,1982,-0.21,1981-08-25,1982-08-23,671.2,289.9,5.725274725274724,279.2,738.9000000000001,1018.1,364,False,training_population,42.459999,74.495003,RGI60-13.11609,13,3893.0,4.827,14.4,335.0,0.2
753,GOLUBIN,1983,-0.222,1982-08-23,1983-08-28,691.5,459.5,6.06938775510204,384.2000000000001,551.8000000000001,936.0,371,False,training_population,42.459999,74.495003,RGI60-13.11609,13,3893.0,4.827,14.4,335.0,0.2
753,GOLUBIN,1984,-0.485,1983-08-28,1984-09-06,935.2,417.0,8.216666666666667,383.2,494.4000000000001,877.6000000000001,376,False,training_population,42.459999,74.495003,RGI60-13.11609,13,3893.0,4.827,14.4,335.0,0.2
753,GOLUBIN,1985,-0.557,1984-09-06,1985-09-15,708.1999999999999,536.7,6.270652173913043,465.9,681.6000000000001,1147.5,375,False,training_population,42.459999,74.495003,RGI60-13.11609,13,3893.0,4.827,14.4,335.0,0.2
753,GOLUBIN,1986,-0.372,1985-09-11,1986-09-30,768.6,415.8,5.894565217391306,368.5,685.8,1054.3,385,False,training_population,42.459999,74.495003,RGI60-13.11609,13,3893.0,4.827,14.4,335.0,0.2
753,GOLUBIN,1987,0.152,1986-10-01,1987-09-08,636.2000000000002,484.3,5.456521739130435,461.9,550.7,1012.6,343,False,training_population,42.459999,74.495003,RGI60-13.11609,13,3893.0,4.827,14.4,335.0,0.2
753,GOLUBIN,1988,-0.432,1987-09-09,1988-09-27,794.9999999999999,535.5999999999999,6.284782608695651,489.1,765.3000000000001,1254.4,385,False,training_population,42.459999,74.495003,RGI60-13.11609,13,3893.0,4.827,14.4,335.0,0.2
753,GOLUBIN,1989,-0.422,1988-09-28,1989-09-21,570.6,421.5,5.117391304347826,345.90000000000003,556.4,902.3,359,False,training_population,42.459999,74.495003,RGI60-13.11609,13,3893.0,4.827,14.4,335.0,0.2
753,GOLUBIN,1990,-0.59,1989-09-22,1990-10-01,871.5999999999999,438.0,6.983695652173913,388.3,739.1999999999999,1127.5,375,False,training_population,42.459999,74.495003,RGI60-13.11609,13,3893.0,4.827,14.4,335.0,0.2
753,GOLUBIN,1991,-0.573,1990-10-02,1991-09-25,710.7,346.7,6.07717391304348,280.6,748.4000000000001,1029.0,359,False,training_population,42.459999,74.495003,RGI60-13.11609,13,3893.0,4.827,14.4,335.0,0.2
753,GOLUBIN,1992,-0.454,1991-09-25,1992-09-22,592.0000000000001,380.6,5.613043478260869,335.7,724.7000000000003,1060.4,364,False,training_population,42.459999,74.495003,RGI60-13.11609,13,3893.0,4.827,14.4,335.0,0.2
753,GOLUBIN,1993,-0.276,1992-09-22,1993-09-22,645.4,444.69999999999993,5.493478260869566,430.3,770.5000000000001,1200.8,366,False,training_population,42.459999,74.495003,RGI60-13.11609,13,3893.0,4.827,14.4,335.0,0.2
753,GOLUBIN,1994,-0.501,1993-09-22,1994-09-20,730.3999999999999,474.0,7.030434782608697,455.0,732.1999999999999,1187.2,364,False,training_population,42.459999,74.495003,RGI60-13.11609,13,3893.0,4.827,14.4,335.0,0.2
753,GOLUBIN,2011,0.029,2010-10-01,2011-09-30,841.4000000000001,363.8,6.556521739130435,304.1,834.5,1138.6,365,False,training_population,42.459999,74.495003,RGI60-13.11609,13,3893.0,4.827,14.4,335.0,0.05
753,GOLUBIN,2012,-0.318,2011-10-01,2012-09-30,796.9999999999999,433.1,6.779347826086956,352.7,638.4,991.1,366,False,training_population,42.459999,74.495003,RGI60-13.11609,13,3893.0,4.827,14.4,335.0,0.05
753,GOLUBIN,2013,-0.251,2012-10-01,2013-09-30,782.0,358.79999999999995,6.38913043478261,335.3,735.5000000000001,1070.8000000000002,365,False,training_population,42.459999,74.495003,RGI60-13.11609,13,3893.0,4.827,14.4,335.0,0.05
753,GOLUBIN,2014,-0.665,2013-10-01,2014-09-30,785.3,375.1,6.370652173913043,333.5,591.1999999999999,924.7,365,False,training_population,42.459999,74.495003,RGI60-13.11609,13,3893.0,4.827,14.4,335.0,0.05
753,GOLUBIN,2015,-0.565,2014-10-01,2015-09-30,806.2,517.1000000000001,7.482608695652175,441.8,646.5,1088.3000000000002,365,False,training_population,42.459999,74.495003,RGI60-13.11609,13,3893.0,4.827,14.4,335.0,0.05
753,GOLUBIN,2016,0.13,2015-10-01,2016-09-30,843.5999999999999,408.2000000000001,6.8489130434782615,343.7,876.5,1220.2,366,False,training_population,42.459999,74.495003,RGI60-13.11609,13,3893.0,4.827,14.4,335.0,0.05
753,GOLUBIN,2017,-0.144,2016-10-01,2017-09-30,851.1000000000001,528.5,6.960869565217393,499.4,608.3000000000001,1107.7,365,False,training_population,42.459999,74.495003,RGI60-13.11609,13,3893.0,4.827,14.4,335.0,0.05
753,GOLUBIN,2018,-0.05,2017-10-01,2018-09-30,711.2,431.8,6.407608695652175,376.5,670.8,1047.3000000000002,365,False,training_population,42.459999,74.495003,RGI60-13.11609,13,3893.0,4.827,14.4,335.0,0.05
753,GOLUBIN,2019,-0.078,2018-08-24,2019-08-24,774.9,426.6,6.740860215053762,349.8,623.8000000000001,973.6,366,False,training_population,42.459999,74.495003,RGI60-13.11609,13,3893.0,4.827,14.4,335.0,0.05
753,GOLUBIN,2020,0.213,2019-08-24,2020-08-24,763.1,362.3,6.076344086021504,344.20000000000005,808.8999999999999,1153.1,367,False,training_population,42.459999,74.495003,RGI60-13.11609,13,3893.0,4.827,14.4,335.0,0.05
753,GOLUBIN,2021,-0.194,2020-08-24,2021-07-23,540.3,357.70000000000005,6.362295081967212,347.6,553.6,901.2,334,False,training_population,42.459999,74.495003,RGI60-13.11609,13,3893.0,4.827,14.4,335.0,0.05
753,GOLUBIN,2022,-1.05,2021-07-23,2022-08-07,1061.1,426.1,7.387037037037037,359.5,926.1,1285.6,381,False,training_population,42.459999,74.495003,RGI60-13.11609,13,3893.0,4.827,14.4,335.0,0.05
753,GOLUBIN,2023,-1.412,2022-08-07,2023-08-07,805.1,432.2,6.913978494623656,345.9,801.8,1147.6999999999998,366,False,training_population,42.459999,74.495003,RGI60-13.11609,13,3893.0,4.827,14.4,335.0,0.05
753,GOLUBIN,2024,-1.897,2023-08-07,2024-08-06,770.4,466.69999999999993,6.645652173913043,390.2,871.2,1261.4,366,False,training_population,42.459999,74.495003,RGI60-13.11609,13,3893.0,4.827,14.4,335.0,0.03
753,GOLUBIN,2025,-1.469,2024-10-01,2025-09-30,953.9,363.3,7.590217391304347,262.40000000000003,981.7000000000002,1244.1,365,False,training_population,42.459999,74.495003,RGI60-13.11609,13,3893.0,4.827,14.4,335.0,0.2
3126,TUNGNAARJOKULL,1986,0.03,1985-10-01,1986-09-30,786.0,2572.8,3.598913043478261,2266.0,1279.6,3545.6000000000004,730,True,training_population,64.32,-18.07,RGI60-06.00443,6,1159.0,271.069,2.9,248.0,0.2
3126,TUNGNAARJOKULL,1992,0.24,1991-10-01,1992-09-30,747.8000000000001,3499.6000000000004,3.0228260869565213,2842.4,1662.4,4504.799999999999,732,True,training_population,64.32,-18.07,RGI60-06.00443,6,1159.0,271.069,2.9,248.0,0.2
3126,TUNGNAARJOKULL,1993,0.13,1992-10-01,1993-09-30,822.0,2933.6,2.8260869565217392,2693.4,924.2,3617.6,730,True,training_population,64.32,-18.07,RGI60-06.00443,6,1159.0,271.069,2.9,248.0,0.2
3126,TUNGNAARJOKULL,1994,-0.14,1993-10-01,1994-09-30,865.8000000000002,2758.2000000000003,3.910869565217392,2435.2,1097.4,3532.5999999999995,730,True,training_population,64.32,-18.07,RGI60-06.00443,6,1159.0,271.069,2.9,248.0,0.2
3126,TUNGNAARJOKULL,1995,-0.99,1994-10-01,1995-09-30,936.4,2401.0,4.01304347826087,2048.8,1283.0,3331.8,730,True,training_population,64.32,-18.07,RGI60-06.00443,6,1159.0,271.069,2.9,248.0,0.2
3126,TUNGNAARJOKULL,1997,-1.88,1996-07-01,1997-07-02,1035.2,2288.2,3.7329787234042553,2018.4,1287.4,3305.8,734,False,training_population,64.32,-18.07,RGI60-06.00443,6,1159.0,271.069,2.9,248.0,0.2
3126,TUNGNAARJOKULL,1998,-1.48,1997-10-01,1998-09-30,976.6,1805.0,3.996739130434782,1487.1999999999998,1172.2,2659.4,730,True,training_population,64.32,-18.07,RGI60-06.00443,6,1159.0,271.069,2.9,248.0,0.2
3126,TUNGNAARJOKULL,1999,-1.02,1998-10-01,1999-09-30,970.6,2450.4,4.122826086956522,2151.8,1412.8000000000002,3564.6000000000004,730,True,training_population,64.32,-18.07,RGI60-06.00443,6,1159.0,271.069,2.9,248.0,0.2
3126,TUNGNAARJOKULL,2000,-1.28,1999-10-01,2000-09-30,1063.1999999999998,2385.6,4.26304347826087,2061.4,1157.8,3219.2000000000003,732,True,training_population,64.32,-18.07,RGI60-06.00443,6,1159.0,271.069,2.9,248.0,0.2
3126,TUNGNAARJOKULL,2001,-1.629,2000-10-01,2001-09-30,887.1999999999999,1766.8,3.4684782608695657,1518.4,982.2,2500.6,730,True,training_population,64.32,-18.07,RGI60-06.00443,6,1159.0,271.069,2.9,248.0,0.2
3126,TUNGNAARJOKULL,2002,-1.276,2001-10-01,2002-09-30,1193.7999999999995,2318.4,4.477173913043479,1947.8,1760.6,3708.4,730,True,training_population,64.32,-18.07,RGI60-06.00443,6,1159.0,271.069,2.9,248.0,0.2
3126,TUNGNAARJOKULL,2003,-1.22,2002-10-01,2003-09-30,1322.8000000000002,2838.8,5.47608695652174,2289.6,1799.8,4089.4,730,True,training_population,64.32,-18.07,RGI60-06.00443,6,1159.0,271.069,2.9,248.0,0.2
3126,TUNGNAARJOKULL,2004,-1.699,2003-10-01,2004-09-30,1266.0,2016.6,5.011956521739131,1655.1999999999998,1857.0,3512.2,732,True,training_population,64.32,-18.07,RGI60-06.00443,6,1159.0,271.069,2.9,248.0,0.2
3126,TUNGNAARJOKULL,2005,-1.757,2004-10-01,2005-09-30,1011.2,2039.2,4.582608695652175,1735.4,1482.4,3217.8,730,True,training_population,64.32,-18.07,RGI60-06.00443,6,1159.0,271.069,2.9,248.0,0.2
3126,TUNGNAARJOKULL,2006,-1.569,2005-10-01,2006-09-30,1160.2,2401.8,4.481521739130436,2134.0,1659.8,3793.8,730,True,training_population,64.32,-18.07,RGI60-06.00443,6,1159.0,271.069,2.9,248.0,0.2
3126,TUNGNAARJOKULL,2007,-0.997,2006-10-01,2007-09-30,1122.6,2425.5999999999995,4.843478260869565,2045.0,1599.8000000000002,3644.8,730,True,training_population,64.32,-18.07,RGI60-06.00443,6,1159.0,271.069,2.9,248.0,0.2
3126,TUNGNAARJOKULL,2008,-1.34,2007-10-01,2008-09-30,1193.6,2415.6,4.591304347826087,2190.8,2078.2000000000003,4269.0,732,True,training_population,64.32,-18.07,RGI60-06.00443,6,1159.0,271.069,2.9,248.0,0.2
3126,TUNGNAARJOKULL,2009,-0.809,2008-10-01,2009-09-30,999.4,2406.0,4.436956521739131,1984.8,1289.4,3274.2,730,True,training_population,64.32,-18.07,RGI60-06.00443,6,1159.0,271.069,2.9,248.0,0.2
3126,TUNGNAARJOKULL,2010,-3.51,2009-10-01,2010-09-30,1322.6,1549.4,5.251086956521739,1332.8000000000002,1325.6,2658.4,730,True,training_population,64.32,-18.07,RGI60-06.00443,6,1159.0,271.069,2.9,248.0,0.2
3126,TUNGNAARJOKULL,2011,-1.38,2010-10-01,2011-09-30,954.2,2504.8,3.527173913043478,2251.2,1051.4,3302.6000000000004,730,True,training_population,64.32,-18.07,RGI60-06.00443,6,1159.0,271.069,2.9,248.0,0.2
3126,TUNGNAARJOKULL,2012,-1.294,2011-10-01,2012-09-30,1076.8,2839.8,4.66195652173913,2420.4,1524.6,3945.0,732,True,training_population,64.32,-18.07,RGI60-06.00443,6,1159.0,271.069,2.9,248.0,0.2
3126,TUNGNAARJOKULL,2013,-0.81,2012-10-01,2013-09-30,897.6,1941.2,4.368478260869565,1708.2000000000005,1474.0,3182.2,730,True,training_population,64.32,-18.07,RGI60-06.00443,6,1159.0,271.069,2.9,248.0,0.2
3126,TUNGNAARJOKULL,2014,-1.535,2013-10-01,2014-09-30,1128.6,1909.4,4.733695652173913,1695.8000000000002,1293.8000000000002,2989.6000000000004,730,True,training_population,64.32,-18.07,RGI60-06.00443,6,1159.0,271.069,2.9,248.0,0.2
3126,TUNGNAARJOKULL,2015,0.196,2014-10-01,2015-09-30,855.3999999999999,3067.0,3.131521739130435,2739.5999999999995,1220.3999999999996,3960.0,730,True,training_population,64.32,-18.07,RGI60-06.00443,6,1159.0,271.069,2.9,248.0,0.2
3126,TUNGNAARJOKULL,2016,-1.415,2015-10-01,2016-09-30,1119.8,2116.6,4.958695652173914,1862.8,1325.9999999999998,3188.8,732,True,training_population,64.32,-18.07,RGI60-06.00443,6,1159.0,271.069,2.9,248.0,0.2
3126,TUNGNAARJOKULL,2017,-0.449,2016-10-01,2017-09-30,1254.4,2945.0,4.2228260869565215,2375.4,2274.0,4649.4,730,True,training_population,64.32,-18.07,RGI60-06.00443,6,1159.0,271.069,2.9,248.0,0.2
3126,TUNGNAARJOKULL,2018,-0.32,2017-10-01,2018-09-30,952.4,2661.4,4.118478260869565,2320.6000000000004,1135.8000000000002,3456.4,730,True,training_population,64.32,-18.07,RGI60-06.00443,6,1159.0,271.069,2.9,248.0,0.2
3126,TUNGNAARJOKULL,2019,-1.914,2018-10-01,2019-09-30,1299.4,2307.6,4.947826086956521,1918.2000000000005,1525.8,3444.0,730,True,training_population,64.32,-18.07,RGI60-06.00443,6,1159.0,271.069,2.9,248.0,0.2
3126,TUNGNAARJOKULL,2020,-0.774,2019-10-01,2020-09-30,1048.6,2454.8,4.654347826086957,2093.6,1552.6,3646.2,732,True,training_population,64.32,-18.07,RGI60-06.00443,6,1159.0,271.069,2.9,248.0,0.2
3126,TUNGNAARJOKULL,2021,-1.611,2020-10-01,2021-09-30,1270.1999999999998,2024.2,5.648913043478261,1633.8,1250.4,2884.2,730,True,training_population,64.32,-18.07,RGI60-06.00443,6,1159.0,271.069,2.9,248.0,0.2
3126,TUNGNAARJOKULL,2022,-1.355,2021-10-01,2022-09-30,1091.6,2995.8,4.007608695652174,2528.2000000000003,1594.2,4122.4,730,True,training_population,64.32,-18.07,RGI60-06.00443,6,1159.0,271.069,2.9,248.0,0.2
3126,TUNGNAARJOKULL,2023,-1.529,2022-10-01,2023-09-30,1270.6,2093.6,5.445652173913044,1723.4,1683.4,3406.8,730,True,training_population,64.32,-18.07,RGI60-06.00443,6,1159.0,271.069,2.9,248.0,0.2
3126,TUNGNAARJOKULL,2024,-1.37,2023-10-01,2024-09-30,961.6,1775.8000000000002,4.027173913043479,1494.6,1299.2000000000005,2793.8,732,True,training_population,64.32,-18.07,RGI60-06.00443,6,1159.0,271.069,2.9,248.0,0.2
3126,TUNGNAARJOKULL,2025,-1.97,2024-10-01,2025-09-30,1391.0,2436.0,5.202173913043478,1991.2,2177.0,4168.2,730,True,training_population,64.32,-18.07,RGI60-06.00443,6,1159.0,271.069,2.9,248.0,0.2
3660,LANGJOKULL ICE CAP,1997,-1.3,1996-10-01,1997-09-30,597.5999999999999,2134.0,2.415217391304348,1830.6,800.2,2630.8,730,True,training_population,64.669998,-20.1,RGI60-06.00310,6,1114.0,157.045,12.3,121.0,0.2
3660,LANGJOKULL ICE CAP,1998,-1.7,1997-10-01,1998-09-30,554.8,1616.4,2.2934782608695654,1289.8,864.1999999999999,2154.0,730,True,training_population,64.669998,-20.1,RGI60-06.00310,6,1114.0,157.045,12.3,121.0,0.2
3660,LANGJOKULL ICE CAP,1999,-0.77,1998-10-01,1999-09-30,632.4000000000001,2094.4,2.845652173913043,1804.8,702.0,2506.8,730,True,training_population,64.669998,-20.1,RGI60-06.00310,6,1114.0,157.045,12.3,121.0,0.2
3660,LANGJOKULL ICE CAP,2000,-0.75,1999-10-01,2000-09-30,686.4,1935.8,2.7836956521739133,1741.7999999999995,752.4000000000001,2494.2,732,True,training_population,64.669998,-20.1,RGI60-06.00310,6,1114.0,157.045,12.3,121.0,0.2
3660,LANGJOKULL ICE CAP,2001,-1.271,2000-10-01,2001-09-30,453.4,1347.4,1.7097826086956522,1194.6,586.8000000000001,1781.4,730,True,training_population,64.669998,-20.1,RGI60-06.00310,6,1114.0,157.045,12.3,121.0,0.2
3660,LANGJOKULL ICE CAP,2002,-1.656,2001-10-01,2002-09-30,594.8,2355.8,2.447826086956522,1878.0,1010.2,2888.2,730,True,training_population,64.669998,-20.1,RGI60-06.00310,6,1114.0,157.045,12.3,121.0,0.2
3660,LANGJOKULL ICE CAP,2003,-1.946,2002-10-01,2003-09-30,850.6,2053.2,3.868478260869565,1743.1999999999998,970.2,2713.4,730,True,training_population,64.669998,-20.1,RGI60-06.00310,6,1114.0,157.045,12.3,121.0,0.2
3660,LANGJOKULL ICE CAP,2004,-1.487,2003-10-01,2004-09-30,755.0,2024.6,3.289130434782609,1541.6,1192.2,2733.8,732,True,training_population,64.669998,-20.1,RGI60-06.00310,6,1114.0,157.045,12.3,121.0,0.2
3660,LANGJOKULL ICE CAP,2005,-0.894,2004-10-01,2005-09-30,579.4,1951.8,2.7010869565217392,1614.6,814.5999999999999,2429.2,730,True,training_population,64.669998,-20.1,RGI60-06.00310,6,1114.0,157.045,12.3,121.0,0.2
3660,LANGJOKULL ICE CAP,2006,-1.08,2005-10-01,2006-09-30,680.6,2120.0,2.856521739130435,1723.0,1052.6,2775.6000000000004,730,True,training_population,64.669998,-20.1,RGI60-06.00310,6,1114.0,157.045,12.3,121.0,0.2
3660,LANGJOKULL ICE CAP,2007,-1.412,2006-10-01,2007-09-30,668.4,1987.8,3.0804347826086955,1585.6,1067.0,2652.6000000000004,730,True,training_population,64.669998,-20.1,RGI60-06.00310,6,1114.0,157.045,12.3,121.0,0.2
3660,LANGJOKULL ICE CAP,2008,-1.842,2007-10-01,2008-09-30,703.4,2597.0,2.938043478260869,1909.8,1361.6,3271.4,732,True,training_population,64.669998,-20.1,RGI60-06.00310,6,1114.0,157.045,12.3,121.0,0.2
3660,LANGJOKULL ICE CAP,2009,-0.362,2008-10-01,2009-09-30,581.0,2330.4,2.7717391304347827,1867.2,789.5999999999999,2656.8,730,True,training_population,64.669998,-20.1,RGI60-06.00310,6,1114.0,157.045,12.3,121.0,0.2
3660,LANGJOKULL ICE CAP,2010,-3.8,2009-10-01,2010-09-30,850.8,1319.6,3.5836956521739136,1053.2,820.5999999999999,1873.8,730,True,training_population,64.669998,-20.1,RGI60-06.00310,6,1114.0,157.045,12.3,121.0,0.2
3660,LANGJOKULL ICE CAP,2011,-1.279,2010-10-01,2011-09-30,507.00000000000006,2080.2,1.9195652173913045,1765.4,617.2,2382.6,730,True,training_population,64.669998,-20.1,RGI60-06.00310,6,1114.0,157.045,12.3,121.0,0.2
3660,LANGJOKULL ICE CAP,2012,-0.542,2011-10-01,2012-09-30,712.6,2601.0,3.2054347826086955,2170.8,786.0,2956.8,732,True,training_population,64.669998,-20.1,RGI60-06.00310,6,1114.0,157.045,12.3,121.0,0.2
3660,LANGJOKULL ICE CAP,2013,-0.851,2012-10-01,2013-09-30,544.6,1889.8,2.7271739130434782,1467.4,901.4,2368.8,730,True,training_population,64.669998,-20.1,RGI60-06.00310,6,1114.0,157.045,12.3,121.0,0.2
3660,LANGJOKULL ICE CAP,2014,-1.95,2013-10-01,2014-09-30,704.4,1501.4,3.143478260869565,1300.2,913.6,2213.8,730,True,training_population,64.669998,-20.1,RGI60-06.00310,6,1114.0,157.045,12.3,121.0,0.2
3660,LANGJOKULL ICE CAP,2015,0.413,2014-10-01,2015-09-30,502.2,2471.6,1.845652173913044,2250.8,501.6,2752.4,730,True,training_population,64.669998,-20.1,RGI60-06.00310,6,1114.0,157.045,12.3,121.0,0.2
3660,LANGJOKULL ICE CAP,2016,-1.677,2015-10-01,2016-09-30,737.8,1682.0,3.525000000000001,1370.0,717.0,2087.0,732,True,training_population,64.669998,-20.1,RGI60-06.00310,6,1114.0,157.045,12.3,121.0,0.2
3660,LANGJOKULL ICE CAP,2017,-0.959,2016-10-01,2017-09-30,711.5999999999999,2487.6000000000004,2.6978260869565216,2030.2000000000005,1267.7999999999995,3298.0,730,True,training_population,64.669998,-20.1,RGI60-06.00310,6,1114.0,157.045,12.3,121.0,0.2
3660,LANGJOKULL ICE CAP,2018,-0.039,2017-10-01,2018-09-30,493.6,2080.4,2.338043478260869,1797.4,686.1999999999999,2483.6,730,True,training_population,64.669998,-20.1,RGI60-06.00310,6,1114.0,157.045,12.3,121.0,0.2
3660,LANGJOKULL ICE CAP,2019,-2.23,2018-10-01,2019-09-30,801.8,1744.4,3.1010869565217387,1439.2,847.9999999999999,2287.2000000000003,730,True,training_population,64.669998,-20.1,RGI60-06.00310,6,1114.0,157.045,12.3,121.0,0.2
3660,LANGJOKULL ICE CAP,2020,-0.564,2019-10-01,2020-09-30,604.2,2233.2,2.85,1807.6,965.6,2773.2,732,True,training_population,64.669998,-20.1,RGI60-06.00310,6,1114.0,157.045,12.3,121.0,0.2
3660,LANGJOKULL ICE CAP,2021,-1.79,2020-10-01,2021-09-30,871.6,1841.6,3.9521739130434783,1546.8,805.0,2351.8,730,True,training_population,64.669998,-20.1,RGI60-06.00310,6,1114.0,157.045,12.3,121.0,0.2
3660,LANGJOKULL ICE CAP,2022,0.05,2021-10-01,2022-09-30,599.2,2592.6000000000004,2.1,2063.8,1060.0,3123.8,730,True,training_population,64.669998,-20.1,RGI60-06.00310,6,1114.0,157.045,12.3,121.0,0.2
3660,LANGJOKULL ICE CAP,2023,-1.43,2022-10-01,2023-09-30,737.8,2019.4,3.448913043478261,1463.4,1053.1999999999998,2516.6,730,True,training_population,64.669998,-20.1,RGI60-06.00310,6,1114.0,157.045,12.3,121.0,0.2
3660,LANGJOKULL ICE CAP,2024,-1.005,2023-10-01,2024-09-30,520.0,1769.0,2.030434782608696,1507.6,831.6000000000001,2339.2,732,True,training_population,64.669998,-20.1,RGI60-06.00310,6,1114.0,157.045,12.3,121.0,0.2
3660,LANGJOKULL ICE CAP,2025,-1.44,2024-10-01,2025-09-30,870.2,2268.6,3.376086956521738,1775.0,1243.7999999999995,3018.8,730,True,training_population,64.669998,-20.1,RGI60-06.00310,6,1114.0,157.045,12.3,121.0,0.2
3068,DYNGJUJOKULL,1992,1.65,1991-10-01,1992-09-30,350.4,2892.8,0.7521739130434781,2724.2000000000003,580.0,3304.2000000000003,732,True,training_population,64.669998,-17.0,RGI60-06.00477,6,1440.0,1060.639,4.9,26.0,0.2
3068,DYNGJUJOKULL,1993,1.27,1992-10-01,1993-09-30,302.00000000000006,2443.6000000000004,0.2315217391304347,2277.0,332.4,2609.4,730,True,training_population,64.669998,-17.0,RGI60-06.00477,6,1440.0,1060.639,4.9,26.0,0.2
3068,DYNGJUJOKULL,1994,0.19,1993-10-01,1994-09-30,420.6,2187.6000000000004,1.4728260869565215,2103.2,351.6,2454.8,730,True,training_population,64.669998,-17.0,RGI60-06.00477,6,1440.0,1060.639,4.9,26.0,0.2
3068,DYNGJUJOKULL,1995,0.02,1994-10-01,1995-09-30,455.6,2291.4,1.8554347826086957,2049.0,409.2,2458.2,730,True,training_population,64.669998,-17.0,RGI60-06.00477,6,1440.0,1060.639,4.9,26.0,0.2
3068,DYNGJUJOKULL,1996,-0.39,1995-07-02,1996-07-01,427.4,2193.0,1.5065217391304346,2053.6,352.4,2406.0,732,False,training_population,64.669998,-17.0,RGI60-06.00477,6,1440.0,1060.639,4.9,26.0,0.2
3068,DYNGJUJOKULL,1997,-1.06,1996-07-01,1997-07-02,509.80000000000007,1903.2,1.0765957446808512,1767.0,452.2000000000001,2219.2,734,False,training_population,64.669998,-17.0,RGI60-06.00477,6,1440.0,1060.639,4.9,26.0,0.2
3068,DYNGJUJOKULL,1998,-0.49,1997-10-01,1998-09-30,394.8,2046.0,0.967391304347826,1919.0,428.6,2347.6,730,True,training_population,64.669998,-17.0,RGI60-06.00477,6,1440.0,1060.639,4.9,26.0,0.2
3068,DYNGJUJOKULL,2005,-1.327,2004-10-01,2005-09-30,470.3999999999999,1846.2,1.9739130434782608,1692.8000000000002,509.4,2202.2,730,True,training_population,64.669998,-17.0,RGI60-06.00477,6,1440.0,1060.639,4.9,26.0,0.2
3068,DYNGJUJOKULL,2006,-0.353,2005-10-01,2006-09-30,528.0,1819.8,2.0815217391304346,1707.6,716.8,2424.4,730,True,training_population,64.669998,-17.0,RGI60-06.00477,6,1440.0,1060.639,4.9,26.0,0.2
3068,DYNGJUJOKULL,2007,0.095,2006-10-01,2007-09-30,494.19999999999993,2235.0,1.942391304347826,2050.2,693.8000000000001,2744.0,730,True,training_population,64.669998,-17.0,RGI60-06.00477,6,1440.0,1060.639,4.9,26.0,0.2
3068,DYNGJUJOKULL,2008,-0.024,2007-10-01,2008-09-30,513.6,2233.6000000000004,1.6771739130434784,1996.4,826.6,2823.0,732,True,training_population,64.669998,-17.0,RGI60-06.00477,6,1440.0,1060.639,4.9,26.0,0.2
3068,DYNGJUJOKULL,2009,0.227,2008-10-01,2009-09-30,389.2000000000001,1959.2,1.5913043478260869,1770.8000000000002,485.6,2256.4,730,True,training_population,64.669998,-17.0,RGI60-06.00477,6,1440.0,1060.639,4.9,26.0,0.2
3068,DYNGJUJOKULL,2010,-1.54,2009-10-01,2010-09-30,636.0,1822.8,2.392391304347826,1767.8,565.6,2333.4,730,True,training_population,64.669998,-17.0,RGI60-06.00477,6,1440.0,1060.639,4.9,26.0,0.2
3068,DYNGJUJOKULL,2011,0.377,2010-10-01,2011-09-30,312.79999999999995,2276.2,0.3902173913043479,2179.4,442.2,2621.6,730,True,training_population,64.669998,-17.0,RGI60-06.00477,6,1440.0,1060.639,4.9,26.0,0.2
3068,DYNGJUJOKULL,2012,-0.975,2011-10-01,2012-09-30,518.5999999999999,2039.2,1.7652173913043476,1930.2,568.2,2498.4,732,True,training_population,64.669998,-17.0,RGI60-06.00477,6,1440.0,1060.639,4.9,26.0,0.2
3068,DYNGJUJOKULL,2013,-0.23,2012-10-01,2013-09-30,426.4,2039.0,1.9619565217391304,1922.2,387.2000000000001,2309.4,730,True,training_population,64.669998,-17.0,RGI60-06.00477,6,1440.0,1060.639,4.9,26.0,0.2
3068,DYNGJUJOKULL,2014,0.171,2013-10-01,2014-09-30,520.6,2429.4,2.084782608695652,2279.2,659.4,2938.6,730,True,training_population,64.669998,-17.0,RGI60-06.00477,6,1440.0,1060.639,4.9,26.0,0.2
3068,DYNGJUJOKULL,2015,1.469,2014-10-01,2015-09-30,302.19999999999993,2738.8,0.4163043478260869,2509.4,627.4000000000001,3136.8,730,True,training_population,64.669998,-17.0,RGI60-06.00477,6,1440.0,1060.639,4.9,26.0,0.2
3068,DYNGJUJOKULL,2016,-0.236,2015-10-01,2016-09-30,458.0,2040.8,2.028260869565217,1798.6,665.0,2463.6,732,True,training_population,64.669998,-17.0,RGI60-06.00477,6,1440.0,1060.639,4.9,26.0,0.2
3068,DYNGJUJOKULL,2017,0.23,2016-10-01,2017-09-30,557.0,2224.4,1.4532608695652172,2035.4,1027.8000000000002,3063.2,730,True,training_population,64.669998,-17.0,RGI60-06.00477,6,1440.0,1060.639,4.9,26.0,0.2
3068,DYNGJUJOKULL,2018,0.076,2017-10-01,2018-09-30,437.9999999999999,2276.8,1.845652173913044,2087.4,593.3999999999999,2680.8,730,True,training_population,64.669998,-17.0,RGI60-06.00477,6,1440.0,1060.639,4.9,26.0,0.2
3068,DYNGJUJOKULL,2019,-0.379,2018-10-01,2019-09-30,552.3999999999999,2220.6,1.465217391304348,2039.0,577.2,2616.2,730,True,training_population,64.669998,-17.0,RGI60-06.00477,6,1440.0,1060.639,4.9,26.0,0.2
3068,DYNGJUJOKULL,2020,0.216,2019-10-01,2020-09-30,467.8,2393.0,1.9858695652173912,2171.4,513.4000000000001,2684.8,732,True,training_population,64.669998,-17.0,RGI60-06.00477,6,1440.0,1060.639,4.9,26.0,0.2
3068,DYNGJUJOKULL,2021,-0.71,2020-10-01,2021-09-30,781.8,2236.4,3.194565217391304,2107.8,361.8,2469.6000000000004,730,True,training_population,64.669998,-17.0,RGI60-06.00477,6,1440.0,1060.639,4.9,26.0,0.2
3068,DYNGJUJOKULL,2022,0.422,2021-10-01,2022-09-30,430.8,2795.2,1.3793478260869565,2482.2,707.8,3190.0,730,True,training_population,64.669998,-17.0,RGI60-06.00477,6,1440.0,1060.639,4.9,26.0,0.2
3068,DYNGJUJOKULL,2023,-0.308,2022-10-01,2023-09-30,557.8,2448.8,2.4250000000000003,2179.2,667.2,2846.4,730,True,training_population,64.669998,-17.0,RGI60-06.00477,6,1440.0,1060.639,4.9,26.0,0.2
3068,DYNGJUJOKULL,2024,-0.05,2023-10-01,2024-09-30,437.8,2125.2,1.268478260869565,2044.2000000000005,442.2000000000001,2486.4,732,True,training_population,64.669998,-17.0,RGI60-06.00477,6,1440.0,1060.639,4.9,26.0,0.2
3068,DYNGJUJOKULL,2025,-0.64,2024-10-01,2025-09-30,751.5999999999999,2022.2,2.523913043478261,1843.0,938.6,2781.6000000000004,730,True,training_population,64.669998,-17.0,RGI60-06.00477,6,1440.0,1060.639,4.9,26.0,0.2
2669,IRENEBREEN,2002,-0.613,2001-10-01,2002-09-30,309.6,805.8000000000001,1.3945652173913046,740.4000000000001,236.6,977.0,730,True,training_population,78.6651,12.1249,RGI60-07.00490,7,344.0,3.586,13.1,257.0,0.2
2669,IRENEBREEN,2003,-0.63,2002-10-01,2003-09-30,265.4,882.4000000000001,0.8478260869565217,749.0,368.8,1117.8000000000002,730,True,training_population,78.6651,12.1249,RGI60-07.00490,7,344.0,3.586,13.1,257.0,0.2
2669,IRENEBREEN,2004,-0.605,2003-10-01,2004-09-30,301.6,767.6000000000001,1.1,743.4,259.2,1002.6,732,True,training_population,78.6651,12.1249,RGI60-07.00490,7,344.0,3.586,13.1,257.0,0.2
2669,IRENEBREEN,2005,-0.862,2004-10-01,2005-09-30,233.0,802.8,1.1467391304347827,734.8,209.4,944.2,730,True,training_population,78.6651,12.1249,RGI60-07.00490,7,344.0,3.586,13.1,257.0,0.2
2669,IRENEBREEN,2006,-0.822,2005-10-01,2006-09-30,274.19999999999993,1005.8,1.1347826086956525,948.0,243.2,1191.2000000000005,730,True,training_population,78.6651,12.1249,RGI60-07.00490,7,344.0,3.586,13.1,257.0,0.2
2669,IRENEBREEN,2007,-0.695,2006-10-01,2007-09-30,186.40000000000003,924.4,0.6152173913043478,849.0,86.2,935.2,730,True,training_population,78.6651,12.1249,RGI60-07.00490,7,344.0,3.586,13.1,257.0,0.2
2669,IRENEBREEN,2008,-0.357,2007-10-01,2008-09-30,217.8,883.0,0.5652173913043479,854.0,264.0,1118.0,732,True,training_population,78.6651,12.1249,RGI60-07.00490,7,344.0,3.586,13.1,257.0,0.2
2669,IRENEBREEN,2009,-0.63,2008-10-01,2009-09-30,253.39999999999992,809.6,0.8250000000000001,779.6,107.39999999999998,887.0,730,True,training_population,78.6651,12.1249,RGI60-07.00490,7,344.0,3.586,13.1,257.0,0.2
2669,IRENEBREEN,2010,-0.497,2009-10-01,2010-09-30,194.8,898.8,0.4945652173913043,827.4,129.20000000000002,956.6,730,True,training_population,78.6651,12.1249,RGI60-07.00490,7,344.0,3.586,13.1,257.0,0.2
2669,IRENEBREEN,2011,-1.293,2010-10-01,2011-09-30,365.8,746.2,1.3271739130434783,669.8000000000001,332.20000000000005,1002.0,730,True,training_population,78.6651,12.1249,RGI60-07.00490,7,344.0,3.586,13.1,257.0,0.2
2669,IRENEBREEN,2012,-0.851,2011-10-01,2012-09-30,301.79999999999995,1086.6,1.0869565217391304,1002.8,271.8,1274.6,732,True,training_population,78.6651,12.1249,RGI60-07.00490,7,344.0,3.586,13.1,257.0,0.2
2669,IRENEBREEN,2013,-1.881,2012-10-01,2013-09-30,416.2000000000001,653.4000000000001,1.5967391304347829,596.0,553.2,1149.1999999999998,730,True,training_population,78.6651,12.1249,RGI60-07.00490,7,344.0,3.586,13.1,257.0,0.2
2669,IRENEBREEN,2014,-0.687,2013-10-01,2014-09-30,243.4,827.4,0.8043478260869563,776.0000000000001,234.99999999999997,1011.0,730,True,training_population,78.6651,12.1249,RGI60-07.00490,7,344.0,3.586,13.1,257.0,0.2
2669,IRENEBREEN,2015,-1.335,2014-10-01,2015-09-30,361.0,822.2,1.6195652173913044,757.8000000000001,313.6,1071.4,730,True,training_population,78.6651,12.1249,RGI60-07.00490,7,344.0,3.586,13.1,257.0,0.2
2669,IRENEBREEN,2016,-1.468,2015-10-01,2016-09-30,295.8,896.8,0.8706521739130434,702.0,489.2000000000001,1191.1999999999998,732,True,training_population,78.6651,12.1249,RGI60-07.00490,7,344.0,3.586,13.1,257.0,0.2
2669,IRENEBREEN,2017,-1.42,2016-10-01,2017-09-30,432.8,929.4,1.3358695652173913,756.8,711.0,1467.8,730,True,training_population,78.6651,12.1249,RGI60-07.00490,7,344.0,3.586,13.1,257.0,0.2
2669,IRENEBREEN,2018,-1.498,2017-10-01,2018-09-30,369.4,823.4000000000001,1.438043478260869,714.0,489.0,1203.0,730,True,training_population,78.6651,12.1249,RGI60-07.00490,7,344.0,3.586,13.1,257.0,0.2
2669,IRENEBREEN,2019,-1.186,2018-10-01,2019-09-30,370.0,832.6,1.3945652173913046,756.2,289.2,1045.4,730,True,training_population,78.6651,12.1249,RGI60-07.00490,7,344.0,3.586,13.1,257.0,0.2
2669,IRENEBREEN,2020,-2.204,2019-07-02,2020-07-01,362.4,508.6,1.3891304347826086,469.00000000000006,281.8,750.8,732,False,training_population,78.6651,12.1249,RGI60-07.00490,7,344.0,3.586,13.1,257.0,0.2
2669,IRENEBREEN,2021,-0.745,2020-07-01,2021-07-02,445.6,880.0,1.786170212765957,750.2,338.8,1089.0,734,False,training_population,78.6651,12.1249,RGI60-07.00490,7,344.0,3.586,13.1,257.0,0.2
2669,IRENEBREEN,2022,-2.164,2021-10-01,2022-09-30,516.2,801.5999999999999,2.1815217391304347,763.5999999999999,468.2000000000001,1231.8000000000002,730,True,training_population,78.6651,12.1249,RGI60-07.00490,7,344.0,3.586,13.1,257.0,0.2
2669,IRENEBREEN,2023,-1.381,2022-10-01,2023-09-30,476.80000000000007,1194.4,2.0641304347826086,1075.6,417.00000000000006,1492.6,730,True,training_population,78.6651,12.1249,RGI60-07.00490,7,344.0,3.586,13.1,257.0,0.2
2669,IRENEBREEN,2024,-2.389,2023-10-01,2024-09-30,617.0,766.0,2.882608695652174,727.2,510.6000000000001,1237.8,732,True,training_population,78.6651,12.1249,RGI60-07.00490,7,344.0,3.586,13.1,257.0,0.2
2669,IRENEBREEN,2025,-2.157,2024-10-01,2025-09-30,523.0,802.0,2.2184782608695657,720.8,408.6,1129.4,730,True,training_population,78.6651,12.1249,RGI60-07.00490,7,344.0,3.586,13.1,257.0,0.2
1664,NORTH KLAWATTI,1993,-1.069,1992-10-31,1993-09-24,1300.8,2005.2000000000005,4.677173913043479,1568.1999999999998,982.6,2550.8,658,False,training_population,48.572899,-121.093002,RGI60-02.18077,2,2155.0,1.758,17.3,117.0,0.2
1664,NORTH KLAWATTI,1994,-1.926,1993-09-24,1994-10-03,1999.8,2463.0,7.066304347826088,1881.6,908.8,2790.4,750,False,training_population,48.572899,-121.093002,RGI60-02.18077,2,2155.0,1.758,17.3,117.0,0.2
1664,NORTH KLAWATTI,1995,-0.47,1994-10-03,1995-10-14,1547.4,3534.4,5.275,2741.0,1157.2,3898.2,754,False,training_population,48.572899,-121.093002,RGI60-02.18077,2,2155.0,1.758,17.3,117.0,0.2
1664,NORTH KLAWATTI,1996,0.343,1995-10-14,1996-09-23,1309.6,3845.7999999999993,6.30108695652174,2554.6,1480.6,4035.2,692,False,training_population,48.572899,-121.093002,RGI60-02.18077,2,2155.0,1.758,17.3,117.0,0.2
1664,NORTH KLAWATTI,1997,0.88,1996-07-01,1997-07-02,1543.0,4090.4,6.468085106382978,3249.2,1263.4,4512.6,734,False,training_population,48.572899,-121.093002,RGI60-02.18077,2,2155.0,1.758,17.3,117.0,0.2
1664,NORTH KLAWATTI,1998,-1.49,1997-07-02,1998-07-02,1607.1999999999998,2788.2,6.678494623655913,2155.4,1166.8000000000002,3322.2,732,False,training_population,48.572899,-121.093002,RGI60-02.18077,2,2155.0,1.758,17.3,117.0,0.2
1664,NORTH KLAWATTI,1999,1.57,1998-07-02,1999-07-02,1834.8,3885.8,6.810752688172044,3425.8,678.0,4103.8,732,False,training_population,48.572899,-121.093002,RGI60-02.18077,2,2155.0,1.758,17.3,117.0,0.2
1664,NORTH KLAWATTI,2000,0.8,1999-07-02,2000-07-01,1334.8,3265.0,5.47608695652174,2460.2,1086.4,3546.5999999999995,732,False,training_population,48.572899,-121.093002,RGI60-02.18077,2,2155.0,1.758,17.3,117.0,0.2
1664,NORTH KLAWATTI,2001,-1.72,2000-07-01,2001-07-02,1258.8,1970.8,4.876595744680851,1505.6,705.0,2210.6,734,False,training_population,48.572899,-121.093002,RGI60-02.18077,2,2155.0,1.758,17.3,117.0,0.2
1664,NORTH KLAWATTI,2002,0.224,2001-10-01,2002-09-30,1515.6,3592.6000000000004,6.578260869565218,2940.2,890.8,3831.0,730,True,training_population,48.572899,-121.093002,RGI60-02.18077,2,2155.0,1.758,17.3,117.0,0.2
1664,NORTH KLAWATTI,2003,-1.367,2002-10-01,2003-09-30,1849.4,2549.2,7.789130434782609,2030.0,662.5999999999999,2692.6,730,True,training_population,48.572899,-121.093002,RGI60-02.18077,2,2155.0,1.758,17.3,117.0,0.2
1664,NORTH KLAWATTI,2004,-1.272,2003-10-01,2004-09-30,1904.8,2936.6000000000004,8.247826086956522,2051.0000000000005,1423.8000000000002,3474.8,732,True,training_population,48.572899,-121.093002,RGI60-02.18077,2,2155.0,1.758,17.3,117.0,0.2
1664,NORTH KLAWATTI,2005,-2.06,2004-09-27,2005-09-26,1747.6,2284.8,6.63913043478261,1473.0,1158.4,2631.4,730,False,training_population,48.572899,-121.093002,RGI60-02.18077,2,2155.0,1.758,17.3,117.0,0.2
1664,NORTH KLAWATTI,2006,-1.14,2005-09-26,2006-10-11,1955.8,3002.7999999999997,7.581521739130435,2428.9999999999995,1017.8,3446.8,762,False,training_population,48.572899,-121.093002,RGI60-02.18077,2,2155.0,1.758,17.3,117.0,0.24
1664,NORTH KLAWATTI,2007,-0.74,2006-11-10,2007-10-13,1494.0,3194.2,6.233695652173913,2586.2000000000003,855.0,3441.2000000000003,676,False,training_population,48.572899,-121.093002,RGI60-02.18077,2,2155.0,1.758,17.3,117.0,0.22
1664,NORTH KLAWATTI,2008,-0.22,2007-10-13,2008-09-23,1474.8,2690.4,5.844565217391305,2331.4,635.8,2967.2,694,False,training_population,48.572899,-121.093002,RGI60-02.18077,2,2155.0,1.758,17.3,117.0,0.29
1664,NORTH KLAWATTI,2009,-1.83,2008-09-23,2009-09-21,1931.0,2461.6,8.064130434782609,1912.6000000000004,906.6,2819.2000000000003,728,False,training_population,48.572899,-121.093002,RGI60-02.18077,2,2155.0,1.758,17.3,117.0,0.36
1664,NORTH KLAWATTI,2010,0.25,2009-09-21,2010-09-21,1334.4,3043.8,5.635869565217392,2302.2000000000003,1181.8,3484.0,732,False,training_population,48.572899,-121.093002,RGI60-02.18077,2,2155.0,1.758,17.3,117.0,0.09
1664,NORTH KLAWATTI,2011,0.75,2010-09-21,2011-09-20,1339.2000000000005,3432.2,4.618478260869566,2798.2000000000003,866.8,3665.0,730,False,training_population,48.572899,-121.093002,RGI60-02.18077,2,2155.0,1.758,17.3,117.0,0.37
1664,NORTH KLAWATTI,2012,0.64,2011-10-01,2012-09-30,1689.1999999999998,3371.8,6.321739130434783,2797.9999999999995,825.2,3623.2,732,True,training_population,48.572899,-121.093002,RGI60-02.18077,2,2155.0,1.758,17.3,117.0,0.28
1664,NORTH KLAWATTI,2013,-0.91,2012-10-01,2013-09-30,1889.2,3468.8,7.351086956521739,2524.2000000000003,1547.4,4071.6,730,True,training_population,48.572899,-121.093002,RGI60-02.18077,2,2155.0,1.758,17.3,117.0,0.19
1664,NORTH KLAWATTI,2014,-0.21,2013-10-01,2014-09-30,1830.0,2889.2,7.551086956521738,2436.0,870.5999999999999,3306.6,730,True,training_population,48.572899,-121.093002,RGI60-02.18077,2,2155.0,1.758,17.3,117.0,0.33
1664,NORTH KLAWATTI,2015,-2.3,2014-10-02,2015-09-23,2233.2,2589.0,9.627173913043478,1586.0,1503.6,3089.6,714,False,training_population,48.572899,-121.093002,RGI60-02.18077,2,2155.0,1.758,17.3,117.0,0.44
1664,NORTH KLAWATTI,2016,-1.15,2015-09-23,2016-09-26,1767.0000000000002,3331.2,6.789130434782609,2488.4,1311.8,3800.2,740,False,training_population,48.572899,-121.093002,RGI60-02.18077,2,2155.0,1.758,17.3,117.0,0.37
1665,SILVER,1993,-0.057,1992-10-31,1993-09-24,1153.6,2027.0,4.156521739130435,1515.8000000000002,1118.8,2634.6000000000004,658,False,training_population,48.97609,-121.2419,RGI60-02.17612,2,2240.0,0.77,24.8,329.0,0.2
1665,SILVER,1994,-0.185,1993-09-24,1994-10-03,1758.4,2681.4,6.319565217391304,1939.6,1119.4,3059.0,750,False,training_population,48.97609,-121.2419,RGI60-02.17612,2,2240.0,0.77,24.8,329.0,0.2
1665,SILVER,1995,0.436,1994-10-03,1995-10-14,1363.8,3398.4,4.68695652173913,2567.0000000000005,1239.8000000000002,3806.8,754,False,training_population,48.97609,-121.2419,RGI60-02.17612,2,2240.0,0.77,24.8,329.0,0.2
1665,SILVER,1996,0.888,1995-10-14,1996-09-23,1153.8,3928.4,5.539130434782608,2456.2000000000003,1709.8000000000002,4166.0,692,False,training_population,48.97609,-121.2419,RGI60-02.17612,2,2240.0,0.77,24.8,329.0,0.2
1665,SILVER,1997,0.63,1996-07-01,1997-07-02,1332.8,4140.8,5.729787234042552,3111.2,1553.4,4664.6,734,False,training_population,48.97609,-121.2419,RGI60-02.17612,2,2240.0,0.77,24.8,329.0,0.2
1665,SILVER,1998,-0.07,1997-07-02,1998-07-02,1454.0,2788.6,6.123655913978495,2060.8,1283.2,3344.0,732,False,training_population,48.97609,-121.2419,RGI60-02.17612,2,2240.0,0.77,24.8,329.0,0.2
1665,SILVER,1999,1.49,1998-07-02,1999-07-02,1635.0,4034.6,5.986021505376344,3456.0,788.2,4244.2,732,False,training_population,48.97609,-121.2419,RGI60-02.17612,2,2240.0,0.77,24.8,329.0,0.2
1665,SILVER,2000,1.01,1999-07-02,2000-07-01,1177.6,3378.2,4.775,2436.0,1256.0,3692.0,732,False,training_population,48.97609,-121.2419,RGI60-02.17612,2,2240.0,0.77,24.8,329.0,0.2
1665,SILVER,2001,-1.22,2000-07-01,2001-07-02,1076.2,2201.6,4.154255319148936,1587.4,887.4,2474.8,734,False,training_population,48.97609,-121.2419,RGI60-02.17612,2,2240.0,0.77,24.8,329.0,0.2
1665,SILVER,2002,-0.147,2001-10-01,2002-09-30,1316.1999999999998,3747.8,5.813043478260869,2866.4,1126.2,3992.6,730,True,training_population,48.97609,-121.2419,RGI60-02.17612,2,2240.0,0.77,24.8,329.0,0.2
1665,SILVER,2003,-1.421,2002-10-01,2003-09-30,1608.6,2604.2000000000003,6.902173913043479,1975.8,817.4,2793.2,730,True,training_population,48.97609,-121.2419,RGI60-02.17612,2,2240.0,0.77,24.8,329.0,0.2
1665,SILVER,2004,-0.563,2003-10-01,2004-09-30,1742.4,3107.6000000000004,7.677173913043478,1930.6,1709.4,3640.0,732,True,training_population,48.97609,-121.2419,RGI60-02.17612,2,2240.0,0.77,24.8,329.0,0.2
1665,SILVER,2005,-1.49,2004-09-29,2005-09-26,1502.6,2576.8,5.941304347826086,1492.8000000000002,1566.0,3058.8,726,False,training_population,48.97609,-121.2419,RGI60-02.17612,2,2240.0,0.77,24.8,329.0,0.2
1665,SILVER,2006,-1.01,2005-09-26,2006-09-25,1676.4,3020.0,6.935869565217391,2325.4,1191.6,3517.0,730,False,training_population,48.97609,-121.2419,RGI60-02.17612,2,2240.0,0.77,24.8,329.0,0.4
1665,SILVER,2007,-0.65,2006-09-25,2007-10-13,1404.4,3880.6,5.397826086956522,2666.2000000000003,1472.6,4138.8,768,False,training_population,48.97609,-121.2419,RGI60-02.17612,2,2240.0,0.77,24.8,329.0,0.55
1665,SILVER,2008,0.26,2007-10-13,2008-09-23,1282.0,2689.6000000000004,5.089130434782609,2183.4,964.8000000000002,3148.2,694,False,training_population,48.97609,-121.2419,RGI60-02.17612,2,2240.0,0.77,24.8,329.0,0.37
1665,SILVER,2009,-1.99,2008-09-23,2009-09-21,1764.2000000000005,2406.0,7.445652173913044,1797.9999999999998,1041.8000000000002,2839.8,728,False,training_population,48.97609,-121.2419,RGI60-02.17612,2,2240.0,0.77,24.8,329.0,0.56
1665,SILVER,2010,0.55,2009-09-21,2010-09-21,1199.8000000000002,3323.2,5.114130434782608,2294.0,1390.4,3684.4,732,False,training_population,48.97609,-121.2419,RGI60-02.17612,2,2240.0,0.77,24.8,329.0,0.73
1665,SILVER,2011,0.73,2010-09-21,2011-09-19,1165.0,3473.4,3.9684782608695657,2761.4,1019.0,3780.4,728,False,training_population,48.97609,-121.2419,RGI60-02.17612,2,2240.0,0.77,24.8,329.0,0.32
1665,SILVER,2012,0.42,2011-10-01,2012-09-30,1516.0,3401.4,5.664130434782609,2658.0,986.6,3644.6,732,True,training_population,48.97609,-121.2419,RGI60-02.17612,2,2240.0,0.77,24.8,329.0,0.38
1665,SILVER,2013,-0.36,2012-10-01,2013-09-30,1728.6,3474.4,6.738043478260869,2366.2,1649.6,4015.8,730,True,training_population,48.97609,-121.2419,RGI60-02.17612,2,2240.0,0.77,24.8,329.0,0.51
1665,SILVER,2014,-0.27,2013-10-01,2014-09-30,1684.4,3003.2,7.011956521739131,2416.6000000000004,1015.8,3432.4,730,True,training_population,48.97609,-121.2419,RGI60-02.17612,2,2240.0,0.77,24.8,329.0,0.55
1665,SILVER,2015,-1.06,2014-10-02,2015-09-23,2025.4,2782.6000000000004,8.890217391304347,1426.6,1832.6,3259.2,714,False,training_population,48.97609,-121.2419,RGI60-02.17612,2,2240.0,0.77,24.8,329.0,0.8
1665,SILVER,2016,0.52,2015-09-23,2016-09-26,1572.1999999999998,3327.2,6.21304347826087,2322.2,1495.0,3817.2,740,False,training_population,48.97609,-121.2419,RGI60-02.17612,2,2240.0,0.77,24.8,329.0,0.36
1666,NOISY CREEK,1993,-0.952,1992-10-31,1993-09-24,1783.4,2602.8,6.373913043478261,1891.2,1566.6,3457.8,658,False,training_population,48.6735,-121.527,RGI60-02.17369,2,1823.0,2.819,17.8,3.0,0.2
1666,NOISY CREEK,1994,-1.163,1993-09-24,1994-10-03,2561.5999999999995,3297.6000000000004,8.45217391304348,2454.0,1627.2,4081.2,750,False,training_population,48.6735,-121.527,RGI60-02.17369,2,1823.0,2.819,17.8,3.0,0.2
1666,NOISY CREEK,1995,-0.108,1994-10-03,1995-10-05,2155.8,4177.2,7.138043478260869,2951.2,1904.6,4855.8,736,False,training_population,48.6735,-121.527,RGI60-02.17369,2,1823.0,2.819,17.8,3.0,0.2
1666,NOISY CREEK,1996,0.224,1995-10-05,1996-09-23,1718.8000000000002,5235.799999999999,8.017391304347825,2908.8,2996.2,5905.0,710,False,training_population,48.6735,-121.527,RGI60-02.17369,2,1823.0,2.819,17.8,3.0,0.2
1666,NOISY CREEK,1997,0.1,1996-07-01,1997-07-02,2043.4,5355.4,8.109574468085105,4029.2000000000007,2304.8,6334.0,734,False,training_population,48.6735,-121.527,RGI60-02.17369,2,1823.0,2.819,17.8,3.0,0.2
1666,NOISY CREEK,1998,-1.54,1997-07-02,1998-07-02,2115.0,3538.2,8.24516129032258,2602.4,1907.2,4509.6,732,False,training_population,48.6735,-121.527,RGI60-02.17369,2,1823.0,2.819,17.8,3.0,0.2
1666,NOISY CREEK,1999,1.45,1998-07-02,1999-07-02,2207.0,5415.799999999999,8.154838709677419,4521.6,1323.2,5844.8,732,False,training_population,48.6735,-121.527,RGI60-02.17369,2,1823.0,2.819,17.8,3.0,0.2
1666,NOISY CREEK,2000,0.34,1999-07-02,2000-07-01,1779.4,4428.0,7.07391304347826,3188.4,1845.0,5033.4,732,False,training_population,48.6735,-121.527,RGI60-02.17369,2,1823.0,2.819,17.8,3.0,0.2
1666,NOISY CREEK,2001,-0.45,2000-07-01,2001-07-02,1666.8,2715.8,6.208510638297873,2079.2,1256.6,3335.8,734,False,training_population,48.6735,-121.527,RGI60-02.17369,2,1823.0,2.819,17.8,3.0,0.2
1666,NOISY CREEK,2002,0.462,2001-09-25,2002-09-23,1914.4,4862.8,8.06304347826087,3513.6000000000004,1907.4,5421.0,728,False,training_population,48.6735,-121.527,RGI60-02.17369,2,1823.0,2.819,17.8,3.0,0.2
1666,NOISY CREEK,2003,-0.952,2002-10-01,2003-09-30,2284.2,3579.2,9.26413043478261,2463.2000000000003,1465.8000000000002,3929.0,730,True,training_population,48.6735,-121.527,RGI60-02.17369,2,1823.0,2.819,17.8,3.0,0.2
1666,NOISY CREEK,2004,-1.575,2003-10-01,2004-09-30,2436.2,3705.8,9.741304347826087,2554.8,2637.0,5191.8,732,True,training_population,48.6735,-121.527,RGI60-02.17369,2,1823.0,2.819,17.8,3.0,0.2
1666,NOISY CREEK,2005,-2.41,2004-09-28,2005-09-26,2336.6000000000004,3229.8,8.132608695652175,1781.0,2185.2000000000003,3966.2,728,False,training_population,48.6735,-121.527,RGI60-02.17369,2,1823.0,2.819,17.8,3.0,0.2
1666,NOISY CREEK,2006,-0.32,2005-09-26,2006-09-25,2362.4,3911.8,8.903260869565216,3123.2000000000003,1662.6,4785.8,730,False,training_population,48.6735,-121.527,RGI60-02.17369,2,1823.0,2.819,17.8,3.0,0.23
1666,NOISY CREEK,2007,-0.36,2006-09-25,2007-10-13,2132.0,5358.4,7.540217391304348,3376.4,2487.2,5863.599999999999,768,False,training_population,48.6735,-121.527,RGI60-02.17369,2,1823.0,2.819,17.8,3.0,0.21
1666,NOISY CREEK,2008,-0.29,2007-10-13,2008-09-25,1860.6000000000004,3784.0,7.148913043478261,3014.8,1436.4,4451.2,698,False,training_population,48.6735,-121.527,RGI60-02.17369,2,1823.0,2.819,17.8,3.0,0.29
1666,NOISY CREEK,2009,-1.19,2008-09-23,2009-09-21,2424.8,3264.2,9.64891304347826,2395.4,1464.6,3860.000000000001,728,False,training_population,48.6735,-121.527,RGI60-02.17369,2,1823.0,2.819,17.8,3.0,0.33
1666,NOISY CREEK,2010,-0.18,2009-09-21,2010-09-21,1807.8,4092.4,7.2043478260869565,2876.2,2139.2,5015.4,732,False,training_population,48.6735,-121.527,RGI60-02.17369,2,1823.0,2.819,17.8,3.0,0.46
1666,NOISY CREEK,2011,1.28,2010-09-21,2011-09-19,1732.0,4521.2,5.969565217391305,3372.6000000000004,1702.6,5075.200000000001,728,False,training_population,48.6735,-121.527,RGI60-02.17369,2,1823.0,2.819,17.8,3.0,0.42
1666,NOISY CREEK,2012,0.62,2011-10-01,2012-09-30,2118.6,4322.6,7.642391304347826,3495.2,1403.2,4898.4,732,True,training_population,48.6735,-121.527,RGI60-02.17369,2,1823.0,2.819,17.8,3.0,0.36
1666,NOISY CREEK,2013,-0.85,2012-10-01,2013-09-30,2431.6,4623.799999999999,8.915217391304346,3172.6,2434.0,5606.599999999999,730,True,training_population,48.6735,-121.527,RGI60-02.17369,2,1823.0,2.819,17.8,3.0,0.4
1666,NOISY CREEK,2014,-0.18,2013-10-01,2014-09-30,2345.4,3878.000000000001,8.975,3103.2,1538.0000000000002,4641.2,730,True,training_population,48.6735,-121.527,RGI60-02.17369,2,1823.0,2.819,17.8,3.0,0.45
1666,NOISY CREEK,2015,-3.55,2014-09-29,2015-09-22,2859.0,3481.8,11.206521739130435,1518.3999999999996,3006.6,4525.0,718,False,training_population,48.6735,-121.527,RGI60-02.17369,2,1823.0,2.819,17.8,3.0,0.32
1666,NOISY CREEK,2016,-0.89,2015-09-22,2016-09-26,2492.0,4214.4,8.482608695652173,2742.0,2326.2000000000003,5068.2,742,False,training_population,48.6735,-121.527,RGI60-02.17369,2,1823.0,2.819,17.8,3.0,0.39
1667,SANDALEE,1994,-0.19,1993-07-02,1994-07-02,1908.2000000000005,1880.6,6.07956989247312,1658.0000000000002,784.2,2442.2,732,False,training_population,48.41,-120.790001,RGI60-02.17863,2,2193.0,0.216,25.8,12.0,0.2
1667,SANDALEE,1995,0.365,1994-10-31,1995-10-14,1906.2,2636.2,6.603260869565218,2421.6000000000004,643.2,3064.8,698,False,training_population,48.41,-120.790001,RGI60-02.17863,2,2193.0,0.216,25.8,12.0,0.2
1667,SANDALEE,1996,0.826,1995-10-14,1996-09-23,1666.4,3163.0,7.873913043478261,2633.8,839.5999999999999,3473.4,692,False,training_population,48.41,-120.790001,RGI60-02.17863,2,2193.0,0.216,25.8,12.0,0.2
1667,SANDALEE,1997,0.87,1996-07-01,1997-07-02,1952.6,3383.4,8.00531914893617,3014.8,853.0,3867.8,734,False,training_population,48.41,-120.790001,RGI60-02.17863,2,2193.0,0.216,25.8,12.0,0.2
1667,SANDALEE,1998,-1.1,1997-07-02,1998-07-02,2048.8,2303.0,8.192473118279569,2017.0,843.2,2860.2,732,False,training_population,48.41,-120.790001,RGI60-02.17863,2,2193.0,0.216,25.8,12.0,0.2
1667,SANDALEE,1999,1.45,1998-07-02,1999-07-02,2249.0,3250.2,8.323655913978493,3094.2,378.2,3472.4,732,False,training_population,48.41,-120.790001,RGI60-02.17863,2,2193.0,0.216,25.8,12.0,0.2
1667,SANDALEE,2000,0.7,1999-07-02,2000-07-01,1706.8000000000002,2553.0,6.803260869565216,2206.4,672.8,2879.2,732,False,training_population,48.41,-120.790001,RGI60-02.17863,2,2193.0,0.216,25.8,12.0,0.2
1667,SANDALEE,2001,-1.0,2000-07-01,2001-07-02,1613.8000000000002,1515.6,6.3138297872340425,1292.4,492.0,1784.4,734,False,training_population,48.41,-120.790001,RGI60-02.17863,2,2193.0,0.216,25.8,12.0,0.2
1667,SANDALEE,2002,0.752,2001-10-01,2002-09-30,1880.2,2891.6000000000004,7.8815217391304335,2690.4,435.4,3125.8,730,True,training_population,48.41,-120.790001,RGI60-02.17863,2,2193.0,0.216,25.8,12.0,0.2
1667,SANDALEE,2003,-1.155,2002-10-01,2003-09-30,2239.0,2140.2,9.167391304347827,1921.2000000000005,337.2,2258.4,730,True,training_population,48.41,-120.790001,RGI60-02.17863,2,2193.0,0.216,25.8,12.0,0.2
1667,SANDALEE,2004,-1.232,2003-10-01,2004-09-30,2297.4,2315.8,9.741304347826087,1840.4,986.8,2827.2,732,True,training_population,48.41,-120.790001,RGI60-02.17863,2,2193.0,0.216,25.8,12.0,0.2
1667,SANDALEE,2005,-2.293,2004-09-27,2005-09-28,2174.0,1857.2,8.11413043478261,1384.4,762.6,2147.0,734,False,training_population,48.41,-120.790001,RGI60-02.17863,2,2193.0,0.216,25.8,12.0,0.2
1667,SANDALEE,2006,-0.4,2005-09-26,2006-09-25,2218.4,2521.4,8.98913043478261,2225.6000000000004,704.0,2929.6000000000004,730,False,training_population,48.41,-120.790001,RGI60-02.17863,2,2193.0,0.216,25.8,12.0,0.3
1667,SANDALEE,2007,-0.06,2006-09-25,2007-10-13,2013.6,3123.6000000000004,7.648913043478261,2564.9999999999995,810.0,3375.0,768,False,training_population,48.41,-120.790001,RGI60-02.17863,2,2193.0,0.216,25.8,12.0,0.48
1667,SANDALEE,2008,-0.14,2007-10-13,2008-09-23,1790.9999999999998,2215.6,7.1336956521739125,2061.6,373.4,2435.0,694,False,training_population,48.41,-120.790001,RGI60-02.17863,2,2193.0,0.216,25.8,12.0,0.27
1667,SANDALEE,2009,-0.65,2008-09-23,2009-09-21,2248.2000000000003,2004.8,9.264130434782608,1723.6,618.8000000000001,2342.4000000000005,728,False,training_population,48.41,-120.790001,RGI60-02.17863,2,2193.0,0.216,25.8,12.0,0.44
1667,SANDALEE,2010,0.24,2009-09-21,2010-09-21,1604.6,2598.8,6.781521739130435,2181.6000000000004,737.4,2919.0,732,False,training_population,48.41,-120.790001,RGI60-02.17863,2,2193.0,0.216,25.8,12.0,0.78
1667,SANDALEE,2011,1.15,2010-09-21,2011-09-20,1640.2,2852.8,5.641304347826087,2603.2000000000003,469.4,3072.6,730,False,training_population,48.41,-120.790001,RGI60-02.17863,2,2193.0,0.216,25.8,12.0,0.46
1667,SANDALEE,2012,0.7,2011-10-01,2012-09-30,2064.4,2794.4,7.616304347826087,2515.8,577.2,3093.0,732,True,training_population,48.41,-120.790001,RGI60-02.17863,2,2193.0,0.216,25.8,12.0,0.57
1667,SANDALEE,2013,-0.29,2012-10-01,2013-09-30,2202.6,2745.2,8.463043478260872,2258.0,1110.0,3368.0,730,True,training_population,48.41,-120.790001,RGI60-02.17863,2,2193.0,0.216,25.8,12.0,0.42
1667,SANDALEE,2014,-0.22,2013-10-01,2014-09-30,2207.2,2301.8,8.997826086956522,2155.0,561.0,2715.9999999999995,730,True,training_population,48.41,-120.790001,RGI60-02.17863,2,2193.0,0.216,25.8,12.0,0.43
1667,SANDALEE,2015,-2.0,2014-10-02,2015-09-22,2576.6,2192.2000000000003,10.91195652173913,1790.0000000000002,860.8,2650.8,712,False,training_population,48.41,-120.790001,RGI60-02.17863,2,2193.0,0.216,25.8,12.0,0.54
1667,SANDALEE,2016,0.11,2015-09-22,2016-09-26,2204.6,2835.2,8.168478260869565,2490.0,826.8,3316.8,742,False,training_population,48.41,-120.790001,RGI60-02.17863,2,2193.0,0.216,25.8,12.0,0.46
218,SPERRY,2005,-1.11,2004-07-01,2005-09-30,3031.8,1542.8000000000002,8.363636363636363,897.4,1338.8,2236.2,914,False,training_population,48.619801,-113.7575,RGI60-02.17023,2,2383.0,1.281,18.9,345.0,0.26
218,SPERRY,2006,-0.48,2005-09-30,2006-10-06,2326.6000000000004,1606.1999999999998,9.678260869565218,1104.4,912.8,2017.2,744,False,training_population,48.619801,-113.7575,RGI60-02.17023,2,2383.0,1.281,18.9,345.0,0.26
218,SPERRY,2007,-1.36,2006-10-06,2007-09-17,2212.2,1509.2,10.210869565217392,1067.8,707.2,1775.0,694,False,training_population,48.619801,-113.7575,RGI60-02.17023,2,2383.0,1.281,18.9,345.0,0.26
218,SPERRY,2008,1.22,2007-09-17,2008-10-04,1873.6,1908.4,7.797826086956522,1386.6,756.6,2143.2,768,False,training_population,48.619801,-113.7575,RGI60-02.17023,2,2383.0,1.281,18.9,345.0,0.26
218,SPERRY,2009,-1.44,2008-10-04,2009-09-29,1960.6,1287.0,7.476086956521739,1037.8000000000002,619.8,1657.6,722,False,training_population,48.619801,-113.7575,RGI60-02.17023,2,2383.0,1.281,18.9,345.0,0.26
218,SPERRY,2010,-0.01,2009-09-29,2010-10-10,1559.9999999999998,1646.4,6.569565217391304,1090.2,867.4000000000001,1957.6,754,False,training_population,48.619801,-113.7575,RGI60-02.17023,2,2383.0,1.281,18.9,345.0,0.26
218,SPERRY,2011,1.48,2010-10-10,2011-10-05,1817.2,1997.2,7.066304347826088,1579.8000000000002,616.0,2195.8,722,False,training_population,48.619801,-113.7575,RGI60-02.17023,2,2383.0,1.281,18.9,345.0,0.26
218,SPERRY,2012,0.79,2011-10-05,2012-10-02,2097.4,1767.2,8.442391304347826,1248.4,835.0,2083.4,728,False,training_population,48.619801,-113.7575,RGI60-02.17023,2,2383.0,1.281,18.9,345.0,0.26
218,SPERRY,2013,-0.74,2012-10-02,2013-09-22,2152.6,1688.0,9.229347826086956,1116.4,883.1999999999999,1999.6,712,False,training_population,48.619801,-113.7575,RGI60-02.17023,2,2383.0,1.281,18.9,345.0,0.26
218,SPERRY,2014,-0.11,2013-09-22,2014-10-21,1973.2,2061.8,8.132608695652175,1531.6,870.2,2401.8,790,False,training_population,48.619801,-113.7575,RGI60-02.17023,2,2383.0,1.281,18.9,345.0,0.26
218,SPERRY,2015,-1.56,2014-10-21,2015-10-19,2341.2,1332.4,10.307608695652174,860.8,756.4000000000001,1617.2000000000005,728,False,training_population,48.619801,-113.7575,RGI60-02.17023,2,2383.0,1.281,18.9,345.0,0.26
218,SPERRY,2016,0.38,2015-10-19,2016-09-30,1810.0,1493.2,8.18804347826087,965.6,891.0,1856.6,696,False,training_population,48.619801,-113.7575,RGI60-02.17023,2,2383.0,1.281,18.9,345.0,0.26
218,SPERRY,2017,-0.32,2016-09-30,2017-09-30,2460.6000000000004,1708.4,10.475,1163.8000000000002,793.6,1957.4,732,False,training_population,48.619801,-113.7575,RGI60-02.17023,2,2383.0,1.281,18.9,345.0,0.26
218,SPERRY,2018,0.15,2017-09-30,2018-09-27,2031.2,1655.6,8.709782608695651,1369.4,609.9999999999999,1979.4,726,False,training_population,48.619801,-113.7575,RGI60-02.17023,2,2383.0,1.281,18.9,345.0,0.26
218,SPERRY,2019,-1.37,2018-09-27,2019-09-25,1867.4,1319.8000000000002,8.253260869565217,923.8,770.9999999999999,1694.8,728,False,training_population,48.619801,-113.7575,RGI60-02.17023,2,2383.0,1.281,18.9,345.0,0.26
218,SPERRY,2020,-0.35,2019-09-25,2020-10-10,2063.4,1578.4,8.342391304347826,1195.0,708.8,1903.8,764,False,training_population,48.619801,-113.7575,RGI60-02.17023,2,2383.0,1.281,18.9,345.0,0.26
218,SPERRY,2021,-2.19,2020-10-10,2021-10-09,2294.8,1582.6,10.352173913043476,1162.0,717.6,1879.6,730,False,training_population,48.619801,-113.7575,RGI60-02.17023,2,2383.0,1.281,18.9,345.0,0.26
218,SPERRY,2022,-0.97,2021-10-09,2022-10-20,2290.6,1746.4,9.01086956521739,1219.4,874.4,2093.8,754,False,training_population,48.619801,-113.7575,RGI60-02.17023,2,2383.0,1.281,18.9,345.0,0.26
218,SPERRY,2023,-3.44,2022-10-20,2023-10-21,2380.4,1190.4,9.722826086956523,929.6,762.8,1692.4,734,False,training_population,48.619801,-113.7575,RGI60-02.17023,2,2383.0,1.281,18.9,345.0,0.26
218,SPERRY,2024,-1.74,2023-10-21,2024-10-20,2178.4,1417.8,8.57717391304348,1012.2,759.0,1771.2000000000005,732,False,training_population,48.619801,-113.7575,RGI60-02.17023,2,2383.0,1.281,18.9,345.0,0.2
218,SPERRY,2025,-2.47,2024-10-20,2025-10-10,2341.2,1334.7999999999995,8.919565217391305,1010.2,724.2,1734.4,712,False,training_population,48.619801,-113.7575,RGI60-02.17023,2,2383.0,1.281,18.9,345.0,0.2
781,BATYSH SOOK/SYEK ZAPADNIY,1971,-0.461,1970-09-01,1971-09-04,497.8,553.4,1.9760869565217392,494.0,368.0,862.0,738,False,training_population,41.79,77.75,RGI60-13.06974,13,4200.0,0.954,15.8,11.0,0.2
781,BATYSH SOOK/SYEK ZAPADNIY,1984,-1.348,1983-09-01,1984-09-02,706.4000000000001,439.0,3.45,370.0,426.0,796.0000000000001,736,False,training_population,41.79,77.75,RGI60-13.06974,13,4200.0,0.954,15.8,11.0,0.2
781,BATYSH SOOK/SYEK ZAPADNIY,1989,-0.499,1988-08-31,1989-09-01,363.19999999999993,475.4,1.166666666666666,370.8,255.0,625.8,734,False,training_population,41.79,77.75,RGI60-13.06974,13,4200.0,0.954,15.8,11.0,0.2
781,BATYSH SOOK/SYEK ZAPADNIY,1990,-0.676,1989-10-01,1990-09-30,620.8,334.0,3.0228260869565218,266.6,365.6,632.2,730,True,training_population,41.79,77.75,RGI60-13.06974,13,4200.0,0.954,15.8,11.0,0.2
781,BATYSH SOOK/SYEK ZAPADNIY,1991,-0.527,1990-10-01,1991-09-30,499.19999999999993,460.19999999999993,2.0782608695652174,369.2000000000001,337.0,706.2,730,True,training_population,41.79,77.75,RGI60-13.06974,13,4200.0,0.954,15.8,11.0,0.2
781,BATYSH SOOK/SYEK ZAPADNIY,2011,-0.371,2010-10-01,2011-09-30,600.5999999999999,422.2,2.789130434782609,402.0,393.6,795.6,730,False,training_population,41.79,77.75,RGI60-13.06974,13,4200.0,0.954,15.8,11.0,0.2
781,BATYSH SOOK/SYEK ZAPADNIY,2012,-0.47,2011-10-01,2012-09-30,595.0,438.4,2.691304347826087,355.0,352.6,707.5999999999999,732,False,training_population,41.79,77.75,RGI60-13.06974,13,4200.0,0.954,15.8,11.0,0.2
781,BATYSH SOOK/SYEK ZAPADNIY,2013,-0.363,2012-10-01,2013-09-30,609.6,406.8,2.8043478260869565,333.0,339.0,672.0,730,False,training_population,41.79,77.75,RGI60-13.06974,13,4200.0,0.954,15.8,11.0,0.2
781,BATYSH SOOK/SYEK ZAPADNIY,2014,-0.459,2013-10-01,2014-09-30,538.8,421.0,2.3206521739130435,315.6,305.0,620.5999999999999,730,False,training_population,41.79,77.75,RGI60-13.06974,13,4200.0,0.954,15.8,11.0,0.2
781,BATYSH SOOK/SYEK ZAPADNIY,2015,-0.822,2014-10-01,2015-09-30,657.4000000000001,533.8,3.104347826086957,471.6,396.4,868.0,730,False,training_population,41.79,77.75,RGI60-13.06974,13,4200.0,0.954,15.8,11.0,0.2
781,BATYSH SOOK/SYEK ZAPADNIY,2016,-0.425,2015-10-01,2016-09-30,635.4000000000001,428.4,3.114130434782609,438.2000000000001,401.2,839.4,732,False,training_population,41.79,77.75,RGI60-13.06974,13,4200.0,0.954,15.8,11.0,0.2
781,BATYSH SOOK/SYEK ZAPADNIY,2017,-0.872,2016-10-01,2017-09-30,621.6,539.8,2.823913043478261,485.6,256.2,741.8000000000001,730,False,training_population,41.79,77.75,RGI60-13.06974,13,4200.0,0.954,15.8,11.0,0.2
781,BATYSH SOOK/SYEK ZAPADNIY,2018,-0.743,2017-10-01,2018-09-30,569.0,400.4,2.919565217391304,341.4,322.4,663.8,730,False,training_population,41.79,77.75,RGI60-13.06974,13,4200.0,0.954,15.8,11.0,0.2
781,BATYSH SOOK/SYEK ZAPADNIY,2019,-1.048,2018-09-01,2019-08-01,382.1999999999999,374.0,2.696774193548387,325.6,268.0,593.6,670,False,training_population,41.79,77.75,RGI60-13.06974,13,4200.0,0.954,15.8,11.0,0.2
781,BATYSH SOOK/SYEK ZAPADNIY,2020,0.004,2019-08-01,2020-08-06,613.0,549.8,2.2948979591836736,483.2,341.8,825.0,744,False,training_population,41.79,77.75,RGI60-13.06974,13,4200.0,0.954,15.8,11.0,0.2
781,BATYSH SOOK/SYEK ZAPADNIY,2021,-0.362,2020-08-06,2021-08-04,619.5999999999999,441.00000000000006,2.9967032967032967,357.2,344.6,701.8000000000001,728,False,training_population,41.79,77.75,RGI60-13.06974,13,4200.0,0.954,15.8,11.0,0.2
781,BATYSH SOOK/SYEK ZAPADNIY,2022,-0.941,2021-08-04,2022-08-20,868.0,646.0,3.1669724770642205,523.0,384.6,907.6,764,False,training_population,41.79,77.75,RGI60-13.06974,13,4200.0,0.954,15.8,11.0,0.2
781,BATYSH SOOK/SYEK ZAPADNIY,2023,-1.192,2022-08-20,2023-07-11,284.20000000000005,554.6,1.7245283018867923,502.0,207.6,709.5999999999999,652,False,training_population,41.79,77.75,RGI60-13.06974,13,4200.0,0.954,15.8,11.0,0.2
781,BATYSH SOOK/SYEK ZAPADNIY,2024,-1.491,2023-07-11,2024-08-18,1193.8,605.5999999999999,4.074045801526717,520.8,568.0,1088.8,810,False,training_population,41.79,77.75,RGI60-13.06974,13,4200.0,0.954,15.8,11.0,0.2
781,BATYSH SOOK/SYEK ZAPADNIY,2025,-1.109,2024-10-01,2025-09-30,933.9999999999998,427.8,4.196739130434783,328.20000000000005,538.0,866.2,730,False,training_population,41.79,77.75,RGI60-13.06974,13,4200.0,0.954,15.8,11.0,0.2
3470,ALDEGONDABREEN,1976,-1.1,1975-07-02,1976-07-01,225.6,848.4,0.9271739130434782,745.8,245.4,991.2,732,False,training_population,77.973445,14.079051,RGI60-07.01079,7,336.0,6.737,10.1,56.0,0.2
3470,ALDEGONDABREEN,2003,-1.61,2002-07-02,2003-09-01,1490.2,678.0,4.65359477124183,584.8,364.0,948.8,854,False,training_population,77.973445,14.079051,RGI60-07.01079,7,336.0,6.737,10.1,56.0,0.2
3470,ALDEGONDABREEN,2004,-1.71,2003-07-02,2004-08-28,1440.2,605.4,4.544666666666666,550.1999999999999,422.6,972.8,848,False,training_population,77.973445,14.079051,RGI60-07.01079,7,336.0,6.737,10.1,56.0,0.2
3470,ALDEGONDABREEN,2005,-1.41,2004-07-01,2005-08-23,1307.0,706.0,4.306849315068493,643.6,367.6,1011.2,838,False,training_population,77.973445,14.079051,RGI60-07.01079,7,336.0,6.737,10.1,56.0,0.2
3470,ALDEGONDABREEN,2006,-1.31,2005-07-02,2006-08-31,1273.6,819.5999999999999,3.958823529411765,685.4,512.0,1197.4,852,False,training_population,77.973445,14.079051,RGI60-07.01079,7,336.0,6.737,10.1,56.0,0.2
3470,ALDEGONDABREEN,2008,-0.32,2007-09-15,2008-09-16,647.2,828.4,2.993478260869565,730.0000000000001,278.2,1008.2,736,False,training_population,77.973445,14.079051,RGI60-07.01079,7,336.0,6.737,10.1,56.0,0.14
3470,ALDEGONDABREEN,2009,-0.58,2008-09-17,2009-08-20,723.6,687.6,4.139506172839505,647.4,195.8,843.2,676,False,training_population,77.973445,14.079051,RGI60-07.01079,7,336.0,6.737,10.1,56.0,0.15
3470,ALDEGONDABREEN,2010,-0.24,2009-08-21,2010-09-09,769.8000000000001,837.6000000000001,3.282524271844661,698.3999999999999,259.2,957.6,770,False,training_population,77.973445,14.079051,RGI60-07.01079,7,336.0,6.737,10.1,56.0,0.14
3470,ALDEGONDABREEN,2014,-0.67,2013-09-15,2014-09-15,758.0,484.8,3.590217391304348,434.0,267.4,701.4,732,False,training_population,77.973445,14.079051,RGI60-07.01079,7,336.0,6.737,10.1,56.0,0.16
3470,ALDEGONDABREEN,2015,-1.03,2014-09-15,2015-09-15,931.0,709.6,4.7239130434782615,594.2,327.4,921.6,732,False,training_population,77.973445,14.079051,RGI60-07.01079,7,336.0,6.737,10.1,56.0,0.23
3470,ALDEGONDABREEN,2016,-1.88,2015-09-15,2016-09-15,947.8,594.0,4.571739130434782,458.4,496.4,954.8,734,False,training_population,77.973445,14.079051,RGI60-07.01079,7,336.0,6.737,10.1,56.0,0.25
3470,ALDEGONDABREEN,2017,-1.89,2016-09-15,2017-09-15,954.2,690.0,3.7021739130434783,523.4,627.8,1151.1999999999998,732,False,training_population,77.973445,14.079051,RGI60-07.01079,7,336.0,6.737,10.1,56.0,0.25
3470,ALDEGONDABREEN,2018,-1.7,2017-09-15,2018-09-15,1005.6,636.5999999999999,4.189130434782609,500.0,615.8000000000001,1115.8,732,False,training_population,77.973445,14.079051,RGI60-07.01079,7,336.0,6.737,10.1,56.0,0.22
3470,ALDEGONDABREEN,2019,-1.21,2018-09-15,2019-09-16,916.2,657.0,4.520652173913043,544.0,393.0,937.0,734,False,training_population,77.973445,14.079051,RGI60-07.01079,7,336.0,6.737,10.1,56.0,0.23
3470,ALDEGONDABREEN,2020,-2.19,2019-09-17,2020-09-16,1159.4,420.2,5.632608695652174,360.0,375.8,735.8,732,False,training_population,77.973445,14.079051,RGI60-07.01079,7,336.0,6.737,10.1,56.0,0.24
3470,ALDEGONDABREEN,2021,-1.4,2020-09-17,2021-09-27,838.6,574.4000000000001,3.619565217391304,495.4,409.2,904.6,752,False,training_population,77.973445,14.079051,RGI60-07.01079,7,336.0,6.737,10.1,56.0,0.26
3470,ALDEGONDABREEN,2022,-2.13,2021-09-28,2022-09-15,1101.8000000000002,554.4,5.382608695652174,454.8,385.4,840.2,706,False,training_population,77.973445,14.079051,RGI60-07.01079,7,336.0,6.737,10.1,56.0,0.25
3470,ALDEGONDABREEN,2023,-1.77,2022-09-16,2023-09-14,1237.4,934.6,5.803260869565219,744.0,521.8,1265.8,728,False,training_population,77.973445,14.079051,RGI60-07.01079,7,336.0,6.737,10.1,56.0,0.23
3470,ALDEGONDABREEN,2024,-2.48,2023-09-15,2024-09-22,1295.4,598.2,6.256521739130435,539.0,497.0,1036.0,748,False,training_population,77.973445,14.079051,RGI60-07.01079,7,336.0,6.737,10.1,56.0,0.25
3470,ALDEGONDABREEN,2025,-1.83,2024-09-23,2025-09-17,1124.3999999999996,693.8,5.1326086956521735,588.0,364.4,952.4,720,False,training_population,77.973445,14.079051,RGI60-07.01079,7,336.0,6.737,10.1,56.0,0.18
326,TARFALAGLACIAEREN,1986,0.0,1985-07-02,1986-09-04,1300.0,1308.6,3.996732026143791,1018.2,1133.0,2151.2,860,False,training_population,67.934898,18.6446,RGI60-08.00210,8,1477.0,1.283,16.7,85.0,0.2
326,TARFALAGLACIAEREN,1987,0.9,1986-09-04,1987-09-10,512.2,1168.8,2.155434782608696,930.4,637.3999999999999,1567.8000000000002,744,False,training_population,67.934898,18.6446,RGI60-08.00210,8,1477.0,1.283,16.7,85.0,0.2
326,TARFALAGLACIAEREN,1988,-1.29,1987-05-28,1988-09-09,1572.4,1091.6,3.5489130434782608,859.4000000000001,1176.0,2035.4,942,False,training_population,67.934898,18.6446,RGI60-08.00210,8,1477.0,1.283,16.7,85.0,0.2
326,TARFALAGLACIAEREN,1989,1.23,1988-06-15,1989-09-14,1567.0,1650.0,4.070588235294118,1337.2,1221.6,2558.8,914,False,training_population,67.934898,18.6446,RGI60-08.00210,8,1477.0,1.283,16.7,85.0,0.2
326,TARFALAGLACIAEREN,1990,0.05,1989-05-31,1990-09-14,1329.6,1616.4,3.143478260869565,1298.2,1213.0,2511.2,944,False,training_population,67.934898,18.6446,RGI60-08.00210,8,1477.0,1.283,16.7,85.0,0.2
326,TARFALAGLACIAEREN,1991,0.16,1990-05-18,1991-09-10,1521.6,1363.0,3.775,1032.2,1434.6,2466.8,962,False,training_population,67.934898,18.6446,RGI60-08.00210,8,1477.0,1.283,16.7,85.0,0.2
326,TARFALAGLACIAEREN,1992,1.36,1991-05-25,1992-09-09,1300.6,1645.0,3.1679347826086954,1294.1999999999998,1390.6,2684.8,948,False,training_population,67.934898,18.6446,RGI60-08.00210,8,1477.0,1.283,16.7,85.0,0.2
326,TARFALAGLACIAEREN,2000,1.19,1999-10-01,2000-09-30,715.8,1363.4,3.141304347826087,1142.4,747.2,1889.6,732,True,training_population,67.934898,18.6446,RGI60-08.00210,8,1477.0,1.283,16.7,85.0,0.1
326,TARFALAGLACIAEREN,2001,-0.37,2000-10-01,2001-09-30,835.0,919.6,3.3173913043478254,685.0,936.6,1621.6,730,True,training_population,67.934898,18.6446,RGI60-08.00210,8,1477.0,1.283,16.7,85.0,0.1
326,TARFALAGLACIAEREN,2003,-0.088,2002-10-01,2003-09-30,1124.4,882.0,5.227173913043478,756.8,554.0,1310.8,730,True,training_population,67.934898,18.6446,RGI60-08.00210,8,1477.0,1.283,16.7,85.0,0.1
326,TARFALAGLACIAEREN,2004,-0.38,2003-10-01,2004-09-30,809.8,1086.6,3.5130434782608693,829.8000000000001,913.4,1743.2,732,True,training_population,67.934898,18.6446,RGI60-08.00210,8,1477.0,1.283,16.7,85.0,0.1
326,TARFALAGLACIAEREN,2005,-0.92,2004-10-01,2005-09-30,869.8000000000001,1260.8000000000002,4.2043478260869565,982.6,811.4,1794.0000000000002,730,True,training_population,67.934898,18.6446,RGI60-08.00210,8,1477.0,1.283,16.7,85.0,0.1
326,TARFALAGLACIAEREN,2006,-2.53,2005-10-01,2006-09-30,1122.0000000000002,1011.2,5.054347826086956,772.6,775.8,1548.4,730,True,training_population,67.934898,18.6446,RGI60-08.00210,8,1477.0,1.283,16.7,85.0,0.2
326,TARFALAGLACIAEREN,2007,0.21,2006-10-01,2007-09-30,728.8000000000001,1384.8000000000002,3.494565217391304,1245.4,607.1999999999999,1852.6,730,True,training_population,67.934898,18.6446,RGI60-08.00210,8,1477.0,1.283,16.7,85.0,0.2
326,TARFALAGLACIAEREN,2008,-0.2,2007-10-01,2008-09-30,618.6000000000001,1076.0,2.9619565217391304,930.2,553.0,1483.2,732,True,training_population,67.934898,18.6446,RGI60-08.00210,8,1477.0,1.283,16.7,85.0,0.2
326,TARFALAGLACIAEREN,2009,-1.71,2008-10-01,2009-09-30,886.2,1063.8000000000002,4.019565217391304,852.2,704.8000000000001,1557.0,730,True,training_population,67.934898,18.6446,RGI60-08.00210,8,1477.0,1.283,16.7,85.0,0.2
326,TARFALAGLACIAEREN,2010,-1.06,2009-10-01,2010-09-30,721.4000000000001,793.2,2.8597826086956526,624.2,752.4000000000002,1376.6,730,True,training_population,67.934898,18.6446,RGI60-08.00210,8,1477.0,1.283,16.7,85.0,0.2
326,TARFALAGLACIAEREN,2011,-1.82,2010-10-01,2011-09-30,1017.0,999.0,4.857608695652174,809.4000000000001,906.0,1715.4,730,True,training_population,67.934898,18.6446,RGI60-08.00210,8,1477.0,1.283,16.7,85.0,0.2
326,TARFALAGLACIAEREN,2012,0.83,2011-10-01,2012-09-30,548.4,1370.1999999999998,2.282608695652174,1173.8000000000002,794.2,1968.0,732,True,training_population,67.934898,18.6446,RGI60-08.00210,8,1477.0,1.283,16.7,85.0,0.2
326,TARFALAGLACIAEREN,2015,0.61,2014-10-01,2015-09-30,782.8,1244.8,2.919565217391304,1068.8,821.3999999999999,1890.2,730,True,training_population,67.934898,18.6446,RGI60-08.00210,8,1477.0,1.283,16.7,85.0,0.2
3812,AUSTRE LOVENBREEN,2008,-0.1,2007-10-01,2008-09-30,201.2,957.4,0.4021739130434782,924.4,254.2,1178.6,732,False,training_population,78.871201,12.1542,RGI60-07.00496,7,388.0,5.016,13.8,350.0,0.02
3812,AUSTRE LOVENBREEN,2009,-0.161,2008-10-01,2009-09-30,244.0,867.2,0.7521739130434781,826.8000000000001,98.6,925.4,730,False,training_population,78.871201,12.1542,RGI60-07.00496,7,388.0,5.016,13.8,350.0,0.02
3812,AUSTRE LOVENBREEN,2010,-0.148,2009-10-01,2010-09-30,177.40000000000003,939.0,0.3380434782608695,866.6,124.6,991.2,730,False,training_population,78.871201,12.1542,RGI60-07.00496,7,388.0,5.016,13.8,350.0,0.02
3812,AUSTRE LOVENBREEN,2011,-1.034,2010-10-01,2011-09-30,337.2,788.5999999999999,1.191304347826087,727.0,312.0,1039.0,730,False,training_population,78.871201,12.1542,RGI60-07.00496,7,388.0,5.016,13.8,350.0,0.02
3812,AUSTRE LOVENBREEN,2012,-0.197,2011-10-01,2012-09-30,270.0,1132.2,0.915217391304348,1071.0,260.2,1331.2,732,False,training_population,78.871201,12.1542,RGI60-07.00496,7,388.0,5.016,13.8,350.0,0.02
3812,AUSTRE LOVENBREEN,2013,-1.035,2012-10-01,2013-09-30,378.4,665.8,1.4369565217391302,652.8000000000001,532.5999999999999,1185.4,730,False,training_population,78.871201,12.1542,RGI60-07.00496,7,388.0,5.016,13.8,350.0,0.02
3812,AUSTRE LOVENBREEN,2014,0.016,2013-10-01,2014-09-30,213.40000000000003,869.5999999999999,0.525,820.0,233.6,1053.6,730,False,training_population,78.871201,12.1542,RGI60-07.00496,7,388.0,5.016,13.8,350.0,0.02
3812,AUSTRE LOVENBREEN,2015,-0.512,2014-10-01,2015-09-30,340.79999999999995,910.2000000000002,1.476086956521739,838.4000000000001,293.0,1131.4,730,False,training_population,78.871201,12.1542,RGI60-07.00496,7,388.0,5.016,13.8,350.0,0.02
3812,AUSTRE LOVENBREEN,2016,-1.113,2015-10-01,2016-09-30,304.8,914.8,0.8978260869565217,776.5999999999999,471.4,1248.0,732,False,training_population,78.871201,12.1542,RGI60-07.00496,7,388.0,5.016,13.8,350.0,0.02
3812,AUSTRE LOVENBREEN,2017,-0.406,2016-10-01,2017-09-30,385.2000000000001,966.2,1.1282608695652174,861.8000000000001,672.8000000000002,1534.6,730,False,training_population,78.871201,12.1542,RGI60-07.00496,7,388.0,5.016,13.8,350.0,0.02
3812,AUSTRE LOVENBREEN,2018,-0.892,2017-10-01,2018-09-30,341.19999999999993,834.4000000000001,1.3032608695652173,797.0,463.80000000000007,1260.8,730,False,training_population,78.871201,12.1542,RGI60-07.00496,7,388.0,5.016,13.8,350.0,0.02
3812,AUSTRE LOVENBREEN,2019,-0.573,2018-10-01,2019-09-30,346.79999999999995,855.6,1.2304347826086957,795.0,276.6,1071.6,730,False,training_population,78.871201,12.1542,RGI60-07.00496,7,388.0,5.016,13.8,350.0,0.02
3812,AUSTRE LOVENBREEN,2020,-1.707,2019-10-01,2020-09-30,441.3999999999999,597.0,1.8782608695652172,521.6,289.6,811.2,732,False,training_population,78.871201,12.1542,RGI60-07.00496,7,388.0,5.016,13.8,350.0,0.02
3812,AUSTRE LOVENBREEN,2021,-0.574,2020-10-01,2021-09-30,320.00000000000006,864.2,1.1706521739130435,784.6,372.2,1156.8,730,False,training_population,78.871201,12.1542,RGI60-07.00496,7,388.0,5.016,13.8,350.0,0.02
3812,AUSTRE LOVENBREEN,2022,-1.48,2021-10-01,2022-09-30,490.0,846.0,2.029347826086956,816.0,450.2,1266.1999999999998,730,False,training_population,78.871201,12.1542,RGI60-07.00496,7,388.0,5.016,13.8,350.0,0.02
3812,AUSTRE LOVENBREEN,2023,-0.936,2022-10-01,2023-09-30,462.80000000000007,1236.0,2.025,1125.0,393.6,1518.6,730,False,training_population,78.871201,12.1542,RGI60-07.00496,7,388.0,5.016,13.8,350.0,0.02
3812,AUSTRE LOVENBREEN,2024,-1.989,2023-10-01,2024-09-30,595.6,824.0,2.7913043478260877,761.0,522.1999999999999,1283.1999999999998,732,False,training_population,78.871201,12.1542,RGI60-07.00496,7,388.0,5.016,13.8,350.0,0.02
3812,AUSTRE LOVENBREEN,2025,-1.571,2024-10-01,2025-09-30,478.4,832.6,2.010869565217392,764.3999999999999,413.0,1177.4,730,False,training_population,78.871201,12.1542,RGI60-07.00496,7,388.0,5.016,13.8,350.0,0.02
305,WERENSKIOLDBREEN,1980,-0.65,1979-08-28,1980-09-03,223.20000000000005,931.4,0.6791666666666667,804.9999999999999,286.0,1091.0,746,False,training_population,77.067001,15.367,RGI60-07.00246,7,408.0,26.722,9.5,279.0,0.2
305,WERENSKIOLDBREEN,1994,-0.36,1993-07-02,1994-07-02,204.2,1040.2,0.6172043010752689,825.6,335.20000000000005,1160.8,732,False,training_population,77.067001,15.367,RGI60-07.00246,7,408.0,26.722,9.5,279.0,0.2
305,WERENSKIOLDBREEN,1999,-0.711,1998-10-01,1999-09-30,208.40000000000003,1027.8,0.5380434782608695,872.0,495.8,1367.8,730,True,training_population,77.067001,15.367,RGI60-07.00246,7,408.0,26.722,9.5,279.0,0.2
305,WERENSKIOLDBREEN,2000,-0.805,1999-10-01,2000-09-30,183.4,772.8,0.2065217391304348,654.8,289.8,944.6,732,True,training_population,77.067001,15.367,RGI60-07.00246,7,408.0,26.722,9.5,279.0,0.2
305,WERENSKIOLDBREEN,2001,-1.185,2000-10-01,2001-09-30,324.6,661.0,0.7086956521739131,517.4,454.8,972.2,730,True,training_population,77.067001,15.367,RGI60-07.00246,7,408.0,26.722,9.5,279.0,0.2
305,WERENSKIOLDBREEN,2002,-0.39,2001-10-01,2002-09-30,256.4,903.4,1.181521739130435,770.0,282.4,1052.4,730,True,training_population,77.067001,15.367,RGI60-07.00246,7,408.0,26.722,9.5,279.0,0.2
305,WERENSKIOLDBREEN,2009,-1.284,2008-10-01,2009-09-30,221.20000000000005,1027.4,0.8021739130434782,860.0,219.0,1079.0,730,True,training_population,77.067001,15.367,RGI60-07.00246,7,408.0,26.722,9.5,279.0,0.2
305,WERENSKIOLDBREEN,2010,-0.14,2009-10-01,2010-09-30,174.39999999999998,1100.0,0.3902173913043478,830.4,330.20000000000005,1160.6,730,True,training_population,77.067001,15.367,RGI60-07.00246,7,408.0,26.722,9.5,279.0,0.2
305,WERENSKIOLDBREEN,2011,-1.406,2010-10-01,2011-09-30,345.8,979.6,0.9380434782608696,871.4,407.6,1279.0,730,True,training_population,77.067001,15.367,RGI60-07.00246,7,408.0,26.722,9.5,279.0,0.2
305,WERENSKIOLDBREEN,2012,-0.376,2011-08-30,2012-10-08,414.2000000000001,1297.4,1.0085106382978724,1053.2,783.2,1836.4,812,False,training_population,77.067001,15.367,RGI60-07.00246,7,408.0,26.722,9.5,279.0,0.015
305,WERENSKIOLDBREEN,2013,-1.8,2012-10-01,2013-09-30,502.2000000000001,662.2,1.9619565217391304,554.2,587.2,1141.4,730,True,training_population,77.067001,15.367,RGI60-07.00246,7,408.0,26.722,9.5,279.0,0.21
305,WERENSKIOLDBREEN,2014,0.366,2013-10-01,2014-09-30,289.0,751.2,1.1782608695652173,645.3999999999999,263.0,908.4,730,True,training_population,77.067001,15.367,RGI60-07.00246,7,408.0,26.722,9.5,279.0,0.21
305,WERENSKIOLDBREEN,2015,-0.705,2014-09-01,2015-09-20,314.79999999999995,1136.2,1.1576086956521738,941.4,483.8,1425.1999999999998,770,False,training_population,77.067001,15.367,RGI60-07.00246,7,408.0,26.722,9.5,279.0,0.21
305,WERENSKIOLDBREEN,2016,-1.795,2015-09-20,2016-09-26,438.2000000000001,950.2,1.6945652173913044,851.4000000000001,558.4,1409.8,746,False,training_population,77.067001,15.367,RGI60-07.00246,7,408.0,26.722,9.5,279.0,0.21
305,WERENSKIOLDBREEN,2017,-0.89,2016-10-01,2017-09-30,518.4000000000001,915.6,1.382608695652174,807.5999999999999,605.8,1413.4,730,True,training_population,77.067001,15.367,RGI60-07.00246,7,408.0,26.722,9.5,279.0,0.21
305,WERENSKIOLDBREEN,2018,-0.777,2017-10-01,2018-09-30,387.80000000000007,970.0,1.431521739130435,771.0,603.6,1374.6,730,True,training_population,77.067001,15.367,RGI60-07.00246,7,408.0,26.722,9.5,279.0,0.21
305,WERENSKIOLDBREEN,2020,-1.773,2019-10-01,2020-09-30,404.8,613.5999999999999,1.6891304347826088,538.8,434.0,972.8,732,True,training_population,77.067001,15.367,RGI60-07.00246,7,408.0,26.722,9.5,279.0,0.03
305,WERENSKIOLDBREEN,2022,-1.593,2021-10-08,2022-10-15,450.2000000000001,848.4000000000001,1.7826086956521738,700.4000000000001,460.19999999999993,1160.6,746,False,training_population,77.067001,15.367,RGI60-07.00246,7,408.0,26.722,9.5,279.0,0.21
3946,GROENFJORD W,1966,-0.33,1965-07-02,1966-07-02,84.20000000000002,757.4000000000001,-0.1537634408602151,623.0,159.4,782.4000000000001,732,False,training_population,77.911201,14.2318,RGI60-07.01082,7,353.0,18.1,9.0,15.0,0.2
3946,GROENFJORD W,1967,-0.34,1966-07-02,1967-07-02,162.40000000000003,877.0,0.3225806451612902,811.0,203.6,1014.6,732,False,training_population,77.911201,14.2318,RGI60-07.01082,7,353.0,18.1,9.0,15.0,0.2
3946,GROENFJORD W,2004,-1.09,2003-07-02,2004-07-01,588.4000000000001,601.8,2.7108695652173918,553.4,269.40000000000003,822.8000000000001,732,False,training_population,77.911201,14.2318,RGI60-07.01082,7,353.0,18.1,9.0,15.0,0.2
3946,GROENFJORD W,2005,-1.48,2004-07-01,2005-07-02,603.2,711.4,3.0031914893617024,651.0,250.8,901.8,734,False,training_population,77.911201,14.2318,RGI60-07.01082,7,353.0,18.1,9.0,15.0,0.2
3946,GROENFJORD W,2006,-1.06,2005-07-02,2006-07-02,529.8,846.6000000000001,2.5817204301075267,719.0,368.0,1087.0,732,False,training_population,77.911201,14.2318,RGI60-07.01082,7,353.0,18.1,9.0,15.0,0.2
3946,GROENFJORD W,2014,-0.57,2013-09-10,2014-09-26,603.2,512.4,2.644565217391305,459.2,285.6,744.8,764,False,training_population,77.911201,14.2318,RGI60-07.01082,7,353.0,18.1,9.0,15.0,0.18
3946,GROENFJORD W,2015,-0.89,2014-09-27,2015-09-12,647.0,720.0,3.3434782608695657,609.2,275.6,884.8,702,False,training_population,77.911201,14.2318,RGI60-07.01082,7,353.0,18.1,9.0,15.0,0.24
3946,GROENFJORD W,2016,-1.07,2015-09-13,2016-09-12,653.4000000000001,649.4000000000001,3.1119565217391307,496.8,463.8,960.6,732,False,training_population,77.911201,14.2318,RGI60-07.01082,7,353.0,18.1,9.0,15.0,0.21
3946,GROENFJORD W,2017,-1.83,2016-09-13,2017-09-04,683.0,746.8000000000001,2.8021739130434784,560.0,620.6,1180.6,714,False,training_population,77.911201,14.2318,RGI60-07.01082,7,353.0,18.1,9.0,15.0,0.23
3946,GROENFJORD W,2018,-1.0,2017-09-05,2018-09-18,844.0,664.6,3.0836956521739136,519.6,591.1999999999999,1110.8,758,False,training_population,77.911201,14.2318,RGI60-07.01082,7,353.0,18.1,9.0,15.0,0.22
3946,GROENFJORD W,2019,-0.62,2018-09-19,2019-09-16,689.3999999999999,684.0,3.315217391304348,583.0,366.19999999999993,949.2,726,False,training_population,77.911201,14.2318,RGI60-07.01082,7,353.0,18.1,9.0,15.0,0.2
3946,GROENFJORD W,2020,-1.83,2019-09-17,2020-09-23,840.0,457.4,4.040217391304348,373.0,366.0,738.9999999999999,746,False,training_population,77.911201,14.2318,RGI60-07.01082,7,353.0,18.1,9.0,15.0,0.26
3946,GROENFJORD W,2021,-0.68,2020-09-24,2021-09-23,597.6000000000001,555.2,2.539130434782609,496.6,360.6,857.2,730,False,training_population,77.911201,14.2318,RGI60-07.01082,7,353.0,18.1,9.0,15.0,0.21
3946,GROENFJORD W,2022,-1.99,2021-09-24,2022-09-13,817.7999999999997,560.8,3.897826086956521,466.2000000000001,393.8,860.0,710,False,training_population,77.911201,14.2318,RGI60-07.01082,7,353.0,18.1,9.0,15.0,0.25
3946,GROENFJORD W,2023,-1.87,2022-09-14,2023-09-16,937.0,985.8,4.296739130434783,788.3999999999999,502.0,1290.4,736,False,training_population,77.911201,14.2318,RGI60-07.01082,7,353.0,18.1,9.0,15.0,0.3
3946,GROENFJORD W,2024,-2.35,2023-09-17,2024-09-22,966.2000000000002,601.4,4.619565217391305,545.8,473.6,1019.4,744,False,training_population,77.911201,14.2318,RGI60-07.01082,7,353.0,18.1,9.0,15.0,0.29
3946,GROENFJORD W,2025,-1.71,2024-09-23,2025-09-17,833.2,718.8,3.720652173913044,608.5999999999999,338.6,947.2,720,False,training_population,77.911201,14.2318,RGI60-07.01082,7,353.0,18.1,9.0,15.0,0.25
805,SARY-TOR,1985,-0.134,1984-07-01,1985-08-31,755.8000000000001,421.0,2.0350649350649355,297.2,501.0,798.2,854,False,training_population,41.830002,78.174004,RGI60-13.08055,13,4264.0,2.925,14.8,307.0,0.2
805,SARY-TOR,1986,-0.143,1985-08-31,1986-08-25,360.6,467.2000000000001,1.332183908045977,363.2000000000001,315.4,678.6,720,False,training_population,41.830002,78.174004,RGI60-13.08055,13,4264.0,2.925,14.8,307.0,0.2
805,SARY-TOR,1987,0.22,1986-08-25,1987-08-25,266.80000000000007,483.6,0.5032258064516131,371.4,297.4,668.8,732,False,training_population,41.830002,78.174004,RGI60-13.08055,13,4264.0,2.925,14.8,307.0,0.2
805,SARY-TOR,1988,-0.453,1987-08-25,1988-08-20,376.6,441.8,1.5647727272727272,349.20000000000005,241.4,590.6,724,False,training_population,41.830002,78.174004,RGI60-13.08055,13,4264.0,2.925,14.8,307.0,0.2
805,SARY-TOR,1989,-0.167,1988-08-20,1989-08-25,230.0,499.2000000000001,0.1632653061224489,348.6,293.20000000000005,641.8000000000001,742,False,training_population,41.830002,78.174004,RGI60-13.08055,13,4264.0,2.925,14.8,307.0,0.2
805,SARY-TOR,2015,-0.82,2014-07-02,2015-09-05,786.2,533.3999999999999,2.1359477124183,399.0,499.0,897.9999999999999,862,False,training_population,41.830002,78.174004,RGI60-13.08055,13,4264.0,2.925,14.8,307.0,0.01
805,SARY-TOR,2016,-0.79,2015-09-05,2016-08-30,405.00000000000006,419.8,2.11978021978022,364.6,391.6,756.2,722,False,training_population,41.830002,78.174004,RGI60-13.08055,13,4264.0,2.925,14.8,307.0,0.01
805,SARY-TOR,2017,-1.34,2016-08-30,2017-09-04,441.6,516.2,1.6744680851063831,410.6,296.2,706.8000000000001,742,False,training_population,41.830002,78.174004,RGI60-13.08055,13,4264.0,2.925,14.8,307.0,0.01
805,SARY-TOR,2018,-0.54,2017-09-04,2018-09-11,390.0,419.0,1.856521739130435,288.0,282.6,570.5999999999999,746,False,training_population,41.830002,78.174004,RGI60-13.08055,13,4264.0,2.925,14.8,307.0,0.01
805,SARY-TOR,2019,-0.85,2018-09-11,2019-09-06,416.8,354.20000000000005,1.6108695652173912,299.8,303.2,603.0,722,False,training_population,41.830002,78.174004,RGI60-13.08055,13,4264.0,2.925,14.8,307.0,0.01
805,SARY-TOR,2020,-0.01,2019-09-06,2020-09-07,401.8,559.8,1.5206521739130436,417.6,385.6,803.1999999999999,736,False,training_population,41.830002,78.174004,RGI60-13.08055,13,4264.0,2.925,14.8,307.0,0.01
805,SARY-TOR,2021,-0.41,2020-09-08,2021-10-06,463.8,395.0,1.9456521739130437,294.0,350.79999999999995,644.8000000000001,788,False,training_population,41.830002,78.174004,RGI60-13.08055,13,4264.0,2.925,14.8,307.0,0.01
805,SARY-TOR,2022,-1.27,2021-10-06,2022-10-06,588.2,646.8,2.348913043478261,512.8,317.19999999999993,830.0000000000001,732,False,training_population,41.830002,78.174004,RGI60-13.08055,13,4264.0,2.925,14.8,307.0,0.01
805,SARY-TOR,2023,-1.51,2022-10-06,2023-09-06,559.5999999999999,401.0,2.7326086956521745,353.6,392.2,745.8,672,False,training_population,41.830002,78.174004,RGI60-13.08055,13,4264.0,2.925,14.8,307.0,0.01
805,SARY-TOR,2024,-1.09,2023-09-06,2024-10-13,743.4,516.1999999999999,3.372826086956522,409.6,405.6,815.2,808,False,training_population,41.830002,78.174004,RGI60-13.08055,13,4264.0,2.925,14.8,307.0,0.01
805,SARY-TOR,2025,-1.96,2024-10-13,2025-10-05,773.2,396.8,3.604347826086957,297.0,491.2,788.2,716,False,training_population,41.830002,78.174004,RGI60-13.08055,13,4264.0,2.925,14.8,307.0,0.01
3504,KRONEBREEN,2003,-0.56,2002-07-02,2003-07-02,122.0,1003.8,-0.2763440860215054,984.2,125.0,1109.2,732,False,training_population,78.8987,13.1805,RGI60-07.01464,7,720.0,295.509,6.1,208.0,0.2
3504,KRONEBREEN,2004,-0.9,2003-07-02,2004-07-01,107.6,822.2,-0.5228260869565218,821.8,89.80000000000001,911.6,732,False,training_population,78.8987,13.1805,RGI60-07.01464,7,720.0,295.509,6.1,208.0,0.2
3504,KRONEBREEN,2005,-0.78,2004-07-01,2005-07-02,179.39999999999995,819.4,0.2765957446808511,811.1999999999999,152.8,964.0,734,False,training_population,78.8987,13.1805,RGI60-07.01464,7,720.0,295.509,6.1,208.0,0.2
3504,KRONEBREEN,2006,-0.15,2005-07-02,2006-07-02,82.8,1218.6,-0.2698924731182797,1206.8000000000002,70.6,1277.4,732,False,training_population,78.8987,13.1805,RGI60-07.01464,7,720.0,295.509,6.1,208.0,0.2
3504,KRONEBREEN,2013,-0.42,2012-10-01,2013-09-30,176.79999999999998,889.5999999999999,0.058695652173913,844.0,253.6,1097.6,730,True,training_population,78.8987,13.1805,RGI60-07.01464,7,720.0,295.509,6.1,208.0,0.2
3504,KRONEBREEN,2014,0.08,2013-10-01,2014-09-30,51.2,1021.0,-1.2445652173913044,949.4,100.4,1049.8000000000002,730,True,training_population,78.8987,13.1805,RGI60-07.01464,7,720.0,295.509,6.1,208.0,0.2
3504,KRONEBREEN,2015,-0.06,2014-10-01,2015-09-30,158.60000000000002,1132.0,0.0673913043478261,1109.0,111.8,1220.8,730,True,training_population,78.8987,13.1805,RGI60-07.01464,7,720.0,295.509,6.1,208.0,0.2
3504,KRONEBREEN,2016,-0.16,2015-10-01,2016-09-30,184.4,1120.8,-0.0445652173913043,1097.6,192.0,1289.6,732,True,training_population,78.8987,13.1805,RGI60-07.01464,7,720.0,295.509,6.1,208.0,0.2
3504,KRONEBREEN,2017,0.06,2016-10-01,2017-09-30,113.4,1388.4,-0.4097826086956522,1318.0,239.2,1557.2,730,True,training_population,78.8987,13.1805,RGI60-07.01464,7,720.0,295.509,6.1,208.0,0.2
3504,KRONEBREEN,2018,-0.01,2017-10-01,2018-09-30,132.8,1094.6,-0.0489130434782608,1106.6,196.8,1303.4,730,True,training_population,78.8987,13.1805,RGI60-07.01464,7,720.0,295.509,6.1,208.0,0.2
3504,KRONEBREEN,2019,0.07,2018-10-01,2019-09-30,147.79999999999998,983.2,-0.2152173913043478,952.2,112.8,1065.0,730,True,training_population,78.8987,13.1805,RGI60-07.01464,7,720.0,295.509,6.1,208.0,0.2
3504,KRONEBREEN,2020,-1.133,2019-10-01,2020-09-30,303.4,704.2,0.908695652173913,678.5999999999999,113.0,791.6000000000001,732,True,training_population,78.8987,13.1805,RGI60-07.01464,7,720.0,295.509,6.1,208.0,0.2
3504,KRONEBREEN,2021,0.03,2020-10-01,2021-09-30,114.4,1056.0,-0.2152173913043477,985.0,168.39999999999998,1153.4,730,True,training_population,78.8987,13.1805,RGI60-07.01464,7,720.0,295.509,6.1,208.0,0.2
3504,KRONEBREEN,2022,-0.815,2021-10-01,2022-09-30,262.4,1058.2,0.6565217391304348,1049.0,203.79999999999995,1252.8000000000002,730,True,training_population,78.8987,13.1805,RGI60-07.01464,7,720.0,295.509,6.1,208.0,0.2
3504,KRONEBREEN,2023,-0.441,2022-07-02,2023-07-02,240.79999999999995,1472.6,0.3311827956989248,1455.4,161.39999999999998,1616.8,732,False,training_population,78.8987,13.1805,RGI60-07.01464,7,720.0,295.509,6.1,208.0,0.2
3504,KRONEBREEN,2024,-1.432,2023-07-02,2024-07-01,253.0,920.6,1.0554347826086956,902.0,197.6,1099.6,732,False,training_population,78.8987,13.1805,RGI60-07.01464,7,720.0,295.509,6.1,208.0,0.2
3889,GLACIER NO. 354 (AKSHIYRAK),2011,-0.095,2010-10-01,2011-09-30,491.5999999999999,330.8,2.2630434782608697,273.0,349.8,622.8,730,False,training_population,41.799,78.150597,RGI60-13.07064,13,4201.0,6.537,13.7,324.0,0.2
3889,GLACIER NO. 354 (AKSHIYRAK),2012,-0.524,2011-10-01,2012-09-30,507.4,374.80000000000007,2.190217391304348,303.2,298.6,601.8,732,False,training_population,41.799,78.150597,RGI60-13.07064,13,4201.0,6.537,13.7,324.0,0.2
3889,GLACIER NO. 354 (AKSHIYRAK),2013,-0.533,2012-10-01,2013-09-30,512.8,360.8,2.332608695652174,287.8,290.0,577.8,730,False,training_population,41.799,78.150597,RGI60-13.07064,13,4201.0,6.537,13.7,324.0,0.2
3889,GLACIER NO. 354 (AKSHIYRAK),2014,-0.607,2013-10-01,2014-09-30,424.19999999999993,332.0,1.7597826086956518,268.0,252.6,520.6,730,False,training_population,41.799,78.150597,RGI60-13.07064,13,4201.0,6.537,13.7,324.0,0.2
3889,GLACIER NO. 354 (AKSHIYRAK),2015,-0.837,2014-10-01,2015-09-30,570.1999999999999,451.2,2.6021739130434782,364.4,332.20000000000005,696.6,730,False,training_population,41.799,78.150597,RGI60-13.07064,13,4201.0,6.537,13.7,324.0,0.2
3889,GLACIER NO. 354 (AKSHIYRAK),2016,-0.202,2015-10-01,2016-09-30,524.2,386.2,2.6021739130434782,336.8,421.4,758.2,732,False,training_population,41.799,78.150597,RGI60-13.07064,13,4201.0,6.537,13.7,324.0,0.2
3889,GLACIER NO. 354 (AKSHIYRAK),2017,-0.636,2016-09-14,2017-09-09,515.8,457.8,2.215217391304348,411.4,261.4,672.8000000000001,722,False,training_population,41.799,78.150597,RGI60-13.07064,13,4201.0,6.537,13.7,324.0,0.2
3889,GLACIER NO. 354 (AKSHIYRAK),2018,-0.491,2017-09-09,2018-09-01,457.2000000000001,348.0,2.3630434782608694,258.2,262.6,520.8,716,False,training_population,41.799,78.150597,RGI60-13.07064,13,4201.0,6.537,13.7,324.0,0.2
3889,GLACIER NO. 354 (AKSHIYRAK),2019,-0.916,2018-09-01,2019-08-05,317.4,351.4,1.9681818181818185,266.6,233.40000000000003,500.0,678,False,training_population,41.799,78.150597,RGI60-13.07064,13,4201.0,6.537,13.7,324.0,0.2
3889,GLACIER NO. 354 (AKSHIYRAK),2020,-0.035,2019-08-05,2020-08-03,466.6,543.4,1.7670329670329672,458.2,362.8,821.0,730,False,training_population,41.799,78.150597,RGI60-13.07064,13,4201.0,6.537,13.7,324.0,0.2
3889,GLACIER NO. 354 (AKSHIYRAK),2021,-1.1,2020-08-03,2021-09-27,767.4000000000001,388.6,2.6710743801652885,287.6,472.3999999999999,760.0,842,False,training_population,41.799,78.150597,RGI60-13.07064,13,4201.0,6.537,13.7,324.0,0.2
3889,GLACIER NO. 354 (AKSHIYRAK),2022,-0.753,2021-09-27,2022-08-17,587.2,569.8,3.1128205128205124,474.80000000000007,269.2,744.0,650,False,training_population,41.799,78.150597,RGI60-13.07064,13,4201.0,6.537,13.7,324.0,0.2
3889,GLACIER NO. 354 (AKSHIYRAK),2023,-1.348,2022-08-17,2023-07-12,309.0,413.0,1.921052631578948,362.0,214.2,576.1999999999999,660,False,training_population,41.799,78.150597,RGI60-13.07064,13,4201.0,6.537,13.7,324.0,0.2
3889,GLACIER NO. 354 (AKSHIYRAK),2024,-2.138,2023-07-12,2024-08-20,1206.8000000000002,479.8,4.06969696969697,402.6,593.2,995.8,812,False,training_population,41.799,78.150597,RGI60-13.07064,13,4201.0,6.537,13.7,324.0,0.2
3889,GLACIER NO. 354 (AKSHIYRAK),2025,-1.955,2024-10-01,2025-09-30,895.0,374.4,4.109782608695652,297.0,492.3999999999999,789.4,730,False,training_population,41.799,78.150597,RGI60-13.07064,13,4201.0,6.537,13.7,324.0,0.2
3479,NORDENSKIOELDBREEN,2006,0.03,2005-10-01,2006-09-30,147.8,1137.6,0.0043478260869565,1173.2,37.2,1210.4,730,True,training_population,78.699997,17.183001,RGI60-07.00570,7,719.0,206.313,6.2,234.0,0.2
3479,NORDENSKIOELDBREEN,2007,-0.101,2006-10-01,2007-09-30,109.60000000000002,912.4,-0.5119565217391304,913.4,12.8,926.2,730,True,training_population,78.699997,17.183001,RGI60-07.00570,7,719.0,206.313,6.2,234.0,0.2
3479,NORDENSKIOELDBREEN,2008,0.146,2007-10-01,2008-09-30,139.4,1149.8000000000002,-0.4326086956521738,1147.8,44.2,1192.0,732,True,training_population,78.699997,17.183001,RGI60-07.00570,7,719.0,206.313,6.2,234.0,0.2
3479,NORDENSKIOELDBREEN,2009,-0.246,2008-10-01,2009-09-30,208.8,746.5999999999999,0.083695652173913,746.0,34.800000000000004,780.8,730,True,training_population,78.699997,17.183001,RGI60-07.00570,7,719.0,206.313,6.2,234.0,0.2
3479,NORDENSKIOELDBREEN,2010,0.061,2009-10-01,2010-09-30,116.8,867.6,-0.45,865.8,9.2,875.0,730,True,training_population,78.699997,17.183001,RGI60-07.00570,7,719.0,206.313,6.2,234.0,0.2
3479,NORDENSKIOELDBREEN,2011,-0.488,2010-10-01,2011-09-30,199.8,861.4000000000001,0.3641304347826086,862.1999999999999,106.0,968.2,730,True,training_population,78.699997,17.183001,RGI60-07.00570,7,719.0,206.313,6.2,234.0,0.2
3479,NORDENSKIOELDBREEN,2012,0.287,2011-10-01,2012-09-30,165.2,1249.0,0.0804347826086956,1345.8,97.4,1443.2,732,True,training_population,78.699997,17.183001,RGI60-07.00570,7,719.0,206.313,6.2,234.0,0.2
3479,NORDENSKIOELDBREEN,2013,-0.315,2012-10-01,2013-09-30,282.00000000000006,747.0,0.7956521739130435,781.0,134.0,915.0,730,True,training_population,78.699997,17.183001,RGI60-07.00570,7,719.0,206.313,6.2,234.0,0.2
3479,NORDENSKIOELDBREEN,2014,0.118,2013-10-01,2014-09-30,142.4,704.4,-0.4521739130434781,703.2,50.60000000000001,753.8,730,True,training_population,78.699997,17.183001,RGI60-07.00570,7,719.0,206.313,6.2,234.0,0.2
3479,NORDENSKIOELDBREEN,2015,-0.36,2014-10-01,2015-09-30,238.0,1033.0,0.7097826086956521,1016.0,71.4,1087.4,730,True,training_population,78.699997,17.183001,RGI60-07.00570,7,719.0,206.313,6.2,234.0,0.2
3479,NORDENSKIOELDBREEN,2016,0.016,2015-10-01,2016-09-30,272.8,1032.4,0.6358695652173914,1038.6,170.2,1208.8000000000002,732,True,training_population,78.699997,17.183001,RGI60-07.00570,7,719.0,206.313,6.2,234.0,0.2
3479,NORDENSKIOELDBREEN,2017,0.304,2016-10-01,2017-09-30,222.2,1003.8,0.2945652173913043,1014.0,161.4,1175.4,730,True,training_population,78.699997,17.183001,RGI60-07.00570,7,719.0,206.313,6.2,234.0,0.2
3479,NORDENSKIOELDBREEN,2018,-0.305,2017-10-01,2018-09-30,253.8,1017.2,0.7543478260869566,1106.2,142.79999999999998,1249.0,730,True,training_population,78.699997,17.183001,RGI60-07.00570,7,719.0,206.313,6.2,234.0,0.2
3479,NORDENSKIOELDBREEN,2019,-0.107,2018-10-01,2019-09-30,255.0,1063.6,0.5684782608695652,1044.0,92.6,1136.6,730,True,training_population,78.699997,17.183001,RGI60-07.00570,7,719.0,206.313,6.2,234.0,0.2
3479,NORDENSKIOELDBREEN,2021,-0.122,2020-09-15,2021-09-15,204.6,871.1999999999999,0.5554347826086957,874.6,80.2,954.8,732,False,training_population,78.699997,17.183001,RGI60-07.00570,7,719.0,206.313,6.2,234.0,0.2
