glacier_id,year,annual_balance_unc,country
10452,2018,,AF
1062,1972,,AQ
1062,1973,,AQ
1062,1974,,AQ
1062,1975,,AQ
3954,1966,,AQ
3954,1967,,AQ
2665,2000,0.03,AQ
2665,2001,0.03,AQ
2665,2002,0.03,AQ
2665,2003,0.03,AQ
2665,2004,0.03,AQ
2665,2005,0.03,AQ
2665,2006,0.03,AQ
2665,2007,0.03,AQ
2665,2008,0.03,AQ
2665,2009,0.03,AQ
2665,2010,0.03,AQ
2665,2011,0.03,AQ
2665,2012,0.03,AQ
2665,2013,0.03,AQ
2665,2014,0.01,AQ
2665,2015,0.03,AQ
2665,2016,,AQ
2665,2017,,AQ
2665,2018,0.03,AQ
2665,2019,,AQ
2665,2020,0.03,AQ
2665,2021,0.03,AQ
2665,2022,0.03,AQ
2665,2023,0.1,AQ
2665,2024,0.1,AQ
2665,2025,0.1,AQ
6833,1992,,AQ
6833,2008,,AQ
6833,2009,,AQ
6833,2010,,AQ
6833,2011,,AQ
6833,2012,,AQ
877,1993,,AQ
877,1994,,AQ
877,1995,,AQ
877,1996,,AQ
877,1997,,AQ
877,1998,,AQ
877,1999,,AQ
877,2000,,AQ
877,2001,,AQ
877,2002,,AQ
877,2003,,AQ
877,2004,,AQ
877,2005,,AQ
877,2006,,AQ
877,2007,,AQ
877,2008,,AQ
877,2009,,AQ
877,2010,,AQ
877,2011,,AQ
877,2012,,AQ
878,1993,,AQ
878,1994,0.027,AQ
878,1995,0.029,AQ
878,1996,0.025,AQ
878,1997,0.025,AQ
878,1998,0.032,AQ
878,1999,0.033,AQ
878,2000,0.029,AQ
878,2001,0.025,AQ
878,2002,0.11,AQ
878,2003,0.029,AQ
878,2004,0.039,AQ
878,2005,0.067,AQ
878,2006,0.055,AQ
878,2007,0.041,AQ
878,2008,0.026,AQ
878,2009,0.04,AQ
878,2010,0.03,AQ
878,2011,0.108,AQ
878,2012,0.039,AQ
878,2013,0.034,AQ
10404,2010,0.15,AQ
10404,2011,0.12,AQ
10404,2012,0.17,AQ
10404,2013,0.2,AQ
10404,2014,0.1,AQ
10404,2015,0.13,AQ
3974,1958,,AQ
3925,1969,,AQ
3925,1970,,AQ
3925,1971,,AQ
3925,1972,,AQ
3925,1973,,AQ
3925,1974,,AQ
3975,1960,,AQ
3975,1961,,AQ
3975,1962,,AQ
3975,1963,,AQ
3975,1964,,AQ
3975,1965,,AQ
890,1972,,AQ
890,1973,,AQ
890,1974,,AQ
890,1975,,AQ
3973,1993,,AQ
3973,1994,0.047,AQ
3973,1995,0.064,AQ
3973,1996,0.044,AQ
3973,1997,0.044,AQ
3973,1998,0.054,AQ
3973,1999,0.041,AQ
3973,2000,0.031,AQ
3973,2001,0.029,AQ
3973,2002,0.078,AQ
3973,2003,0.068,AQ
3973,2004,0.033,AQ
3973,2005,0.118,AQ
3973,2006,0.042,AQ
3973,2007,0.068,AQ
3973,2008,0.029,AQ
3973,2009,0.055,AQ
3973,2010,0.038,AQ
3973,2011,0.053,AQ
3973,2012,0.057,AQ
3973,2013,0.075,AQ
6822,1995,,AQ
6822,1996,,AQ
6822,1997,,AQ
6822,1998,,AQ
6822,1999,,AQ
6822,2000,,AQ
6822,2001,,AQ
6822,2002,,AQ
6822,2003,,AQ
6822,2004,,AQ
6822,2005,,AQ
6822,2006,,AQ
6822,2007,,AQ
6822,2008,,AQ
3367,2002,0.07,AQ
3367,2003,0.07,AQ
3367,2004,0.09,AQ
3367,2005,0.09,AQ
3367,2006,0.07,AQ
3367,2007,0.07,AQ
3367,2008,0.07,AQ
3367,2009,0.07,AQ
3367,2010,0.07,AQ
3367,2011,0.07,AQ
3367,2012,0.07,AQ
3367,2013,0.07,AQ
3367,2014,0.1,AQ
3367,2015,0.07,AQ
3367,2016,0.07,AQ
3367,2017,0.07,AQ
3367,2018,0.07,AQ
3367,2019,0.07,AQ
3367,2020,0.09,AQ
3367,2021,0.09,AQ
3367,2022,0.07,AQ
3367,2023,0.07,AQ
3367,2024,0.1,AQ
3367,2025,0.1,AQ
1063,1972,,AQ
1063,1973,,AQ
1063,1974,,AQ
1063,1975,,AQ
3366,2002,0.07,AQ
3366,2003,0.07,AQ
3366,2004,0.07,AQ
3366,2005,0.07,AQ
3366,2006,0.07,AQ
3366,2007,0.07,AQ
3366,2008,0.07,AQ
3366,2009,0.07,AQ
3366,2010,0.07,AQ
3366,2011,0.07,AQ
3366,2012,0.07,AQ
3366,2013,0.07,AQ
3366,2014,0.1,AQ
3366,2015,0.07,AQ
3366,2016,0.07,AQ
3366,2017,0.07,AQ
3366,2018,0.07,AQ
3366,2019,0.07,AQ
3366,2020,0.09,AQ
3366,2021,0.09,AQ
3366,2022,0.07,AQ
3366,2023,0.07,AQ
3366,2024,0.1,AQ
3366,2025,0.1,AQ
892,1966,,AQ
3943,1971,,AQ
3943,1972,,AQ
3943,1973,,AQ
3943,1974,,AQ
3970,1989,,AQ
3970,1990,,AQ
3970,1991,,AQ
3970,1992,,AQ
3970,1993,,AQ
876,1995,,AQ
876,1996,,AQ
876,1997,,AQ
876,1998,,AQ
876,1999,,AQ
876,2000,,AQ
876,2001,,AQ
876,2002,,AQ
876,2003,,AQ
876,2004,,AQ
876,2005,,AQ
876,2006,,AQ
876,2007,,AQ
876,2008,,AQ
876,2009,,AQ
3971,1991,,AQ
3971,1992,,AQ
3971,1993,,AQ
874,1995,,AQ
874,1996,,AQ
874,1997,,AQ
874,1998,,AQ
874,1999,,AQ
874,2000,,AQ
874,2001,,AQ
874,2002,,AQ
874,2003,,AQ
874,2004,,AQ
874,2005,,AQ
874,2006,,AQ
874,2007,,AQ
874,2008,,AQ
874,2009,,AQ
874,2010,,AQ
874,2011,,AQ
874,2012,,AQ
10403,2010,0.15,AQ
10403,2011,0.11,AQ
10403,2012,0.39,AQ
10403,2013,0.32,AQ
10403,2014,0.25,AQ
10403,2015,0.32,AQ
216926,2019,0.047,AQ
216926,2020,0.028,AQ
4532,2015,0.5,AR
4532,2016,0.5,AR
4532,2017,0.5,AR
4532,2018,0.5,AR
4532,2019,0.5,AR
4532,2020,0.5,AR
4532,2021,0.5,AR
4532,2022,0.5,AR
4532,2023,0.5,AR
4532,2024,0.5,AR
4532,2025,0.5,AR
1346,2014,0.3,AR
1346,2015,0.3,AR
1346,2016,0.3,AR
1346,2017,0.3,AR
1346,2018,0.3,AR
1346,2019,0.3,AR
1346,2020,0.3,AR
1346,2021,0.3,AR
1346,2022,0.3,AR
1346,2023,0.3,AR
2851,2018,0.5,AR
2851,2019,0.5,AR
2851,2020,0.5,AR
2851,2021,0.5,AR
2851,2022,0.5,AR
2851,2023,0.5,AR
2851,2024,0.5,AR
2851,2025,0.5,AR
3903,2008,,AR
3903,2009,,AR
3903,2010,,AR
3903,2011,,AR
3903,2012,,AR
3903,2013,,AR
3903,2014,,AR
3903,2015,0.03,AR
3903,2016,,AR
3903,2017,,AR
3903,2018,,AR
3903,2019,,AR
3903,2020,,AR
3903,2021,,AR
3903,2022,,AR
3903,2023,,AR
3902,2008,,AR
3902,2009,,AR
3902,2010,,AR
3902,2011,,AR
3902,2012,,AR
3902,2013,,AR
3902,2014,,AR
3902,2015,0.05,AR
3902,2016,,AR
3902,2017,,AR
3902,2018,,AR
3902,2019,,AR
3902,2020,,AR
3902,2021,,AR
3902,2022,,AR
3902,2023,,AR
1675,1996,,AR
1675,1997,,AR
1675,1998,,AR
1675,2014,0.2,AR
1675,2015,0.2,AR
1675,2016,0.2,AR
1675,2017,0.2,AR
1675,2018,0.2,AR
1675,2019,,AR
1675,2020,0.2,AR
1675,2021,0.2,AR
1675,2022,0.2,AR
1675,2023,0.2,AR
1675,2024,0.2,AR
1675,2025,0.2,AR
3904,2008,,AR
3904,2009,,AR
3904,2010,,AR
3904,2011,,AR
3904,2012,,AR
3904,2013,,AR
3904,2014,,AR
3904,2015,0.045,AR
3904,2016,,AR
3904,2017,,AR
3904,2018,,AR
3904,2019,,AR
3904,2020,,AR
3904,2021,,AR
3904,2022,,AR
3904,2023,,AR
917,2001,,AR
917,2002,,AR
2000,2001,,AR
2000,2002,,AR
2000,2003,,AR
2000,2004,,AR
2000,2005,,AR
2000,2006,,AR
2000,2007,,AR
2000,2008,,AR
2000,2009,,AR
2000,2010,0.05,AR
2000,2011,0.05,AR
2000,2012,,AR
2000,2013,,AR
2000,2014,,AR
2000,2015,,AR
2000,2016,,AR
2000,2017,0.05,AR
2000,2018,,AR
2000,2019,0.05,AR
2000,2020,0.05,AR
2000,2021,,AR
2000,2022,,AR
2000,2023,0.04,AR
2000,2024,0.04,AR
2000,2025,,AR
3589,1980,,AR
3589,1981,,AR
3589,1982,,AR
3589,1983,,AR
3589,1984,,AR
3589,1985,,AR
3589,1986,,AR
3589,1987,,AR
3589,1988,,AR
3589,1989,,AR
3589,1990,,AR
3589,1991,,AR
3589,1992,,AR
3589,1993,,AR
3589,1994,,AR
3589,1995,,AR
3589,1996,,AR
3589,1997,,AR
3589,1998,,AR
3589,1999,,AR
3589,2000,,AR
3589,2001,,AR
3589,2002,,AR
3589,2003,,AR
476,1964,,AT
476,1965,,AT
476,1966,,AT
476,1967,,AT
476,1968,,AT
476,1969,,AT
476,1970,,AT
476,1971,,AT
476,1972,,AT
476,1973,,AT
476,1974,,AT
476,1975,,AT
476,1976,,AT
476,1977,,AT
476,1978,,AT
476,1979,,AT
476,1980,,AT
1305,1989,,AT
1305,1990,,AT
1305,1991,,AT
1305,1992,,AT
1305,1993,,AT
1305,1994,,AT
1305,1995,,AT
1305,1996,,AT
1305,1997,,AT
1305,1998,,AT
1305,1999,,AT
1305,2000,,AT
1305,2001,0.05,AT
1305,2002,0.05,AT
1305,2003,0.05,AT
1305,2004,0.05,AT
1305,2005,0.05,AT
1305,2006,,AT
1305,2007,0.2,AT
1305,2008,,AT
1305,2009,,AT
1305,2010,0.03,AT
1305,2011,0.1,AT
1305,2012,0.1,AT
1305,2013,0.1,AT
1305,2014,,AT
1305,2015,,AT
1305,2016,,AT
1305,2017,,AT
1305,2018,0.03,AT
1305,2019,0.03,AT
1305,2020,0.05,AT
1305,2021,0.05,AT
1305,2022,0.2,AT
1305,2023,,AT
1305,2024,,AT
1305,2025,0.2,AT
535,2007,,AT
535,2008,,AT
535,2009,,AT
535,2010,,AT
535,2011,,AT
535,2012,,AT
535,2013,,AT
535,2014,,AT
535,2015,,AT
535,2016,,AT
535,2017,,AT
535,2018,,AT
535,2019,,AT
535,2020,,AT
535,2021,,AT
535,2022,,AT
535,2023,,AT
535,2024,,AT
535,2025,,AT
491,1953,,AT
491,1954,,AT
491,1955,,AT
491,1956,,AT
491,1957,,AT
491,1958,,AT
491,1959,,AT
491,1960,,AT
491,1961,,AT
491,1962,,AT
491,1963,,AT
491,1964,,AT
491,1965,,AT
491,1966,,AT
491,1967,,AT
491,1968,,AT
491,1969,,AT
491,1970,,AT
491,1971,,AT
491,1972,,AT
491,1973,,AT
491,1974,,AT
491,1975,,AT
491,1976,,AT
491,1977,,AT
491,1978,,AT
491,1979,,AT
491,1980,,AT
491,1981,,AT
491,1982,,AT
491,1983,,AT
491,1984,,AT
491,1985,,AT
491,1986,,AT
491,1987,,AT
491,1988,,AT
491,1989,,AT
491,1990,,AT
491,1991,,AT
491,1992,,AT
491,1993,,AT
491,1994,,AT
491,1995,,AT
491,1996,,AT
491,1997,,AT
491,1998,,AT
491,1999,,AT
491,2000,,AT
491,2001,,AT
491,2002,0.21,AT
491,2003,0.21,AT
491,2004,0.21,AT
491,2005,0.21,AT
491,2006,0.21,AT
491,2007,0.21,AT
491,2008,0.21,AT
491,2009,0.21,AT
491,2010,0.21,AT
491,2011,0.21,AT
491,2012,0.25,AT
491,2013,0.05,AT
491,2014,0.05,AT
491,2015,0.05,AT
491,2016,0.05,AT
491,2017,0.05,AT
491,2018,0.03,AT
491,2019,0.03,AT
491,2020,0.03,AT
491,2021,0.03,AT
491,2022,0.05,AT
491,2023,0.1,AT
491,2024,0.2,AT
491,2025,0.025,AT
492,1991,,AT
492,1992,,AT
492,1993,,AT
492,1994,,AT
492,1995,,AT
3993,1966,,AT
3993,1967,,AT
3993,1968,,AT
3993,1969,,AT
3993,1970,,AT
3993,1971,,AT
3993,1972,,AT
3993,1973,,AT
3993,1974,,AT
3993,1975,,AT
480,1989,,AT
480,1990,,AT
480,1991,,AT
480,1992,,AT
480,1993,,AT
480,1994,,AT
480,1995,,AT
480,1996,,AT
480,1997,,AT
480,1998,,AT
480,1999,,AT
480,2000,,AT
480,2001,,AT
480,2002,,AT
480,2003,,AT
480,2004,,AT
480,2005,,AT
480,2006,,AT
480,2007,,AT
480,2008,,AT
480,2009,,AT
480,2010,,AT
480,2011,,AT
480,2012,,AT
480,2013,,AT
480,2014,,AT
480,2015,,AT
480,2016,,AT
480,2017,,AT
480,2018,,AT
480,2019,,AT
480,2020,,AT
480,2021,,AT
480,2022,,AT
480,2023,,AT
480,2024,,AT
480,2025,,AT
507,1953,,AT
507,1954,,AT
507,1955,,AT
507,1956,,AT
507,1957,,AT
507,1958,,AT
507,1959,,AT
507,1960,,AT
507,1961,,AT
507,1962,,AT
507,1963,,AT
507,1964,,AT
507,1965,,AT
507,1966,,AT
507,1967,,AT
507,1968,,AT
507,1969,,AT
507,1970,,AT
507,1971,,AT
507,1972,,AT
507,1973,,AT
507,1974,,AT
507,1975,,AT
507,1976,,AT
507,1977,,AT
507,1978,,AT
507,1979,,AT
507,1980,,AT
507,1981,,AT
507,1982,,AT
507,1983,,AT
507,1984,,AT
507,1985,,AT
507,1986,,AT
507,1987,,AT
507,1988,,AT
507,1989,,AT
507,1990,,AT
507,1991,,AT
507,1992,,AT
507,1993,,AT
507,1994,,AT
507,1995,,AT
507,1996,,AT
507,1997,,AT
507,1998,,AT
507,1999,,AT
507,2000,,AT
507,2001,,AT
507,2002,,AT
507,2003,,AT
507,2004,,AT
507,2005,,AT
507,2006,,AT
507,2007,,AT
507,2008,,AT
507,2009,,AT
507,2010,,AT
507,2011,,AT
507,2012,0.15,AT
507,2013,0.2,AT
507,2014,0.05,AT
507,2015,0.2,AT
507,2016,0.2,AT
507,2017,0.1,AT
507,2018,0.03,AT
507,2019,0.03,AT
507,2020,0.03,AT
507,2021,0.03,AT
507,2022,0.05,AT
507,2023,0.05,AT
507,2024,0.2,AT
507,2025,0.025,AT
547,1999,,AT
547,2000,,AT
547,2001,0.05,AT
547,2002,0.05,AT
547,2003,0.05,AT
547,2004,0.05,AT
547,2005,0.05,AT
547,2006,,AT
547,2007,0.2,AT
547,2008,,AT
547,2009,,AT
547,2010,0.03,AT
547,2011,0.1,AT
547,2012,,AT
547,2013,0.1,AT
547,2014,,AT
547,2015,,AT
547,2016,,AT
547,2017,,AT
547,2018,0.03,AT
547,2019,0.03,AT
547,2020,0.05,AT
547,2021,0.05,AT
547,2022,0.2,AT
547,2023,,AT
547,2024,,AT
547,2025,0.2,AT
486,1998,,AT
510,1963,,AT
510,1964,,AT
510,1965,,AT
510,1966,,AT
510,1967,,AT
510,1968,,AT
510,1969,,AT
510,1970,,AT
483,1991,,AT
483,1992,,AT
483,1993,,AT
483,1994,,AT
483,1995,,AT
483,1996,,AT
483,1997,,AT
483,1998,,AT
483,1999,,AT
545,1983,,AT
545,1984,,AT
545,1985,,AT
545,1986,,AT
545,1987,,AT
545,1988,,AT
545,1989,,AT
545,1990,,AT
545,1991,,AT
545,1992,,AT
545,1993,,AT
545,1994,,AT
545,1995,,AT
545,1996,,AT
545,1997,,AT
545,1998,,AT
545,1999,,AT
545,2000,,AT
545,2001,0.05,AT
545,2002,0.05,AT
545,2003,0.05,AT
545,2004,0.05,AT
545,2005,0.05,AT
545,2006,,AT
545,2007,0.4,AT
545,2008,,AT
545,2009,,AT
545,2010,0.1,AT
545,2011,0.1,AT
545,2012,0.1,AT
545,2013,0.1,AT
545,2014,0.1,AT
545,2015,0.1,AT
545,2016,0.1,AT
545,2017,0.1,AT
545,2018,0.1,AT
545,2019,0.1,AT
545,2020,0.1,AT
545,2021,0.1,AT
545,2022,0.1,AT
545,2023,0.1,AT
545,2024,0.1,AT
566,1980,,AT
566,1981,,AT
566,1982,,AT
566,1983,,AT
566,1984,,AT
566,1985,,AT
566,1986,,AT
566,1987,,AT
566,1988,,AT
566,1989,,AT
566,1990,,AT
566,1991,,AT
566,1992,,AT
566,1993,,AT
566,1994,,AT
566,1995,,AT
566,1996,,AT
566,1997,,AT
566,2005,0.06,AT
566,2006,,AT
566,2007,0.3,AT
566,2008,,AT
566,2009,,AT
566,2010,0.1,AT
566,2011,0.1,AT
566,2012,,AT
566,2013,,AT
566,2014,,AT
566,2015,,AT
566,2016,,AT
566,2017,,AT
566,2018,0.05,AT
566,2019,0.05,AT
566,2020,0.05,AT
566,2021,0.05,AT
566,2022,0.05,AT
566,2023,,AT
566,2024,,AT
566,2025,,AT
10459,2014,,AT
10459,2015,,AT
10459,2016,,AT
10459,2017,,AT
10459,2018,,AT
10459,2019,,AT
10459,2020,,AT
10459,2021,,AT
10459,2022,,AT
10459,2023,,AT
10459,2024,0.05,AT
10459,2025,0.05,AT
573,1946,,AT
573,1947,,AT
573,1948,,AT
573,1949,,AT
573,1950,,AT
573,1951,,AT
573,1952,,AT
573,1953,,AT
573,1954,,AT
573,1955,,AT
573,1956,,AT
573,1957,,AT
573,1958,,AT
573,1959,,AT
573,1960,,AT
573,1961,,AT
573,1962,,AT
573,1963,,AT
573,1964,,AT
573,1965,,AT
573,1966,,AT
573,1967,,AT
573,1968,,AT
573,1969,,AT
573,1970,,AT
573,1971,,AT
573,1972,,AT
573,1973,,AT
573,1974,,AT
573,1975,,AT
573,1976,,AT
573,1977,,AT
573,1978,,AT
573,1979,,AT
573,1980,,AT
573,1981,,AT
573,1982,,AT
573,1983,,AT
573,1984,,AT
573,1985,,AT
573,1986,,AT
573,1987,,AT
573,1988,,AT
573,1989,,AT
573,1990,,AT
573,1991,,AT
573,1992,,AT
573,1993,,AT
573,1994,,AT
573,1995,,AT
573,1996,,AT
573,1997,,AT
573,1998,,AT
573,1999,,AT
573,2000,,AT
573,2001,,AT
573,2002,,AT
573,2003,,AT
573,2004,,AT
573,2005,,AT
573,2006,,AT
573,2007,,AT
573,2008,,AT
573,2009,,AT
573,2010,,AT
573,2011,,AT
573,2012,,AT
573,2013,,AT
573,2014,,AT
573,2015,,AT
573,2016,,AT
573,2017,,AT
573,2018,,AT
573,2019,,AT
573,2020,,AT
573,2021,,AT
573,2022,,AT
573,2023,,AT
573,2024,,AT
573,2025,,AT
4533,1975,,AT
10460,2013,,AT
10460,2014,,AT
10460,2015,,AT
10460,2016,,AT
10460,2017,,AT
10460,2018,,AT
10460,2019,,AT
10460,2020,,AT
10460,2021,,AT
10460,2022,,AT
10460,2023,,AT
10460,2024,,AT
10460,2025,,AT
482,1991,,AT
482,1992,,AT
482,1993,,AT
482,1994,,AT
482,1995,,AT
482,1996,,AT
482,1997,,AT
482,1998,,AT
482,1999,,AT
489,1965,,AT
489,1966,,AT
489,1967,,AT
489,1968,,AT
489,1969,,AT
489,1970,,AT
489,1971,,AT
489,1972,,AT
489,1973,,AT
489,1974,,AT
489,1975,,AT
489,1976,,AT
489,1977,,AT
489,1978,,AT
489,1979,,AT
489,1980,,AT
489,1981,,AT
489,1982,,AT
489,1983,,AT
489,1984,,AT
489,1985,,AT
489,1986,,AT
489,1987,,AT
489,1988,,AT
489,1989,,AT
489,1990,,AT
489,1991,,AT
489,1992,,AT
489,1993,,AT
489,1994,,AT
489,1995,,AT
489,1996,,AT
489,1997,,AT
489,1998,,AT
489,1999,,AT
489,2000,,AT
489,2001,,AT
489,2002,,AT
489,2003,,AT
489,2004,,AT
489,2005,,AT
489,2006,,AT
489,2007,,AT
489,2008,,AT
489,2009,,AT
489,2010,,AT
489,2011,,AT
489,2012,,AT
489,2013,,AT
489,2014,,AT
489,2015,,AT
489,2016,0.1,AT
489,2017,0.1,AT
489,2018,0.1,AT
489,2019,0.1,AT
489,2020,0.1,AT
489,2021,0.1,AT
489,2022,0.1,AT
489,2023,0.1,AT
489,2024,0.1,AT
489,2025,0.1,AT
578,2007,,AT
578,2008,,AT
578,2009,,AT
578,2010,,AT
578,2011,,AT
578,2012,,AT
578,2013,,AT
578,2014,,AT
578,2015,,AT
578,2016,,AT
578,2017,,AT
578,2018,,AT
578,2019,,AT
578,2020,,AT
578,2021,,AT
578,2022,,AT
578,2023,,AT
578,2024,,AT
578,2025,,AT
1505,1992,,BO
1505,1993,,BO
1505,1994,,BO
1505,1995,,BO
1505,1996,,BO
1505,1997,,BO
1505,1998,,BO
1505,1999,,BO
1505,2000,0.01,BO
1505,2001,0.01,BO
1505,2002,0.01,BO
1505,2003,0.01,BO
1505,2004,0.01,BO
1505,2005,0.01,BO
1505,2006,0.01,BO
1505,2007,0.01,BO
1505,2008,0.01,BO
2667,2003,,BO
2667,2004,,BO
2667,2005,,BO
2667,2006,0.01,BO
2667,2007,0.01,BO
2667,2008,0.01,BO
2667,2009,0.01,BO
2667,2010,0.01,BO
2667,2011,0.01,BO
2667,2012,0.01,BO
2667,2013,0.01,BO
2667,2014,0.01,BO
2667,2015,0.01,BO
2667,2016,0.01,BO
2667,2017,0.01,BO
2667,2018,0.01,BO
2667,2019,0.01,BO
2667,2020,0.01,BO
2667,2021,0.01,BO
2667,2022,,BO
2667,2023,,BO
2667,2024,,BO
26615,1992,,BO
26615,1993,,BO
26615,1994,,BO
26615,1995,,BO
26615,1996,,BO
26615,1997,,BO
26615,1998,,BO
26615,1999,,BO
26615,2000,,BO
26615,2001,,BO
26615,2002,,BO
26615,2003,,BO
26615,2004,,BO
26615,2005,,BO
26615,2006,0.01,BO
26615,2007,0.01,BO
26615,2008,0.01,BO
26615,2009,0.01,BO
26615,2010,0.01,BO
26615,2011,0.01,BO
26615,2012,0.01,BO
26615,2013,0.01,BO
26615,2014,0.01,BO
26615,2015,0.01,BO
26615,2016,0.01,BO
26615,2017,0.01,BO
26615,2018,0.01,BO
26615,2019,0.01,BO
26615,2020,0.01,BO
26615,2021,0.01,BO
26615,2022,,BO
26615,2023,,BO
26615,2024,,BO
10412,2004,0.23,BT
10412,2013,0.16,BT
10412,2014,0.16,BT
18251,2017,,BT
18251,2018,,BT
18251,2019,,BT
18251,2020,,BT
18251,2021,,BT
48,1982,,CA
48,1983,,CA
48,1984,,CA
32,1979,,CA
32,1980,,CA
32,1981,,CA
32,1982,,CA
32,1983,,CA
32,1984,,CA
32,1985,,CA
32,1989,,CA
32,1990,,CA
34,1978,,CA
34,1979,,CA
34,1980,,CA
34,1981,,CA
34,1982,,CA
34,1983,,CA
34,1984,,CA
34,1985,,CA
34,1989,,CA
34,1990,,CA
7,2013,,CA
7,2015,,CA
7,2016,,CA
7,2017,,CA
7,2018,,CA
7,2019,,CA
7,2021,,CA
7,2022,,CA
7,2023,,CA
7,2024,,CA
7,2025,,CA
1,1960,,CA
1,1961,,CA
1,1962,,CA
1,1963,,CA
1,1964,,CA
1,1965,,CA
1,1966,,CA
1,1967,,CA
1,1968,,CA
1,1969,,CA
1,1970,,CA
1,1971,,CA
1,1972,,CA
1,1973,,CA
1,1974,,CA
1,1975,,CA
1,1976,,CA
1,1977,,CA
1,1990,,CA
1,1991,,CA
1,1992,,CA
1,1993,,CA
1,1994,,CA
1,1995,,CA
1,1996,,CA
1,1997,,CA
1,1998,,CA
1,1999,,CA
1,2000,,CA
1,2001,,CA
1,2002,,CA
1,2003,,CA
1,2004,,CA
1,2005,,CA
3999,1962,,CA
3999,1963,,CA
3999,1964,,CA
3999,1965,,CA
38,1971,,CA
38,1972,,CA
38,1973,,CA
38,1974,,CA
38,1976,,CA
38,1977,,CA
38,1978,,CA
38,1979,,CA
38,1980,,CA
38,1981,,CA
38,1982,,CA
38,1983,,CA
38,1984,,CA
3998,1975,,CA
1435,1971,,CA
1435,1972,,CA
1435,1973,,CA
1435,1974,,CA
1436,1975,,CA
66,1981,,CA
66,1982,,CA
66,1983,,CA
66,1984,,CA
66,1985,,CA
66,1988,,CA
66,1989,,CA
66,1990,,CA
3936,1968,,CA
3936,1969,,CA
3936,1970,,CA
3911,1970,,CA
3911,1972,,CA
93528,2016,,CA
93528,2017,,CA
93528,2018,,CA
93528,2022,,CA
93528,2023,,CA
93528,2024,,CA
93528,2025,,CA
47,1981,,CA
47,1982,,CA
47,1983,,CA
47,1984,,CA
47,1985,,CA
23598,2009,,CA
23598,2010,,CA
23598,2011,,CA
4570,1977,,CA
4570,1978,,CA
10498,2015,0.32,CA
10498,2016,0.16,CA
10498,2017,0.24,CA
10498,2018,0.25,CA
10498,2019,,CA
3909,1966,,CA
3909,1967,,CA
3909,1968,,CA
3909,1969,,CA
3909,1970,,CA
39,1961,,CA
39,1962,,CA
39,1963,,CA
39,1964,,CA
39,1965,,CA
39,1966,,CA
39,1967,,CA
39,1968,,CA
39,1969,,CA
39,1970,,CA
39,1971,,CA
39,1972,,CA
39,1973,,CA
39,1974,,CA
39,1975,,CA
39,1976,,CA
39,1977,,CA
39,1978,,CA
39,1979,,CA
39,1980,,CA
39,1981,,CA
39,1982,,CA
39,1983,,CA
39,1984,,CA
39,1985,,CA
39,1986,,CA
39,1987,,CA
39,1988,,CA
39,1989,,CA
39,1990,,CA
39,1991,,CA
39,1992,,CA
39,1993,,CA
39,1994,,CA
39,1995,,CA
39,1996,,CA
39,1997,,CA
39,1998,,CA
39,1999,,CA
39,2000,,CA
39,2001,,CA
39,2002,,CA
39,2003,,CA
39,2004,,CA
39,2005,,CA
39,2006,,CA
39,2007,,CA
39,2008,,CA
39,2009,,CA
39,2010,,CA
39,2011,,CA
39,2012,,CA
39,2013,,CA
39,2014,,CA
39,2015,,CA
39,2016,,CA
39,2017,,CA
39,2018,,CA
39,2019,,CA
39,2020,,CA
39,2021,,CA
39,2022,,CA
39,2023,,CA
39,2024,,CA
39,2025,,CA
216934,1974,,CA
216934,1979,,CA
216934,1982,,CA
216934,2016,,CA
216934,2019,,CA
216935,1974,,CA
216935,1979,,CA
216935,1982,,CA
216935,2016,,CA
216935,2019,,CA
216936,1974,,CA
216936,1979,,CA
216936,1982,,CA
216936,2016,,CA
216936,2019,,CA
216937,1974,,CA
216937,1979,,CA
216937,1982,,CA
216937,2016,,CA
216937,2019,,CA
216938,1974,,CA
216938,1979,,CA
216938,1982,,CA
216938,2016,,CA
216938,2019,,CA
216939,1974,,CA
216939,1979,,CA
216939,1982,,CA
216939,2016,,CA
216939,2019,,CA
45,1975,,CA
45,1976,,CA
45,1977,,CA
45,1978,,CA
45,1979,,CA
45,1980,,CA
45,1982,,CA
45,1983,,CA
45,1984,,CA
45,1985,,CA
45,1986,,CA
45,1987,,CA
45,1988,,CA
45,1989,,CA
45,1990,,CA
45,1991,,CA
45,1992,,CA
45,1993,,CA
45,1994,,CA
45,1995,,CA
45,1996,,CA
45,1997,,CA
45,1998,,CA
45,1999,,CA
45,2000,,CA
45,2001,,CA
45,2002,,CA
45,2003,,CA
45,2004,0.1,CA
45,2005,0.1,CA
45,2006,,CA
45,2007,,CA
45,2008,,CA
45,2009,,CA
45,2010,,CA
45,2011,,CA
45,2012,,CA
45,2013,,CA
45,2015,,CA
45,2016,,CA
45,2017,,CA
45,2018,,CA
45,2019,,CA
45,2020,,CA
45,2021,,CA
45,2022,,CA
45,2023,,CA
45,2024,,CA
45,2025,,CA
49,1982,,CA
49,1983,,CA
49,1984,,CA
1400,2015,0.47,CA
1400,2016,0.28,CA
1400,2017,0.28,CA
1400,2018,0.3,CA
1400,2019,0.35,CA
3952,1997,,CA
23,2015,0.28,CA
23,2016,0.22,CA
23,2017,0.23,CA
23,2018,0.25,CA
23,2019,0.26,CA
23,2020,0.26,CA
23,2021,0.25,CA
23,2022,0.2,CA
1412,1974,,CA
1412,1975,,CA
1412,1976,,CA
1412,1977,,CA
1412,1978,,CA
1412,1979,,CA
1413,1975,,CA
16,1960,,CA
16,1961,,CA
16,1962,,CA
16,1963,,CA
16,1964,,CA
16,1965,,CA
16,1966,,CA
16,1967,,CA
16,1968,,CA
16,1969,,CA
16,1970,,CA
16,1971,,CA
16,1972,,CA
16,1973,,CA
16,1974,,CA
16,1975,,CA
16,1976,,CA
16,1977,,CA
16,1978,,CA
16,1979,,CA
16,1980,,CA
16,1981,,CA
16,1982,,CA
16,1983,,CA
16,1984,,CA
16,1985,,CA
16,1986,,CA
16,1987,,CA
16,1988,,CA
16,1989,,CA
16,1990,,CA
16,1991,,CA
16,1992,,CA
16,1993,,CA
16,1994,,CA
16,1995,,CA
16,1996,,CA
16,1997,,CA
16,1998,,CA
16,1999,,CA
16,2000,,CA
16,2001,,CA
16,2002,,CA
16,2003,,CA
16,2004,,CA
16,2005,,CA
16,2006,,CA
16,2007,,CA
16,2008,,CA
16,2009,,CA
16,2010,,CA
16,2011,,CA
16,2012,,CA
16,2013,,CA
16,2014,,CA
16,2015,,CA
16,2016,,CA
16,2017,,CA
16,2018,,CA
16,2019,,CA
16,2020,,CA
16,2021,,CA
16,2022,,CA
16,2023,,CA
16,2024,,CA
16,2025,,CA
3690,1963,,CA
3690,1964,,CA
3690,1965,,CA
3690,1966,,CA
3690,1967,,CA
3690,1968,,CA
3690,1969,,CA
3690,1970,,CA
3690,1971,,CA
3690,1972,,CA
3690,1973,,CA
3690,1974,,CA
3690,1975,,CA
3690,1976,,CA
3690,1977,,CA
3690,1978,,CA
3690,1979,,CA
3690,1980,,CA
3690,1981,,CA
3690,1982,,CA
3690,1983,,CA
3690,1984,,CA
3690,1985,,CA
3690,1986,,CA
3690,1987,,CA
3690,1988,,CA
3690,1989,,CA
3690,1990,,CA
3690,1991,,CA
3690,1992,,CA
3690,1993,,CA
3690,1994,,CA
3690,1995,,CA
3690,1996,,CA
3690,1997,,CA
3690,1998,,CA
3690,1999,,CA
3690,2000,,CA
3690,2001,,CA
3690,2002,,CA
3690,2003,,CA
3690,2004,,CA
3690,2005,,CA
3690,2006,,CA
3690,2007,,CA
3690,2008,,CA
3690,2009,,CA
3690,2010,,CA
3690,2011,,CA
3690,2012,,CA
3690,2013,,CA
3690,2014,,CA
3690,2015,,CA
3690,2016,,CA
3690,2017,,CA
3690,2018,,CA
3690,2019,,CA
3690,2020,,CA
3690,2021,,CA
3690,2022,,CA
3690,2023,,CA
3690,2024,,CA
3690,2025,,CA
50,1982,,CA
50,1983,,CA
50,1984,,CA
3967,1999,,CA
3967,2000,,CA
3967,2001,,CA
3967,2002,,CA
3934,1993,,CA
10497,2015,0.24,CA
10497,2016,0.21,CA
10497,2017,0.23,CA
10497,2018,0.3,CA
10497,2019,,CA
3910,1968,,CA
57,1966,,CA
57,1967,,CA
57,1968,,CA
57,1969,,CA
57,1970,,CA
57,1971,,CA
57,1972,,CA
57,1973,,CA
57,1974,,CA
57,1975,,CA
57,1976,,CA
57,1977,,CA
57,1978,,CA
57,1979,,CA
57,1980,,CA
57,1981,,CA
57,1982,,CA
57,1983,,CA
57,1984,,CA
57,1985,,CA
57,1986,,CA
57,1987,,CA
57,1988,,CA
57,1989,,CA
57,1990,,CA
57,1991,,CA
57,1992,,CA
57,1993,,CA
57,1994,,CA
57,1995,,CA
57,1996,,CA
57,1997,,CA
57,1998,,CA
57,1999,,CA
57,2000,,CA
57,2001,,CA
57,2002,,CA
57,2003,,CA
57,2004,0.1,CA
57,2005,0.1,CA
57,2006,,CA
57,2007,,CA
57,2008,,CA
57,2009,,CA
57,2010,,CA
57,2011,,CA
57,2012,,CA
57,2013,,CA
57,2014,,CA
57,2015,,CA
57,2016,,CA
57,2017,,CA
57,2018,,CA
57,2019,,CA
57,2020,,CA
57,2021,,CA
57,2022,,CA
57,2023,,CA
57,2024,,CA
57,2025,,CA
41,1965,,CA
41,1966,,CA
41,1967,,CA
41,1968,,CA
41,1969,,CA
41,1970,,CA
41,1971,,CA
41,1972,,CA
41,1973,,CA
41,1974,,CA
41,1975,,CA
41,1976,,CA
41,1977,,CA
41,1978,,CA
41,1979,,CA
41,1980,,CA
41,1981,,CA
41,1982,,CA
41,1983,,CA
41,1984,,CA
41,1985,,CA
41,1986,,CA
41,1987,,CA
41,1988,,CA
41,1989,,CA
41,1990,,CA
41,1991,,CA
41,1992,,CA
41,1993,,CA
41,1994,,CA
41,1995,,CA
41,1996,,CA
41,1997,,CA
41,1998,,CA
41,1999,,CA
41,2000,,CA
41,2001,,CA
41,2002,,CA
41,2003,,CA
41,2004,0.1,CA
41,2005,0.1,CA
41,2006,,CA
41,2007,,CA
41,2008,,CA
41,2009,,CA
41,2010,,CA
41,2011,,CA
41,2012,,CA
41,2013,,CA
41,2015,,CA
41,2016,,CA
41,2017,,CA
41,2018,,CA
41,2019,,CA
41,2020,,CA
41,2021,,CA
41,2022,,CA
41,2023,,CA
41,2024,,CA
41,2025,,CA
3933,1993,,CA
1394,1966,,CA
1394,1967,,CA
1394,1968,,CA
1394,1969,,CA
1394,1970,,CA
1394,1971,,CA
1394,1972,,CA
1394,1973,,CA
1394,1974,,CA
1394,1975,,CA
103390,1974,,CA
103390,1979,,CA
103390,1982,,CA
103390,2016,,CA
103390,2019,,CA
103392,1974,,CA
103392,1979,,CA
103392,1982,,CA
103392,2016,,CA
103392,2019,,CA
8,2024,,CA
8,2025,,CA
44,1966,,CA
44,1967,,CA
44,1968,,CA
44,1969,,CA
44,1970,,CA
44,1971,,CA
44,1972,,CA
44,1973,,CA
44,1974,,CA
44,1975,,CA
44,1976,,CA
44,1977,,CA
44,1978,,CA
44,1979,,CA
44,1980,,CA
44,1981,,CA
44,1982,,CA
44,1983,,CA
44,1984,,CA
44,1985,,CA
44,1986,,CA
44,1987,,CA
44,1988,,CA
44,1989,,CA
3966,2001,,CA
3966,2002,,CA
3908,1972,,CA
3908,1973,,CA
3908,1974,,CA
3908,1975,,CA
3908,1976,,CA
3908,1982,,CA
3908,1983,,CA
3951,1983,,CA
51,1982,,CA
51,1983,,CA
51,1984,,CA
59,1976,,CA
59,1977,,CA
59,1978,,CA
59,1979,,CA
59,1980,,CA
59,1981,,CA
59,1982,,CA
59,1983,,CA
59,1984,,CA
59,1985,,CA
72,1989,,CA
24,1981,,CA
24,1982,,CA
24,1983,,CA
24,1984,,CA
24,1985,,CA
24,1989,,CA
24,1990,,CA
53,1959,,CA
53,1960,,CA
53,1962,,CA
53,1963,,CA
53,1964,,CA
53,1965,,CA
53,1966,,CA
53,1967,,CA
53,1968,,CA
53,1969,,CA
53,1971,,CA
53,1972,,CA
53,1973,,CA
53,1974,,CA
53,1975,,CA
53,1976,,CA
53,1977,,CA
53,1978,,CA
53,1979,,CA
53,1980,,CA
53,1981,,CA
53,1982,,CA
53,1983,,CA
53,1984,,CA
53,1985,,CA
52,1981,,CA
52,1982,,CA
52,1983,,CA
52,1984,,CA
52,1985,,CA
0,1960,,CA
0,1961,,CA
0,1962,,CA
0,1963,,CA
0,1964,,CA
0,1965,,CA
0,1966,,CA
0,1967,,CA
0,1968,,CA
0,1969,,CA
0,1970,,CA
0,1971,,CA
0,1972,,CA
0,1973,,CA
0,1974,,CA
0,1975,,CA
0,1976,,CA
0,1977,,CA
0,1978,,CA
0,1979,,CA
0,1983,,CA
0,1984,,CA
0,1985,,CA
0,1986,,CA
0,1987,,CA
0,1988,,CA
0,1989,,CA
0,1990,,CA
0,1991,,CA
0,1992,,CA
0,1993,,CA
0,1994,,CA
0,1995,,CA
0,1996,,CA
0,1997,,CA
0,1998,,CA
0,1999,,CA
0,2000,,CA
0,2001,0.25,CA
0,2002,0.25,CA
0,2003,0.25,CA
0,2004,0.25,CA
0,2005,0.25,CA
0,2006,,CA
0,2007,,CA
0,2008,,CA
0,2009,,CA
0,2010,,CA
0,2011,,CA
0,2012,,CA
0,2013,,CA
0,2014,0.25,CA
0,2015,,CA
0,2016,,CA
0,2017,0.25,CA
0,2018,0.25,CA
0,2019,0.25,CA
0,2020,0.25,CA
0,2021,,CA
0,2022,,CA
0,2023,0.25,CA
0,2024,0.25,CA
0,2025,,CA
1402,1965,,CA
1402,1966,,CA
1402,1967,,CA
1402,1968,,CA
1402,1969,,CA
1402,1970,,CA
1402,1971,,CA
1402,1972,,CA
1402,1973,,CA
1402,1974,,CA
1402,1975,,CA
30,1978,,CA
30,1979,,CA
30,1980,,CA
30,1981,,CA
30,1982,,CA
30,1983,,CA
30,1984,,CA
30,1985,,CA
30,1989,,CA
30,1990,,CA
46,1976,,CA
46,1977,,CA
46,1978,,CA
46,1979,,CA
46,1980,,CA
46,1981,,CA
46,1982,,CA
46,1983,,CA
46,1984,,CA
46,1985,,CA
10496,2015,0.27,CA
10496,2016,0.24,CA
10496,2017,0.23,CA
10496,2018,0.37,CA
3801,2006,0.2,CH
3801,2007,0.2,CH
3801,2008,0.2,CH
3801,2009,0.2,CH
3801,2010,0.2,CH
3801,2011,0.2,CH
3801,2012,0.2,CH
3801,2013,0.2,CH
3801,2014,0.2,CH
3801,2015,0.1,CH
3801,2016,0.1,CH
3801,2017,,CH
3801,2018,,CH
3801,2019,,CH
3801,2020,,CH
3801,2021,,CH
3801,2022,,CH
3801,2023,0.2,CH
3801,2024,0.2,CH
1674,1955,,CH
1674,1956,,CH
1674,1957,,CH
1674,1958,,CH
1674,1959,,CH
1674,1960,,CH
394,1956,,CH
394,1957,,CH
394,1958,,CH
394,1959,,CH
394,1960,,CH
394,1961,,CH
394,1962,,CH
394,1963,,CH
394,1964,,CH
394,1965,,CH
394,1966,,CH
394,1967,,CH
394,1968,,CH
394,1969,,CH
394,1970,,CH
394,1971,,CH
394,1972,,CH
394,1973,,CH
394,1974,,CH
394,1975,,CH
394,1976,,CH
394,1977,,CH
394,1978,,CH
394,1979,,CH
394,1980,,CH
394,1981,,CH
394,1982,,CH
394,1983,,CH
394,1984,,CH
394,1985,,CH
394,1986,,CH
394,1987,,CH
394,1988,,CH
394,1989,,CH
394,1990,,CH
394,1991,,CH
394,1992,,CH
394,1993,,CH
394,1994,,CH
394,1995,,CH
394,1996,,CH
394,1997,,CH
394,1998,,CH
394,1999,,CH
394,2000,,CH
394,2001,,CH
394,2002,,CH
394,2003,,CH
394,2004,,CH
394,2005,,CH
394,2006,,CH
394,2007,,CH
394,2008,,CH
394,2009,,CH
394,2010,,CH
394,2011,,CH
394,2012,,CH
394,2013,,CH
394,2014,,CH
394,2015,0.1,CH
394,2016,,CH
394,2017,,CH
394,2018,,CH
394,2019,,CH
394,2020,,CH
394,2021,,CH
394,2022,,CH
394,2023,0.2,CH
394,2024,0.2,CH
394,2025,0.2,CH
5466,2025,0.2,CH
463,1992,,CH
463,1993,,CH
463,1994,,CH
463,1995,,CH
463,1996,,CH
463,1997,,CH
463,1998,,CH
463,1999,,CH
463,2000,,CH
463,2001,,CH
463,2002,,CH
463,2003,,CH
463,2004,,CH
463,2005,,CH
463,2006,,CH
463,2007,,CH
463,2008,,CH
463,2009,,CH
463,2010,,CH
463,2011,,CH
463,2012,,CH
463,2013,,CH
463,2014,,CH
463,2015,,CH
463,2016,,CH
463,2017,,CH
463,2018,,CH
463,2019,,CH
463,2020,,CH
463,2021,,CH
463,2022,,CH
463,2023,0.2,CH
463,2024,0.2,CH
463,2025,0.2,CH
216955,2025,0.2,CH
2660,1915,,CH
2660,1916,,CH
2660,1917,,CH
2660,1918,,CH
2660,1919,,CH
2660,1920,,CH
2660,1921,,CH
2660,1922,,CH
2660,1923,,CH
2660,1924,,CH
2660,1925,,CH
2660,1926,,CH
2660,1927,,CH
2660,1928,,CH
2660,1929,,CH
2660,1930,,CH
2660,1931,,CH
2660,1932,,CH
2660,1933,,CH
2660,1934,,CH
2660,1935,,CH
2660,1936,,CH
2660,1937,,CH
2660,1938,,CH
2660,1939,,CH
2660,1940,,CH
2660,1941,,CH
2660,1942,,CH
2660,1943,,CH
2660,1944,,CH
2660,1945,,CH
2660,1946,,CH
2660,1947,,CH
2660,1948,,CH
2660,1949,,CH
2660,1950,,CH
2660,1951,,CH
2660,1952,,CH
2660,1953,,CH
2660,1954,,CH
2660,1955,,CH
2660,1956,,CH
2660,1957,,CH
2660,1958,,CH
2660,1959,,CH
2660,1960,,CH
2660,1961,,CH
2660,1962,,CH
2660,1963,,CH
2660,1964,,CH
2660,1965,,CH
2660,1966,,CH
2660,1967,,CH
2660,1968,,CH
2660,1969,,CH
2660,1970,,CH
2660,1971,,CH
2660,1972,,CH
2660,1973,,CH
2660,1974,,CH
2660,1975,,CH
2660,1976,,CH
2660,1977,,CH
2660,1978,,CH
2660,1979,,CH
2660,1980,,CH
2660,1981,,CH
2660,1982,,CH
2660,1983,,CH
2660,1984,,CH
2660,1985,,CH
2660,1986,,CH
2660,1987,,CH
2660,1988,,CH
2660,1989,,CH
2660,1990,,CH
2660,1991,,CH
2660,1992,,CH
2660,1993,,CH
2660,1994,,CH
2660,1995,,CH
2660,1996,,CH
2660,1997,,CH
2660,1998,,CH
2660,1999,,CH
2660,2000,,CH
2660,2001,,CH
2660,2002,,CH
2660,2003,,CH
2660,2004,,CH
2660,2005,,CH
2660,2006,,CH
2660,2007,,CH
2660,2008,,CH
2660,2009,,CH
2660,2010,,CH
2660,2011,,CH
2660,2012,,CH
2660,2013,,CH
2660,2014,,CH
2660,2015,0.2,CH
2660,2016,,CH
2660,2017,,CH
2660,2018,,CH
2660,2019,,CH
2660,2020,,CH
2660,2021,,CH
2660,2022,,CH
2660,2023,0.2,CH
2660,2024,0.2,CH
2660,2025,0.2,CH
366,1997,,CH
366,1998,,CH
366,1999,,CH
366,2000,,CH
366,2001,,CH
366,2002,,CH
366,2003,,CH
366,2004,,CH
366,2005,,CH
366,2006,,CH
366,2007,,CH
366,2008,,CH
366,2009,,CH
366,2010,,CH
366,2011,,CH
366,2012,,CH
366,2013,,CH
366,2014,,CH
366,2015,0.2,CH
366,2016,,CH
366,2017,,CH
366,2018,,CH
366,2019,,CH
366,2020,,CH
366,2021,,CH
366,2022,,CH
366,2023,0.2,CH
366,2024,0.2,CH
366,2025,0.2,CH
4535,2014,0.03,CH
4535,2015,0.2,CH
4535,2016,0.2,CH
4535,2017,,CH
4535,2018,,CH
4535,2019,,CH
4535,2020,,CH
4535,2021,,CH
4535,2022,,CH
4535,2025,0.2,CH
389,2005,0.2,CH
389,2006,0.2,CH
389,2007,0.2,CH
389,2008,0.2,CH
389,2009,0.2,CH
389,2010,0.2,CH
389,2011,0.2,CH
389,2012,0.2,CH
389,2013,0.2,CH
389,2014,0.2,CH
389,2015,0.2,CH
389,2016,0.2,CH
389,2017,,CH
389,2018,,CH
389,2019,,CH
389,2020,,CH
389,2021,,CH
389,2022,,CH
389,2023,0.2,CH
389,2024,0.2,CH
389,2025,0.2,CH
396,1955,,CH
396,1956,,CH
396,1957,,CH
396,1958,,CH
396,1959,,CH
396,1960,,CH
367,1967,,CH
367,1968,,CH
367,1969,,CH
367,1970,,CH
367,1971,,CH
367,1972,,CH
367,1973,,CH
367,1974,,CH
367,1975,,CH
367,1976,,CH
367,1977,,CH
367,1978,,CH
367,1979,,CH
367,1980,,CH
367,1981,,CH
367,1982,,CH
367,1983,,CH
367,1984,,CH
367,1985,,CH
367,1986,,CH
367,1987,,CH
367,1988,,CH
367,1989,,CH
367,1990,,CH
367,1991,,CH
367,1992,,CH
367,1993,,CH
367,1994,,CH
367,1995,,CH
367,1996,,CH
367,1997,,CH
367,1998,,CH
367,1999,,CH
367,2000,,CH
367,2001,,CH
367,2002,,CH
367,2003,,CH
367,2004,,CH
367,2005,,CH
367,2006,,CH
367,2007,,CH
367,2008,,CH
367,2009,,CH
367,2010,,CH
367,2011,,CH
367,2012,,CH
367,2013,,CH
367,2014,,CH
367,2015,0.2,CH
367,2016,,CH
367,2017,,CH
367,2018,,CH
367,2019,,CH
367,2020,,CH
367,2021,,CH
367,2022,,CH
367,2023,0.2,CH
367,2024,0.2,CH
367,2025,0.2,CH
359,1962,,CH
359,1963,,CH
359,1964,,CH
359,1965,,CH
359,1966,,CH
359,1967,,CH
359,1968,,CH
359,1969,,CH
359,1970,,CH
359,1971,,CH
359,1972,,CH
359,1973,,CH
359,1974,,CH
359,1975,,CH
359,1976,,CH
359,1977,,CH
359,1978,,CH
359,1979,,CH
359,1980,,CH
359,1981,,CH
359,1982,,CH
359,1983,,CH
359,1984,,CH
359,1985,,CH
359,1986,,CH
359,1987,,CH
359,1988,,CH
359,1989,,CH
359,1990,,CH
359,1991,,CH
359,1992,,CH
359,1993,,CH
359,1994,,CH
359,1995,,CH
359,1996,,CH
359,1997,,CH
359,1998,,CH
359,1999,,CH
359,2000,,CH
359,2001,,CH
359,2002,,CH
359,2003,,CH
359,2004,,CH
359,2005,,CH
359,2006,,CH
359,2007,,CH
359,2008,,CH
359,2009,,CH
359,2010,,CH
359,2011,,CH
359,2012,,CH
359,2013,,CH
359,2014,,CH
359,2015,,CH
359,2016,,CH
359,2017,,CH
359,2018,,CH
359,2019,,CH
359,2020,,CH
359,2021,,CH
359,2022,,CH
359,2023,0.2,CH
359,2024,0.2,CH
359,2025,0.2,CH
360,1940,,CH
360,1941,,CH
360,1942,,CH
360,1943,,CH
360,1944,,CH
360,1945,,CH
360,1946,,CH
360,1947,,CH
360,1948,,CH
360,1949,,CH
360,1950,,CH
360,1951,,CH
360,1952,,CH
360,1953,,CH
360,1954,,CH
360,1955,,CH
360,1956,,CH
360,1957,,CH
360,1958,,CH
360,1959,,CH
360,1960,,CH
360,1961,,CH
360,1962,,CH
360,1963,,CH
360,1964,,CH
360,1965,,CH
360,1966,,CH
360,1967,,CH
360,1968,,CH
360,1969,,CH
360,1970,,CH
360,1971,,CH
360,1972,,CH
360,1973,,CH
360,1974,,CH
360,1975,,CH
360,1976,,CH
360,1977,,CH
360,1978,,CH
360,1979,,CH
360,1980,,CH
360,1981,,CH
360,1982,,CH
360,1983,,CH
360,1984,,CH
360,1985,,CH
360,1986,,CH
360,1987,,CH
360,1988,,CH
360,1989,,CH
360,1990,,CH
360,1991,,CH
360,1992,,CH
360,1993,,CH
360,1994,,CH
360,1995,,CH
360,1996,,CH
360,1997,,CH
360,1998,,CH
360,1999,,CH
360,2020,,CH
360,2021,,CH
360,2022,,CH
360,2023,0.2,CH
360,2024,0.2,CH
360,2025,0.2,CH
3332,1956,,CH
3332,1957,,CH
3332,1958,,CH
3332,1959,,CH
3332,1960,,CH
3332,1961,,CH
3332,1962,,CH
3332,1963,,CH
3332,1964,,CH
3332,1965,,CH
3332,1966,,CH
3332,1967,,CH
3332,1968,,CH
3332,1969,,CH
3332,1970,,CH
3332,1971,,CH
3332,1972,,CH
3332,1973,,CH
3332,1974,,CH
3332,1975,,CH
3332,1976,,CH
3332,1977,,CH
3332,1978,,CH
3332,1979,,CH
3332,1980,,CH
3332,1981,,CH
3332,1982,,CH
3332,1983,,CH
3332,1984,,CH
3332,1985,,CH
3332,1986,,CH
3332,1987,,CH
3332,1988,,CH
3332,1989,,CH
3332,1990,,CH
3332,1991,,CH
3332,1992,,CH
3332,1993,,CH
3332,1994,,CH
3332,1995,,CH
3332,1996,,CH
3332,1997,,CH
3332,1998,,CH
3332,1999,,CH
3332,2000,,CH
3332,2001,,CH
3332,2002,,CH
3332,2003,,CH
3332,2004,,CH
3332,2005,,CH
3332,2006,,CH
3332,2007,,CH
3332,2008,,CH
3332,2009,,CH
3332,2010,,CH
3332,2011,,CH
3332,2012,,CH
3332,2013,,CH
3332,2014,,CH
3332,2015,0.2,CH
3332,2016,,CH
3332,2017,,CH
3332,2018,,CH
3332,2019,,CH
3332,2020,,CH
3332,2021,,CH
3332,2022,,CH
3332,2023,0.2,CH
3332,2024,0.2,CH
3332,2025,0.2,CH
216954,2025,0.2,CH
5495,1971,,CH
5495,1972,,CH
5495,1973,,CH
5495,1974,,CH
5495,1975,,CH
5495,1976,,CH
5495,1977,,CH
393,1956,,CH
393,1957,,CH
393,1958,,CH
393,1959,,CH
393,1960,,CH
393,1961,,CH
393,1962,,CH
393,1963,,CH
393,1964,,CH
393,1965,,CH
393,1966,,CH
393,1967,,CH
393,1968,,CH
393,1969,,CH
393,1970,,CH
393,1971,,CH
393,1972,,CH
393,1973,,CH
393,1974,,CH
393,1975,,CH
393,1976,,CH
393,1977,,CH
393,1978,,CH
393,1979,,CH
393,1980,,CH
393,1981,,CH
393,1982,,CH
393,1983,,CH
393,1984,,CH
393,1985,,CH
393,1986,,CH
393,1987,,CH
393,1988,,CH
393,1989,,CH
393,1990,,CH
393,1991,,CH
393,1992,,CH
393,1993,,CH
393,1994,,CH
393,1995,,CH
421,1948,,CH
421,1949,,CH
421,1950,,CH
421,1951,,CH
421,1952,,CH
421,1953,,CH
421,1954,,CH
421,1955,,CH
421,1956,,CH
421,1957,,CH
421,1958,,CH
421,1959,,CH
421,1960,,CH
421,1961,,CH
421,1962,,CH
421,1963,,CH
421,1964,,CH
421,1965,,CH
421,1966,,CH
421,1967,,CH
421,1968,,CH
421,1969,,CH
421,1970,,CH
421,1971,,CH
421,1972,,CH
421,1973,,CH
421,1974,,CH
421,1975,,CH
421,1976,,CH
421,1977,,CH
421,1978,,CH
421,1979,,CH
421,1980,,CH
421,1981,,CH
421,1982,,CH
421,1983,,CH
421,1984,,CH
421,1985,,CH
1673,2002,,CH
1673,2003,,CH
1673,2004,,CH
1673,2005,,CH
1673,2006,,CH
1673,2007,,CH
1673,2008,,CH
1673,2009,,CH
1673,2010,,CH
1673,2011,,CH
1673,2012,,CH
1673,2013,,CH
1673,2014,,CH
1673,2015,,CH
1673,2016,,CH
4339,2013,0.03,CH
4339,2014,0.03,CH
4339,2015,0.2,CH
4339,2016,0.2,CH
4339,2017,,CH
4339,2018,,CH
4339,2019,,CH
4339,2020,,CH
4339,2021,,CH
4339,2022,,CH
4339,2023,0.2,CH
4339,2024,0.2,CH
4339,2025,0.2,CH
451,2003,,CH
451,2014,,CH
451,2015,,CH
451,2016,,CH
451,2017,,CH
451,2018,,CH
451,2021,0.1,CH
451,2022,0.1,CH
451,2023,0.2,CH
451,2024,0.2,CH
451,2025,0.2,CH
5675,2023,0.2,CH
5675,2024,0.2,CH
5675,2025,0.2,CH
370,2020,,CH
370,2021,,CH
370,2022,,CH
370,2023,0.2,CH
370,2024,0.2,CH
370,2025,0.2,CH
10472,2002,,CH
10472,2003,,CH
10472,2004,,CH
10472,2005,,CH
10472,2006,,CH
10472,2007,,CH
10472,2008,,CH
10472,2009,,CH
10472,2010,,CH
10472,2011,,CH
10472,2012,,CH
10472,2013,,CH
10472,2014,,CH
10472,2015,,CH
10472,2016,,CH
10472,2020,,CH
10472,2021,,CH
10472,2022,,CH
10472,2023,0.2,CH
10472,2024,0.2,CH
10472,2025,0.2,CH
417,2007,0.15,CH
417,2008,0.15,CH
417,2009,0.15,CH
417,2010,0.15,CH
417,2011,0.15,CH
417,2012,0.15,CH
417,2013,0.15,CH
417,2014,0.15,CH
417,2015,0.2,CH
417,2016,0.2,CH
417,2017,,CH
417,2018,,CH
417,2019,,CH
417,2020,,CH
417,2021,,CH
4630,2010,0.15,CH
4630,2011,0.2,CH
4630,2012,0.2,CH
4630,2013,0.2,CH
4630,2014,0.2,CH
4630,2015,0.2,CH
4630,2016,0.2,CH
4630,2017,,CH
4630,2018,,CH
4630,2019,,CH
4630,2020,,CH
4630,2021,,CH
4630,2022,,CH
4630,2023,0.2,CH
4630,2024,0.2,CH
4630,2025,0.2,CH
5698,2025,0.2,CH
420,1948,,CH
420,1949,,CH
420,1950,,CH
420,1951,,CH
420,1952,,CH
420,1953,,CH
420,1954,,CH
420,1955,,CH
420,1956,,CH
420,1957,,CH
420,1958,,CH
420,1959,,CH
420,1960,,CH
420,1961,,CH
420,1962,,CH
420,1963,,CH
420,1964,,CH
420,1965,,CH
420,1966,,CH
420,1967,,CH
420,1968,,CH
420,1969,,CH
420,1970,,CH
420,1971,,CH
420,1972,,CH
420,1973,,CH
420,1974,,CH
420,1975,,CH
420,1976,,CH
420,1977,,CH
420,1978,,CH
420,1979,,CH
420,1980,,CH
420,1981,,CH
420,1982,,CH
420,1983,,CH
420,1984,,CH
420,1985,,CH
420,1986,,CH
420,1987,,CH
420,1988,,CH
420,1989,,CH
4723,2025,0.2,CH
473,1885,,CH
473,1886,,CH
473,1887,,CH
473,1888,,CH
473,1889,,CH
473,1890,,CH
473,1891,,CH
473,1892,,CH
473,1893,,CH
473,1894,,CH
473,1895,,CH
473,1896,,CH
473,1897,,CH
473,1898,,CH
473,1899,,CH
473,1900,,CH
473,1901,,CH
473,1902,,CH
473,1903,,CH
473,1904,,CH
473,1905,,CH
473,1906,,CH
473,1907,,CH
473,1908,,CH
473,1909,,CH
473,1980,,CH
473,1981,,CH
473,1982,,CH
473,1983,,CH
473,2007,,CH
473,2008,,CH
473,2009,,CH
473,2010,,CH
473,2011,,CH
473,2012,,CH
473,2013,,CH
473,2014,,CH
473,2015,,CH
473,2016,,CH
473,2017,,CH
473,2018,,CH
473,2019,,CH
473,2020,,CH
473,2021,,CH
473,2022,,CH
473,2023,0.2,CH
473,2024,0.2,CH
473,2025,0.2,CH
432,2012,0.25,CH
432,2013,0.04,CH
432,2014,0.04,CH
432,2015,0.2,CH
432,2016,0.2,CH
432,2017,,CH
432,2018,,CH
432,2019,,CH
432,2020,,CH
432,2021,,CH
432,2022,,CH
432,2023,0.2,CH
4340,2013,0.03,CH
4340,2014,0.03,CH
4340,2015,0.2,CH
4340,2016,0.2,CH
4340,2017,,CH
4340,2018,,CH
4340,2019,,CH
4340,2020,,CH
4340,2021,,CH
395,1956,,CH
395,1957,,CH
395,1958,,CH
395,1959,,CH
395,1960,,CH
395,1961,,CH
395,1962,,CH
395,1963,,CH
395,1964,,CH
395,1965,,CH
395,1966,,CH
395,1967,,CH
395,1968,,CH
395,1969,,CH
395,1970,,CH
395,1971,,CH
395,1972,,CH
395,1973,,CH
395,1974,,CH
395,1975,,CH
395,1976,,CH
395,1977,,CH
395,1978,,CH
395,1979,,CH
395,1980,,CH
395,1981,,CH
395,1982,,CH
395,1983,,CH
395,1984,,CH
395,1985,,CH
395,1986,,CH
395,1987,,CH
395,1988,,CH
395,1989,,CH
395,1990,,CH
395,1991,,CH
395,1992,,CH
395,1993,,CH
395,1994,,CH
395,1995,,CH
395,1996,,CH
395,1997,,CH
395,1998,,CH
395,1999,,CH
395,2000,,CH
395,2001,,CH
395,2002,,CH
395,2003,,CH
395,2004,,CH
395,2005,,CH
395,2006,,CH
395,2007,,CH
395,2008,,CH
395,2009,,CH
395,2010,,CH
395,2011,,CH
395,2012,,CH
395,2013,,CH
395,2014,,CH
395,2015,0.2,CH
395,2016,,CH
395,2017,,CH
395,2018,,CH
395,2019,,CH
395,2020,,CH
395,2021,,CH
395,2022,,CH
395,2023,0.2,CH
395,2024,0.2,CH
395,2025,0.2,CH
454,2012,0.25,CH
454,2013,0.04,CH
454,2014,0.04,CH
454,2015,0.2,CH
454,2016,0.2,CH
454,2017,,CH
454,2018,,CH
454,2019,,CH
454,2020,,CH
454,2021,,CH
454,2022,,CH
454,2023,0.2,CH
454,2024,0.2,CH
454,2025,0.2,CH
408,1919,,CH
408,1920,,CH
408,1921,,CH
408,1922,,CH
408,1923,,CH
408,1924,,CH
408,1925,,CH
408,1926,,CH
408,1927,,CH
408,1928,,CH
408,1929,,CH
408,1930,,CH
408,1931,,CH
408,1932,,CH
408,1933,,CH
408,1934,,CH
408,1935,,CH
408,1936,,CH
408,1937,,CH
408,1938,,CH
408,1939,,CH
408,1940,,CH
408,1941,,CH
408,1942,,CH
408,1943,,CH
408,1944,,CH
408,1945,,CH
408,1946,,CH
408,1947,,CH
408,1948,,CH
408,1949,,CH
408,1950,,CH
408,1951,,CH
408,1952,,CH
408,1953,,CH
408,1954,,CH
408,1955,,CH
408,1956,,CH
408,1957,,CH
408,1958,,CH
408,1959,,CH
408,1960,,CH
408,1961,,CH
408,1962,,CH
408,1963,,CH
408,1964,,CH
408,1965,,CH
408,1966,,CH
408,1967,,CH
408,1968,,CH
408,1969,,CH
408,1970,,CH
408,1971,,CH
408,1972,,CH
408,1973,,CH
408,1974,,CH
408,1975,,CH
408,1976,,CH
408,1977,,CH
408,1978,,CH
408,1979,,CH
408,1980,,CH
408,1981,,CH
408,1982,,CH
408,1983,,CH
408,1984,,CH
408,1985,,CH
408,1986,,CH
408,1987,,CH
408,1988,,CH
408,1989,,CH
408,1990,,CH
408,1991,,CH
408,1992,,CH
408,1993,,CH
408,1994,,CH
408,1995,,CH
408,1996,,CH
408,1997,,CH
408,1998,,CH
408,1999,,CH
408,2000,,CH
408,2001,,CH
408,2002,,CH
408,2003,,CH
408,2004,,CH
408,2005,,CH
408,2006,,CH
408,2007,,CH
408,2008,,CH
408,2009,,CH
408,2010,,CH
408,2011,,CH
408,2012,,CH
408,2013,,CH
408,2014,,CH
408,2015,,CH
408,2016,,CH
408,2017,,CH
408,2018,,CH
408,2019,,CH
408,2020,,CH
408,2021,,CH
408,2022,,CH
408,2023,0.2,CH
408,2024,0.2,CH
408,2025,0.2,CH
411,2010,,CH
411,2011,,CH
372,2022,,CH
372,2023,0.2,CH
372,2024,0.2,CH
372,2025,0.2,CH
371,2010,0.15,CH
371,2011,0.25,CH
371,2012,0.25,CH
371,2013,0.25,CH
371,2014,0.25,CH
371,2015,0.2,CH
371,2016,0.2,CH
371,2017,,CH
371,2018,,CH
371,2019,,CH
371,2020,,CH
371,2021,,CH
371,2022,,CH
371,2023,0.2,CH
371,2024,0.2,CH
371,2025,0.2,CH
3905,2008,,CL
3905,2009,,CL
3905,2010,,CL
3905,2011,,CL
3905,2012,,CL
3905,2013,,CL
3905,2014,,CL
3905,2015,0.045,CL
3905,2016,,CL
3905,2017,,CL
3905,2018,,CL
3905,2019,,CL
3905,2020,,CL
3905,2021,,CL
3905,2022,,CL
3905,2023,,CL
33546,2025,,CL
1344,1976,,CL
1344,1977,,CL
1344,1978,,CL
1344,1979,,CL
1344,1980,,CL
1344,1981,,CL
1344,1982,,CL
1344,1983,,CL
1344,1984,,CL
1344,1985,,CL
1344,1986,,CL
1344,1987,,CL
1344,1988,,CL
1344,1989,,CL
1344,1990,,CL
1344,1991,,CL
1344,1992,,CL
1344,1993,,CL
1344,1994,,CL
1344,1995,,CL
1344,1996,,CL
1344,1997,,CL
1344,1998,,CL
1344,1999,,CL
1344,2000,,CL
1344,2001,,CL
1344,2002,,CL
1344,2003,,CL
1344,2004,,CL
1344,2005,,CL
1344,2006,,CL
1344,2007,,CL
1344,2008,,CL
1344,2009,,CL
1344,2010,,CL
1344,2011,,CL
1344,2012,,CL
1344,2013,,CL
1344,2014,,CL
1344,2015,,CL
1344,2016,,CL
1344,2017,,CL
1344,2018,,CL
1344,2019,,CL
1344,2020,,CL
1344,2021,,CL
1344,2022,,CL
1344,2023,,CL
1344,2024,0.46,CL
1344,2025,0.46,CL
1344,2026,,CL
3982,2004,,CL
3982,2005,,CL
3982,2006,,CL
3982,2007,,CL
3982,2008,,CL
3982,2009,,CL
3983,2004,,CL
3983,2005,,CL
3983,2006,,CL
3983,2007,,CL
3983,2008,,CL
3983,2009,,CL
3983,2010,,CL
3983,2011,,CL
3983,2012,,CL
3983,2013,,CL
3983,2014,,CL
3983,2015,,CL
3983,2018,,CL
3983,2019,,CL
3983,2020,,CL
3983,2021,,CL
3983,2022,,CL
3983,2023,,CL
2001,2023,,CL
2001,2025,,CL
3972,2004,0.18,CL
3972,2005,0.07,CL
3972,2009,,CL
3972,2010,0.1,CL
3972,2011,0.11,CL
3972,2012,0.14,CL
3972,2013,0.11,CL
3972,2016,0.188,CL
3972,2017,0.131,CL
3972,2018,0.15,CL
3972,2019,0.1,CL
3972,2020,0.372,CL
3972,2021,0.308,CL
3972,2022,0.24,CL
3972,2023,0.3,CL
3972,2024,,CL
3972,2025,0.05,CL
4381,2023,,CL
4381,2024,,CL
3980,2004,,CL
3980,2005,,CL
3980,2006,,CL
3980,2007,,CL
3980,2008,,CL
3980,2009,,CL
3981,2004,,CL
3981,2005,,CL
3981,2006,,CL
3981,2007,,CL
3981,2008,,CL
3981,2009,,CL
2009,2025,,CL
3989,2008,,CN
3956,1987,,CN
3978,2006,,CN
3978,2007,,CN
3978,2008,,CN
3978,2009,,CN
3978,2010,,CN
849,1989,,CN
849,1990,,CN
849,1991,,CN
849,1992,,CN
849,1993,,CN
3694,1992,,CN
3694,1993,,CN
3694,2009,,CN
3694,2010,,CN
3995,2004,,CN
3995,2005,,CN
855,1976,,CN
3955,1989,,CN
3955,1990,,CN
3955,1991,,CN
3955,1992,,CN
3955,1993,,CN
3955,1994,,CN
3955,1995,,CN
3955,1997,,CN
3955,1998,,CN
3955,1999,,CN
3955,2000,,CN
3955,2001,,CN
3992,2001,,CN
3992,2002,,CN
3992,2006,,CN
3992,2007,,CN
3992,2008,,CN
3992,2009,,CN
3992,2010,,CN
3992,2011,,CN
3992,2012,,CN
3992,2013,,CN
3992,2014,,CN
3991,2006,,CN
3991,2007,,CN
3991,2008,,CN
3991,2009,,CN
3991,2010,,CN
3991,2011,,CN
3991,2012,,CN
3991,2013,,CN
3991,2014,,CN
3991,2015,,CN
3991,2016,,CN
3991,2017,,CN
3991,2018,,CN
10407,2011,,CN
10407,2012,,CN
10407,2013,,CN
10407,2014,,CN
10407,2015,,CN
6846,2007,,CN
6846,2008,,CN
6846,2009,,CN
6846,2010,,CN
3987,2006,,CN
3987,2007,0.01,CN
3987,2008,0.01,CN
3987,2009,0.01,CN
3987,2010,0.01,CN
3987,2011,0.01,CN
3987,2012,0.01,CN
3987,2013,0.01,CN
3987,2014,0.01,CN
3987,2015,0.01,CN
3987,2016,0.01,CN
3987,2017,0.01,CN
3987,2018,0.01,CN
3987,2019,0.01,CN
3987,2020,0.01,CN
3987,2021,0.01,CN
3987,2022,0.01,CN
3987,2023,0.01,CN
3987,2024,,CN
3987,2025,,CN
3984,2006,,CN
3984,2007,,CN
3985,2006,,CN
3985,2007,,CN
3985,2008,,CN
3985,2009,,CN
3986,2006,,CN
3986,2007,,CN
3986,2008,,CN
3986,2009,,CN
3986,2010,,CN
856,1975,,CN
856,1976,,CN
856,1977,,CN
856,1984,,CN
856,1985,,CN
856,1986,,CN
856,1987,,CN
856,1988,,CN
856,2002,,CN
856,2003,,CN
856,2006,,CN
856,2007,,CN
856,2008,,CN
856,2009,,CN
856,2010,,CN
857,1963,,CN
857,1976,,CN
857,1977,,CN
853,1959,,CN
853,1960,,CN
853,1961,,CN
853,1962,,CN
853,1963,,CN
853,1964,,CN
853,1965,,CN
853,1966,,CN
853,1967,,CN
853,1968,,CN
853,1969,,CN
853,1970,,CN
853,1971,,CN
853,1972,,CN
853,1973,,CN
853,1974,,CN
853,1975,,CN
853,1976,,CN
853,1977,,CN
853,1978,,CN
853,1979,,CN
853,1980,,CN
853,1981,,CN
853,1982,,CN
853,1983,,CN
853,1984,,CN
853,1985,,CN
853,1986,,CN
853,1987,,CN
853,1988,,CN
853,1989,,CN
853,1990,,CN
853,1991,,CN
853,1992,,CN
853,1993,,CN
853,1994,,CN
853,1995,,CN
853,1996,,CN
853,1997,,CN
853,1998,,CN
853,1999,,CN
853,2000,,CN
853,2001,,CN
853,2002,,CN
853,2003,,CN
853,2004,,CN
853,2005,,CN
853,2006,0.1,CN
853,2007,0.1,CN
853,2008,0.05,CN
853,2009,0.02,CN
853,2010,0.02,CN
853,2011,0.02,CN
853,2012,0.02,CN
853,2013,0.02,CN
853,2014,0.02,CN
853,2015,0.03,CN
853,2016,0.03,CN
853,2017,0.03,CN
853,2018,0.03,CN
853,2019,0.03,CN
853,2020,0.02,CN
853,2021,0.02,CN
853,2022,0.02,CN
853,2023,0.01,CN
853,2024,0.01,CN
853,2025,0.01,CN
1511,1980,,CN
1511,1981,,CN
1511,1982,,CN
1511,1983,,CN
1511,1984,,CN
1511,1985,,CN
1511,1986,,CN
1511,1987,,CN
1511,1988,,CN
1511,1989,,CN
1511,1990,,CN
1511,1991,,CN
1511,1992,,CN
1511,1993,,CN
1511,1994,,CN
1511,1995,,CN
1511,1996,,CN
1511,1997,,CN
1511,1998,,CN
1511,1999,,CN
1511,2000,,CN
1511,2001,,CN
1511,2002,,CN
1511,2003,,CN
1511,2004,,CN
1511,2005,,CN
1511,2006,0.2,CN
1511,2007,0.1,CN
1511,2008,0.05,CN
1511,2009,0.02,CN
1511,2010,0.02,CN
1511,2011,0.02,CN
1511,2012,0.02,CN
1511,2013,0.02,CN
1511,2014,0.02,CN
1511,2015,0.03,CN
1511,2016,0.03,CN
1511,2017,0.03,CN
1511,2018,0.03,CN
1511,2019,0.03,CN
1511,2020,0.02,CN
1511,2021,0.02,CN
1511,2022,0.02,CN
1511,2023,0.01,CN
1511,2024,0.01,CN
1511,2025,0.01,CN
1512,1980,,CN
1512,1981,,CN
1512,1982,,CN
1512,1983,,CN
1512,1984,,CN
1512,1985,,CN
1512,1986,,CN
1512,1987,,CN
1512,1988,,CN
1512,1989,,CN
1512,1990,,CN
1512,1991,,CN
1512,1992,,CN
1512,1993,,CN
1512,1994,,CN
1512,1995,,CN
1512,1996,,CN
1512,1997,,CN
1512,1998,,CN
1512,1999,,CN
1512,2000,,CN
1512,2001,,CN
1512,2002,,CN
1512,2003,,CN
1512,2004,,CN
1512,2005,,CN
1512,2006,0.1,CN
1512,2007,0.1,CN
1512,2008,0.05,CN
1512,2009,0.02,CN
1512,2010,0.02,CN
1512,2011,0.02,CN
1512,2012,0.02,CN
1512,2013,0.02,CN
1512,2014,0.02,CN
1512,2015,0.04,CN
1512,2016,0.04,CN
1512,2017,0.04,CN
1512,2018,0.04,CN
1512,2019,0.04,CN
1512,2020,0.02,CN
1512,2021,0.02,CN
1512,2022,0.02,CN
1512,2023,0.01,CN
1512,2024,0.01,CN
1512,2025,0.01,CN
1510,1989,,CN
1510,1990,,CN
1510,1991,,CN
1510,1992,,CN
1510,1993,,CN
1510,1994,,CN
1510,1995,,CN
1510,1996,,CN
1510,1997,,CN
1510,1998,,CN
1510,1999,,CN
1510,2000,,CN
1510,2001,,CN
1510,2002,,CN
1510,2003,,CN
1510,2004,,CN
1510,2005,,CN
1510,2006,,CN
1510,2007,,CN
1510,2008,,CN
1510,2009,,CN
1510,2010,,CN
837,1977,,CN
837,1978,,CN
837,1979,,CN
3977,2006,,CN
3977,2007,,CN
3977,2008,,CN
3990,2008,,CN
3990,2009,,CN
3990,2010,,CN
2721,2006,,CO
2721,2007,,CO
2721,2008,,CO
2721,2009,,CO
2721,2010,,CO
2721,2011,,CO
2721,2012,,CO
2721,2013,,CO
2721,2014,,CO
2721,2015,,CO
2721,2016,,CO
2721,2017,0.01,CO
2721,2018,,CO
2721,2019,,CO
2721,2020,0.01,CO
2721,2021,0.01,CO
2721,2022,,CO
2721,2023,,CO
2718,2021,,CO
2718,2022,,CO
2718,2023,,CO
2718,2024,,CO
2763,2009,,CO
2763,2010,,CO
2763,2011,,CO
2763,2012,,CO
2763,2013,0.01,CO
2763,2014,0.01,CO
2763,2015,0.01,CO
2763,2016,0.01,CO
2763,2017,0.01,CO
2763,2018,,CO
2763,2019,,CO
2763,2021,,CO
2763,2022,,CO
2763,2023,,CO
2763,2024,,CO
346,1963,,DE
346,1964,,DE
346,1965,,DE
346,1966,,DE
346,1967,,DE
346,1968,,DE
1624,1995,,EC
1624,1996,,EC
1624,1997,,EC
1624,1998,,EC
1624,1999,,EC
1624,2000,0.01,EC
1624,2001,0.01,EC
1624,2002,0.01,EC
1624,2003,0.01,EC
1624,2004,0.01,EC
1624,2005,0.01,EC
1624,2006,0.005,EC
1624,2007,0.005,EC
1624,2008,0.005,EC
1624,2009,0.005,EC
1624,2010,0.005,EC
1624,2011,0.005,EC
1624,2012,,EC
1624,2013,,EC
1624,2014,,EC
1624,2015,,EC
1624,2016,,EC
1624,2017,,EC
1624,2018,,EC
1624,2019,,EC
1624,2020,,EC
1624,2021,,EC
1624,2022,,EC
1624,2023,,EC
1624,2024,,EC
1624,2025,,EC
942,1992,0.01,ES
942,1993,0.01,ES
942,1994,0.01,ES
942,1995,0.01,ES
942,1996,0.01,ES
942,1997,0.01,ES
942,1998,0.01,ES
942,1999,0.01,ES
942,2000,0.01,ES
942,2001,0.01,ES
942,2002,0.01,ES
942,2003,0.01,ES
942,2004,0.01,ES
942,2005,0.01,ES
942,2006,0.01,ES
942,2007,0.01,ES
942,2008,0.01,ES
942,2009,0.01,ES
942,2010,0.01,ES
942,2011,0.01,ES
942,2012,,ES
942,2013,,ES
942,2014,,ES
942,2015,,ES
942,2016,,ES
942,2017,,ES
942,2018,,ES
942,2019,,ES
942,2020,0.01,ES
942,2021,,ES
942,2022,,ES
942,2023,,ES
942,2024,0.001,ES
942,2025,0.001,ES
354,1976,0.2,FR
354,1977,0.2,FR
354,1978,0.2,FR
354,1979,0.2,FR
354,1980,0.2,FR
354,1981,0.2,FR
354,1982,0.2,FR
354,1983,0.2,FR
354,1984,0.2,FR
354,1985,0.2,FR
354,1986,0.2,FR
354,1987,0.2,FR
354,1988,0.2,FR
354,1989,0.2,FR
354,1990,0.2,FR
354,1991,0.2,FR
354,1992,0.2,FR
354,1993,0.2,FR
354,1994,0.2,FR
354,1995,0.2,FR
354,1996,0.2,FR
354,1997,0.2,FR
354,1998,0.2,FR
354,1999,0.2,FR
354,2000,0.2,FR
354,2001,0.2,FR
354,2002,0.2,FR
354,2003,0.2,FR
354,2004,0.2,FR
354,2005,0.2,FR
354,2006,0.2,FR
354,2007,0.2,FR
354,2008,0.2,FR
354,2009,0.2,FR
354,2010,0.2,FR
354,2011,0.2,FR
354,2012,0.2,FR
354,2013,0.2,FR
354,2014,0.2,FR
354,2015,0.2,FR
354,2016,0.2,FR
354,2017,0.2,FR
354,2018,0.2,FR
354,2019,0.2,FR
354,2020,0.15,FR
354,2021,0.15,FR
354,2022,0.15,FR
354,2023,0.15,FR
354,2024,,FR
354,2025,,FR
1313,2010,,FR
1313,2011,,FR
1313,2012,,FR
1313,2013,,FR
351,2023,0.15,FR
351,2024,,FR
351,2025,,FR
352,1995,0.3,FR
352,1996,0.3,FR
352,1997,0.3,FR
352,1998,0.3,FR
352,1999,0.3,FR
352,2000,0.3,FR
352,2001,0.2,FR
352,2002,0.2,FR
352,2003,0.2,FR
352,2004,0.2,FR
352,2005,0.2,FR
352,2006,0.2,FR
352,2007,0.2,FR
352,2008,0.2,FR
352,2009,0.2,FR
352,2010,0.2,FR
352,2011,0.2,FR
352,2012,0.2,FR
352,2013,0.2,FR
352,2014,0.2,FR
352,2015,0.2,FR
352,2016,0.2,FR
352,2017,0.2,FR
352,2018,0.2,FR
352,2019,0.2,FR
352,2020,0.15,FR
352,2021,0.15,FR
352,2022,0.15,FR
352,2023,0.15,FR
352,2024,,FR
352,2025,,FR
3960,1993,,FR
3960,1994,,FR
3960,1995,,FR
3960,1996,,FR
3960,1997,,FR
353,1968,,FR
353,1969,,FR
353,1970,,FR
353,1971,,FR
353,1972,,FR
353,1973,,FR
353,1974,,FR
353,1975,,FR
353,2020,,FR
353,2021,,FR
353,2022,,FR
353,2023,0.15,FR
353,2024,,FR
353,2025,,FR
2867,2002,0.2,FR
2867,2003,0.2,FR
2867,2004,0.2,FR
2867,2005,0.2,FR
2867,2006,0.2,FR
2867,2007,0.2,FR
2867,2008,0.2,FR
2867,2009,0.2,FR
2867,2010,0.2,FR
2867,2011,0.2,FR
2867,2012,0.2,FR
2867,2013,,FR
2867,2014,0.2,FR
2867,2015,0.2,FR
2867,2016,0.2,FR
2867,2017,0.2,FR
2867,2018,0.2,FR
2867,2019,0.2,FR
2867,2020,0.15,FR
2867,2021,0.15,FR
2867,2022,0.15,FR
2867,2023,0.15,FR
2867,2024,,FR
2867,2025,,FR
356,1957,,FR
356,1958,,FR
356,1959,,FR
356,1960,,FR
356,1961,,FR
356,1962,,FR
356,1963,,FR
356,1964,,FR
356,1965,,FR
356,1966,,FR
356,1967,,FR
356,1968,,FR
356,1969,,FR
356,1970,,FR
356,1971,,FR
356,1972,,FR
356,1973,,FR
356,1974,,FR
356,1975,,FR
356,1976,,FR
356,1977,,FR
356,1978,,FR
356,1979,,FR
356,1980,,FR
356,1981,,FR
356,1982,,FR
356,1983,,FR
356,1984,,FR
356,1985,,FR
356,1986,,FR
356,1987,,FR
356,1988,,FR
356,1989,,FR
356,1990,,FR
356,1991,,FR
356,1992,,FR
356,1993,,FR
356,1994,,FR
356,1995,,FR
356,1996,,FR
356,1997,,FR
356,1998,,FR
356,1999,,FR
356,2000,,FR
356,2001,0.2,FR
356,2002,0.2,FR
356,2003,0.2,FR
356,2004,0.2,FR
356,2005,0.2,FR
356,2006,0.2,FR
356,2007,0.2,FR
356,2008,0.2,FR
356,2009,0.2,FR
356,2010,0.2,FR
356,2011,0.2,FR
356,2012,0.2,FR
356,2013,0.201,FR
356,2014,0.2,FR
356,2015,0.2,FR
356,2016,0.2,FR
356,2017,0.2,FR
356,2018,0.2,FR
356,2019,0.2,FR
356,2020,0.15,FR
356,2021,0.15,FR
356,2022,0.15,FR
356,2023,0.15,FR
356,2024,,FR
356,2025,,FR
357,1949,,FR
357,1950,,FR
357,1951,,FR
357,1952,,FR
357,1953,,FR
357,1954,,FR
357,1955,,FR
357,1956,,FR
357,1957,,FR
357,1958,,FR
357,1959,,FR
357,1960,,FR
357,1961,,FR
357,1962,,FR
357,1963,,FR
357,1964,,FR
357,1965,,FR
357,1966,,FR
357,1967,,FR
357,1968,,FR
357,1969,,FR
357,1970,,FR
357,1971,,FR
357,1972,,FR
357,1973,,FR
357,1974,,FR
357,1975,,FR
357,1976,,FR
357,1977,,FR
357,1978,,FR
357,1979,,FR
357,1980,,FR
357,1981,,FR
357,1982,,FR
357,1983,,FR
357,1984,,FR
357,1985,,FR
357,1986,,FR
357,1987,,FR
357,1988,,FR
357,1989,,FR
357,1990,,FR
357,1991,,FR
357,1992,,FR
357,1993,,FR
357,1994,,FR
357,1995,,FR
357,1996,,FR
357,1997,,FR
357,1998,,FR
357,1999,,FR
357,2000,,FR
357,2001,0.2,FR
357,2002,0.2,FR
357,2003,0.2,FR
357,2004,0.2,FR
357,2005,0.2,FR
357,2006,0.2,FR
357,2007,0.2,FR
357,2008,0.2,FR
357,2009,0.2,FR
357,2010,0.2,FR
357,2011,0.2,FR
357,2012,0.2,FR
357,2013,0.2,FR
357,2014,0.2,FR
357,2015,0.2,FR
357,2016,0.2,FR
357,2017,0.2,FR
357,2018,0.2,FR
357,2019,0.2,FR
357,2020,0.1,FR
357,2021,0.1,FR
357,2022,0.15,FR
357,2023,0.15,FR
1314,2014,,FR
1314,2015,,FR
1314,2016,,FR
1314,2017,,FR
1314,2018,,FR
1314,2019,,FR
1314,2020,,FR
1314,2021,,FR
1314,2022,,FR
1314,2023,,FR
1314,2024,,FR
1314,2025,,FR
4561,1968,,GE
4561,1969,,GE
4561,1970,,GE
4561,1971,,GE
4561,1972,,GE
4561,1973,,GE
4561,1974,,GE
4561,1975,,GE
4561,1976,,GE
4561,1977,,GE
4561,1978,,GE
4561,1979,,GE
4561,1980,,GE
232,1982,0.28,GL
232,1983,0.28,GL
232,1984,0.28,GL
232,1985,0.28,GL
232,1986,0.28,GL
232,1987,0.28,GL
232,1988,0.28,GL
232,1989,0.28,GL
232,1990,0.28,GL
4577,1963,,GL
3942,1949,,GL
3942,1950,,GL
3350,1939,,GL
3350,1940,,GL
3350,2008,0.1,GL
3350,2009,0.1,GL
3350,2010,0.1,GL
3350,2011,0.1,GL
3350,2012,0.1,GL
3350,2013,0.1,GL
3350,2014,0.1,GL
3350,2015,0.05,GL
3350,2016,0.1,GL
3350,2017,0.2,GL
3350,2018,0.2,GL
3350,2019,0.2,GL
3350,2020,0.2,GL
3350,2021,0.2,GL
3350,2022,0.3,GL
3350,2023,0.3,GL
3350,2024,0.3,GL
3350,2025,0.2,GL
4245,1982,,GL
4245,1983,,GL
4245,1984,0.28,GL
4245,1985,0.36,GL
4245,1986,0.43,GL
4245,1987,0.36,GL
4245,1988,,GL
1618,1975,,GL
1618,1992,,GL
1618,1993,,GL
1618,1994,,GL
1618,1995,,GL
3965,1994,,GL
3965,1995,0.15,GL
1629,1996,,GL
1629,1997,,GL
1629,1998,,GL
1629,1999,,GL
1629,2000,,GL
1629,2001,,GL
1629,2002,,GL
1629,2003,,GL
1629,2004,,GL
1629,2005,,GL
1629,2006,,GL
1629,2007,,GL
1629,2008,,GL
1629,2009,,GL
1629,2010,,GL
1629,2011,,GL
1629,2012,,GL
1629,2013,,GL
1629,2014,,GL
1629,2015,,GL
1629,2016,,GL
1629,2017,,GL
1629,2018,,GL
1629,2019,,GL
1629,2020,,GL
1629,2021,,GL
1629,2022,,GL
1629,2023,,GL
1629,2024,,GL
1629,2025,,GL
233,1981,,GL
233,1982,,GL
233,1983,,GL
234,1980,,GL
4584,1893,,GL
4244,1955,,GL
4244,1956,0.3,GL
4575,2013,0.2,GL
4575,2014,0.19,GL
4575,2015,0.25,GL
4575,2016,0.23,GL
4575,2017,0.11,GL
4575,2018,0.11,GL
4575,2019,0.12,GL
4575,2020,0.36,GL
4575,2021,0.25,GL
4575,2022,0.11,GL
4575,2023,0.14,GL
4575,2024,0.15,GL
4575,2025,0.14,GL
238,1981,,GL
238,1982,,GL
238,1983,,GL
238,1984,,GL
238,1985,,GL
238,1986,,GL
238,1987,,GL
238,1988,,GL
238,1989,,GL
4566,2013,,GL
4566,2014,,GL
4566,2015,,GL
4566,2016,,GL
4566,2017,,GL
4566,2018,0.05,GL
4566,2019,0.05,GL
4566,2020,,GL
4566,2021,,GL
4566,2022,,GL
4566,2023,,GL
4566,2024,,GL
4566,2025,,GL
216746,2008,,GL
216746,2009,,GL
216746,2010,,GL
216746,2011,,GL
216746,2012,,GL
216746,2013,,GL
216746,2014,,GL
216746,2015,,GL
216746,2016,,GL
216746,2017,,GL
216746,2018,,GL
216746,2019,,GL
216746,2020,,GL
216746,2021,,GL
4578,2008,,GL
3747,1957,,GL
1628,1994,,GL
1628,1995,,GL
4582,1953,,GL
4582,1954,,GL
4582,1955,,GL
4582,1956,,GL
4582,1957,,GL
4582,1958,,GL
4582,1959,,GL
4582,1960,,GL
4582,1961,,GL
4582,1962,,GL
4582,1963,,GL
4582,1964,,GL
4583,1983,,GL
4583,1984,,GL
4583,1985,,GL
4583,1986,,GL
4583,1987,,GL
4583,1988,,GL
4583,1989,,GL
240,1979,,GL
240,1980,,GL
240,1981,,GL
240,1982,,GL
240,1983,,GL
3937,1958,,GS
2872,1958,,GS
1051,1973,,ID
1050,1973,,ID
2920,2015,,IN
2920,2016,,IN
2920,2017,0.11,IN
2920,2018,0.16,IN
2920,2019,0.08,IN
7182,2014,,IN
7182,2015,,IN
7182,2016,,IN
7182,2017,0.08,IN
7182,2018,0.11,IN
7182,2019,0.01,IN
7182,2020,0.03,IN
7182,2021,0.01,IN
7182,2022,0.12,IN
7182,2023,,IN
1045,1980,,IN
1045,1981,,IN
1045,1982,,IN
1045,1983,,IN
1045,1984,,IN
1045,1985,,IN
1045,1986,,IN
2921,1987,,IN
2921,1988,,IN
2921,2003,,IN
2921,2004,,IN
2921,2005,,IN
2921,2006,,IN
2921,2007,,IN
2921,2008,,IN
2921,2009,,IN
2921,2010,,IN
2921,2011,,IN
2921,2012,,IN
2921,2013,,IN
2921,2014,,IN
2921,2015,,IN
2921,2016,,IN
2921,2017,,IN
2921,2018,,IN
2921,2019,,IN
2921,2022,0.4,IN
2921,2023,,IN
2921,2024,,IN
2921,2025,,IN
18692,2004,,IN
18692,2005,,IN
18692,2006,,IN
18692,2007,,IN
18692,2008,,IN
18692,2009,,IN
18692,2010,,IN
18692,2011,,IN
18692,2012,,IN
18692,2013,,IN
18692,2016,,IN
3454,1993,,IN
3454,1994,,IN
3454,1995,,IN
3454,1998,,IN
3454,1999,,IN
3454,2000,,IN
3454,2008,,IN
3454,2009,,IN
3454,2010,,IN
3454,2011,,IN
3454,2012,,IN
3454,2013,,IN
3454,2014,,IN
3454,2015,,IN
3454,2016,,IN
1047,1985,,IN
1047,1986,,IN
1047,1987,,IN
1047,1988,,IN
1047,1989,,IN
1047,1990,,IN
3656,2022,,IN
3656,2023,,IN
3656,2024,,IN
3656,2025,,IN
3928,1975,,IN
3928,1976,,IN
3928,1977,,IN
3928,1978,,IN
3928,1979,,IN
3928,1980,,IN
3928,1981,,IN
3928,1982,,IN
3928,1983,,IN
7114,2015,0.2,IN
7114,2016,0.32,IN
7114,2017,0.26,IN
7114,2018,0.22,IN
7114,2019,0.28,IN
7114,2021,0.3,IN
7114,2022,0.39,IN
7114,2023,0.37,IN
3929,1977,,IN
3929,1978,,IN
3929,1979,,IN
3929,1980,,IN
3929,1981,,IN
3929,1982,,IN
3929,1983,,IN
3929,1984,,IN
3929,1985,,IN
3044,2001,0.01,IN
3044,2002,0.01,IN
3044,2003,0.01,IN
3044,2004,0.01,IN
3044,2005,0.01,IN
3044,2006,0.01,IN
3044,2007,,IN
3044,2008,,IN
3044,2009,,IN
3044,2011,,IN
3044,2012,,IN
121010,2014,0.39,IN
121010,2015,0.39,IN
121010,2016,0.39,IN
121010,2017,0.39,IN
121010,2018,0.39,IN
121010,2019,0.39,IN
121010,2020,0.39,IN
121010,2021,0.39,IN
121010,2022,0.39,IN
115766,2015,,IN
115766,2016,,IN
115766,2017,,IN
3931,1984,,IN
3931,2015,0.34,IN
3931,2016,0.34,IN
3931,2017,0.34,IN
3931,2018,0.34,IN
3931,2019,0.34,IN
3931,2020,0.34,IN
3931,2021,0.34,IN
3931,2022,0.34,IN
9799,2015,,IN
9799,2016,,IN
9799,2017,0.04,IN
9799,2018,0.06,IN
9799,2019,,IN
17220,2001,,IN
17220,2002,,IN
17220,2003,,IN
17220,2012,0.028,IN
17220,2013,0.026,IN
17220,2014,0.011,IN
17220,2015,0.027,IN
17220,2016,0.012,IN
17220,2017,0.015,IN
17220,2018,0.014,IN
3930,1976,,IN
3930,1977,,IN
3930,1978,,IN
3930,1979,,IN
3930,1980,,IN
3930,1981,,IN
3930,1982,,IN
3930,1983,,IN
3930,1984,,IN
7217,2011,0.37,IN
7217,2012,0.37,IN
7217,2013,0.37,IN
7217,2014,0.37,IN
7217,2015,0.37,IN
7217,2016,0.37,IN
7217,2017,0.37,IN
3655,2017,,IN
3655,2018,,IN
3655,2019,,IN
3655,2020,,IN
3655,2021,,IN
3655,2022,,IN
115761,2015,,IN
115761,2016,,IN
115761,2017,,IN
10416,1980,,IN
10416,1981,,IN
3635,2015,,IN
3635,2016,,IN
3635,2017,0.21,IN
3635,2018,0.31,IN
3635,2019,0.04,IN
3635,2022,0.34,IN
3635,2023,,IN
1048,1982,,IN
1048,1983,,IN
1048,1984,,IN
1048,1985,,IN
1048,1986,,IN
1048,1987,,IN
1048,1988,,IN
1048,1989,,IN
1048,1990,,IN
1048,1991,,IN
1048,2001,,IN
1048,2002,,IN
1048,2003,,IN
3932,1984,,IN
3666,1987,0.203,IN
3666,1988,0.241,IN
3666,1989,0.132,IN
3666,1990,0.259,IN
3666,1991,0.288,IN
10499,2015,,IN
10499,2016,,IN
10499,2017,,IN
10499,2018,,IN
10499,2019,,IN
10476,2014,,IN
10476,2015,,IN
10476,2016,0.33,IN
10476,2017,0.33,IN
10476,2018,0.26,IN
10476,2019,0.04,IN
10476,2020,0.05,IN
10476,2021,0.02,IN
10476,2022,0.29,IN
10476,2023,,IN
1049,1982,,IN
1049,1983,,IN
1049,1984,,IN
1049,1985,,IN
1049,1986,,IN
1049,1987,,IN
1049,1988,,IN
3059,1967,,IS
3062,1998,,IS
3062,2000,,IS
3062,2001,,IS
3062,2002,,IS
3062,2003,,IS
3062,2004,,IS
3062,2005,,IS
3067,1993,,IS
3067,1994,,IS
3067,1995,,IS
3067,1996,,IS
3067,1997,,IS
3067,1998,,IS
3067,1999,,IS
3067,2000,,IS
3067,2001,,IS
3067,2002,,IS
3067,2003,,IS
3067,2004,,IS
3067,2005,,IS
3067,2006,,IS
3067,2007,,IS
3067,2008,,IS
3067,2009,,IS
3067,2010,,IS
3067,2011,,IS
3067,2012,,IS
3067,2013,,IS
3067,2014,,IS
3067,2015,,IS
3067,2016,,IS
3067,2017,,IS
3067,2018,,IS
3067,2019,,IS
3067,2020,,IS
3067,2021,,IS
3067,2022,,IS
3067,2023,,IS
3067,2024,,IS
3067,2025,,IS
3068,1992,,IS
3068,1993,,IS
3068,1994,,IS
3068,1995,,IS
3068,1996,,IS
3068,1997,,IS
3068,1998,,IS
3068,2005,,IS
3068,2006,,IS
3068,2007,,IS
3068,2008,,IS
3068,2009,,IS
3068,2010,,IS
3068,2011,,IS
3068,2012,,IS
3068,2013,,IS
3068,2014,,IS
3068,2015,,IS
3068,2016,,IS
3068,2017,,IS
3068,2018,,IS
3068,2019,,IS
3068,2020,,IS
3068,2021,,IS
3068,2022,,IS
3068,2023,,IS
3068,2024,,IS
3068,2025,,IS
3069,1991,,IS
3069,1992,,IS
3069,1993,,IS
3069,1994,,IS
3069,1995,,IS
3069,1996,,IS
3069,1998,,IS
3069,1999,,IS
3069,2000,,IS
3069,2001,,IS
3069,2002,,IS
3069,2003,,IS
3069,2004,,IS
3069,2005,,IS
3069,2006,,IS
3069,2007,,IS
3069,2008,,IS
3069,2009,,IS
3069,2010,,IS
3069,2011,,IS
3069,2012,,IS
3069,2013,,IS
3069,2014,,IS
3069,2015,,IS
3069,2016,,IS
3069,2017,,IS
3069,2018,,IS
3069,2019,,IS
3069,2020,,IS
3069,2021,,IS
3069,2022,,IS
3069,2023,,IS
3069,2024,,IS
3069,2025,,IS
3953,1936,,IS
3953,1937,,IS
3953,1938,,IS
3088,1989,,IS
3088,1990,,IS
3088,1991,,IS
3088,1992,,IS
3088,1993,,IS
3088,1994,,IS
3088,1995,,IS
3088,1996,,IS
3088,1997,,IS
3088,1998,,IS
3088,1999,,IS
3088,2000,,IS
3088,2001,,IS
3088,2002,,IS
3088,2003,,IS
3088,2004,,IS
3088,2005,,IS
3088,2006,,IS
3088,2007,,IS
3088,2008,,IS
3088,2009,,IS
3088,2010,,IS
3088,2011,0.6,IS
3088,2012,0.6,IS
3088,2013,0.6,IS
3088,2014,0.1,IS
3088,2015,0.1,IS
3088,2016,0.1,IS
3088,2017,0.1,IS
3088,2018,0.1,IS
3088,2019,0.1,IS
3088,2020,0.1,IS
3088,2021,0.1,IS
3088,2022,0.1,IS
3088,2023,0.1,IS
3088,2024,,IS
3088,2025,,IS
3089,1988,,IS
3089,1989,,IS
3089,1990,,IS
3089,1991,,IS
3089,1992,,IS
3089,1993,,IS
3089,1994,,IS
3089,1995,,IS
3089,1996,,IS
3089,1997,,IS
3089,1998,,IS
3089,1999,,IS
3089,2000,,IS
3089,2001,,IS
3089,2002,,IS
3089,2003,,IS
3089,2004,,IS
3089,2005,,IS
3089,2006,,IS
3089,2007,,IS
3089,2008,,IS
3089,2009,,IS
3089,2010,,IS
3089,2011,0.6,IS
3089,2012,0.6,IS
3089,2013,0.6,IS
3089,2014,0.6,IS
3089,2015,0.1,IS
3089,2016,0.1,IS
3089,2017,0.1,IS
3089,2018,0.1,IS
3089,2019,0.1,IS
3089,2020,0.1,IS
3089,2021,0.1,IS
3089,2022,0.1,IS
3089,2023,0.1,IS
3089,2024,,IS
3089,2025,,IS
3090,1989,,IS
3090,1990,,IS
3090,1991,,IS
3090,1992,,IS
3090,1993,,IS
3090,1994,,IS
3090,1995,,IS
3090,1996,,IS
3090,1997,,IS
3090,1998,,IS
3090,1999,,IS
3090,2000,,IS
3090,2001,,IS
3090,2002,,IS
3090,2003,,IS
3090,2004,,IS
3090,2005,,IS
3090,2006,,IS
3090,2007,,IS
3090,2008,,IS
3090,2009,,IS
3090,2010,,IS
3090,2011,0.6,IS
3090,2012,0.6,IS
3090,2013,0.6,IS
3090,2014,0.6,IS
3090,2015,0.1,IS
3090,2016,0.1,IS
3090,2017,0.1,IS
3090,2018,0.1,IS
3090,2019,0.1,IS
3090,2020,0.1,IS
3090,2021,0.1,IS
3090,2022,0.1,IS
3090,2023,0.1,IS
3090,2024,,IS
3090,2025,,IS
6830,2010,,IS
6830,2024,0.15,IS
6830,2025,,IS
3096,1992,,IS
3096,1994,,IS
3096,1995,,IS
3096,1996,,IS
3096,1997,,IS
3096,1998,,IS
3096,1999,,IS
3096,2000,,IS
3096,2001,,IS
3096,2002,,IS
3096,2003,,IS
3096,2004,,IS
3096,2005,,IS
3096,2006,,IS
3096,2007,,IS
3096,2008,,IS
3096,2009,,IS
3096,2010,,IS
3096,2011,,IS
3096,2012,,IS
3096,2013,,IS
3096,2014,,IS
3096,2015,,IS
3096,2016,,IS
3096,2017,,IS
3096,2018,,IS
3096,2019,,IS
3096,2020,,IS
3096,2021,,IS
3096,2022,,IS
3096,2023,,IS
3096,2024,,IS
3096,2025,,IS
3660,1997,,IS
3660,1998,,IS
3660,1999,,IS
3660,2000,,IS
3660,2001,,IS
3660,2002,,IS
3660,2003,,IS
3660,2004,,IS
3660,2005,,IS
3660,2006,,IS
3660,2007,,IS
3660,2008,,IS
3660,2009,,IS
3660,2010,,IS
3660,2011,,IS
3660,2012,,IS
3660,2013,,IS
3660,2014,,IS
3660,2015,,IS
3660,2016,,IS
3660,2017,,IS
3660,2018,,IS
3660,2019,,IS
3660,2020,,IS
3660,2021,,IS
3660,2022,,IS
3660,2023,,IS
3660,2024,,IS
3660,2025,,IS
3100,2009,,IS
3100,2011,,IS
3100,2012,,IS
3100,2013,,IS
3100,2014,,IS
3100,2015,,IS
3100,2016,,IS
3100,2017,,IS
3100,2018,,IS
3100,2019,,IS
3100,2020,,IS
3100,2021,,IS
3100,2022,,IS
3100,2023,,IS
3100,2024,,IS
3100,2025,,IS
3101,1997,,IS
3101,1998,,IS
3101,1999,,IS
3101,2000,,IS
3101,2001,,IS
3101,2002,,IS
3101,2003,,IS
3101,2004,,IS
3101,2005,,IS
3101,2009,,IS
3101,2010,,IS
3101,2011,,IS
3101,2012,,IS
3101,2013,,IS
3101,2014,,IS
3101,2015,,IS
3101,2016,,IS
3101,2017,,IS
3101,2018,,IS
3101,2019,,IS
3101,2020,,IS
3101,2021,,IS
3101,2022,,IS
3101,2023,,IS
3101,2024,,IS
3101,2025,,IS
3969,1992,,IS
3112,1992,,IS
3125,1991,,IS
3125,1992,,IS
3125,1993,,IS
3125,1994,,IS
3125,1995,,IS
3125,1996,,IS
3126,1986,,IS
3126,1992,,IS
3126,1993,,IS
3126,1994,,IS
3126,1995,,IS
3126,1997,,IS
3126,1998,,IS
3126,1999,,IS
3126,2000,,IS
3126,2001,,IS
3126,2002,,IS
3126,2003,,IS
3126,2004,,IS
3126,2005,,IS
3126,2006,,IS
3126,2007,,IS
3126,2008,,IS
3126,2009,,IS
3126,2010,,IS
3126,2011,,IS
3126,2012,,IS
3126,2013,,IS
3126,2014,,IS
3126,2015,,IS
3126,2016,,IS
3126,2017,,IS
3126,2018,,IS
3126,2019,,IS
3126,2020,,IS
3126,2021,,IS
3126,2022,,IS
3126,2023,,IS
3126,2024,,IS
3126,2025,,IS
3754,2020,,IS
3754,2023,,IS
3754,2024,,IS
3754,2025,,IS
1107,1995,,IT
1107,1996,,IT
1107,1997,,IT
1107,1998,,IT
1107,1999,,IT
1107,2000,,IT
1107,2001,0.03,IT
1107,2002,0.03,IT
1107,2003,0.03,IT
1107,2004,0.03,IT
1107,2005,0.03,IT
1107,2006,0.01,IT
1107,2007,0.01,IT
1107,2008,0.01,IT
1107,2009,0.01,IT
1107,2010,0.01,IT
1107,2011,0.01,IT
1107,2012,0.01,IT
1107,2013,0.01,IT
1107,2014,,IT
1107,2015,,IT
1107,2016,0.01,IT
1107,2017,0.01,IT
1107,2019,,IT
1107,2020,,IT
1107,2021,0.02,IT
1107,2022,0.022,IT
1107,2023,,IT
1107,2024,,IT
1107,2025,,IT
1106,2010,,IT
1106,2011,,IT
1106,2012,,IT
1106,2013,,IT
1106,2014,,IT
1106,2015,,IT
1106,2016,,IT
1106,2017,,IT
1106,2018,,IT
1106,2019,,IT
1106,2020,,IT
1106,2021,,IT
1106,2022,,IT
1106,2023,,IT
1106,2024,,IT
1106,2025,,IT
635,1967,,IT
635,1968,,IT
635,1969,,IT
635,1970,,IT
635,1971,,IT
635,1972,,IT
635,1973,,IT
635,1974,,IT
635,1975,,IT
635,1976,,IT
635,1977,,IT
635,1978,,IT
635,1979,,IT
635,1980,,IT
635,1981,,IT
635,1982,,IT
635,1983,,IT
635,1984,,IT
635,1985,,IT
635,1986,,IT
635,1987,,IT
635,1988,,IT
635,1989,,IT
635,1990,,IT
635,1991,,IT
635,1992,,IT
635,1993,,IT
635,1994,,IT
635,1995,,IT
635,1996,,IT
635,1997,,IT
635,1998,,IT
635,1999,,IT
635,2000,,IT
635,2001,,IT
635,2002,,IT
635,2003,,IT
635,2004,,IT
635,2005,,IT
635,2006,0.05,IT
635,2007,0.05,IT
635,2008,,IT
635,2009,,IT
635,2010,0.05,IT
635,2011,0.05,IT
635,2012,0.05,IT
635,2013,,IT
635,2014,0.05,IT
635,2015,0.05,IT
635,2016,0.05,IT
635,2017,0.05,IT
635,2018,0.05,IT
635,2019,0.05,IT
635,2020,0.05,IT
635,2021,0.05,IT
635,2022,0.05,IT
635,2023,0.1,IT
635,2024,0.1,IT
635,2025,0.1,IT
3659,2010,0.05,IT
3659,2011,0.05,IT
3346,2006,0.05,IT
3346,2007,0.05,IT
3346,2008,0.05,IT
3346,2009,,IT
3346,2010,0.05,IT
3346,2011,0.05,IT
3345,2006,0.05,IT
3345,2007,0.05,IT
3345,2008,0.05,IT
3345,2009,,IT
3345,2010,0.05,IT
3345,2011,0.05,IT
1264,1992,,IT
1264,1993,,IT
1264,1994,,IT
1264,1995,,IT
1264,1996,,IT
1264,1997,,IT
1264,1998,,IT
1264,1999,,IT
1264,2000,0.05,IT
1264,2001,0.05,IT
1264,2002,0.05,IT
1264,2003,0.05,IT
1264,2004,0.05,IT
1264,2005,0.05,IT
1264,2006,0.05,IT
1264,2007,0.05,IT
1264,2008,0.05,IT
1264,2009,0.05,IT
1264,2010,0.05,IT
1264,2011,0.05,IT
1264,2012,0.05,IT
1264,2013,0.05,IT
1264,2014,0.05,IT
1264,2015,0.05,IT
1264,2016,0.05,IT
1264,2017,0.05,IT
1264,2018,0.05,IT
1264,2019,0.05,IT
1264,2020,,IT
1264,2021,0.05,IT
1264,2022,0.05,IT
1264,2023,0.05,IT
1264,2024,,IT
1264,2025,,IT
1507,1983,,IT
1507,1984,,IT
1507,1985,,IT
1507,1986,,IT
1507,1987,,IT
1507,1988,,IT
1507,1990,,IT
1507,1991,,IT
1507,1992,,IT
1507,1993,,IT
1507,1994,,IT
1507,1995,,IT
1507,1996,,IT
1507,1997,,IT
1507,1998,,IT
1507,1999,,IT
1507,2000,,IT
1507,2001,,IT
1507,2002,,IT
1507,2003,,IT
1507,2004,,IT
1507,2005,,IT
1507,2006,0.05,IT
1507,2007,0.05,IT
1507,2008,,IT
1507,2009,0.01,IT
1507,2010,,IT
1507,2011,,IT
1507,2012,0.05,IT
1507,2013,,IT
1507,2014,,IT
1507,2015,,IT
1507,2016,0.05,IT
1507,2017,0.05,IT
1238,2000,,IT
1238,2001,,IT
1238,2002,,IT
1238,2003,,IT
1238,2004,,IT
1238,2005,,IT
1238,2006,,IT
1238,2007,,IT
1238,2008,,IT
1238,2009,,IT
1238,2010,,IT
1238,2011,,IT
1238,2012,,IT
1238,2013,,IT
1238,2014,,IT
1238,2015,,IT
1238,2016,,IT
1238,2017,,IT
1238,2018,,IT
1238,2019,,IT
1238,2020,,IT
1238,2021,,IT
1238,2022,,IT
1238,2023,,IT
1238,2024,,IT
1238,2025,,IT
636,2003,0.25,IT
636,2004,0.25,IT
636,2005,0.25,IT
636,2006,0.25,IT
636,2007,0.25,IT
636,2008,0.25,IT
636,2009,0.25,IT
636,2010,0.25,IT
636,2011,0.25,IT
636,2012,0.25,IT
636,2013,0.25,IT
636,2014,0.25,IT
636,2015,0.25,IT
636,2016,0.25,IT
636,2017,0.25,IT
636,2018,0.25,IT
636,2019,0.25,IT
636,2020,0.25,IT
636,2021,0.25,IT
636,2022,0.25,IT
636,2023,0.25,IT
636,2024,0.25,IT
636,2025,0.25,IT
661,2004,0.041,IT
661,2005,0.059,IT
661,2006,0.038,IT
661,2007,0.127,IT
661,2008,0.136,IT
661,2009,0.062,IT
661,2010,0.082,IT
661,2011,0.091,IT
661,2012,0.047,IT
661,2013,0.031,IT
661,2014,0.05,IT
661,2015,,IT
661,2016,0.136,IT
661,2017,0.136,IT
661,2018,0.18,IT
661,2019,0.1,IT
661,2020,0.1,IT
661,2021,0.1,IT
661,2022,0.12,IT
661,2023,0.15,IT
661,2024,0.075,IT
661,2025,0.06,IT
1138,2010,,IT
1138,2011,,IT
1138,2012,,IT
1138,2013,,IT
1138,2014,,IT
1138,2015,,IT
1138,2016,,IT
1138,2017,,IT
1138,2018,,IT
1138,2019,,IT
1138,2020,,IT
1138,2021,,IT
1138,2022,,IT
1138,2023,,IT
1138,2024,,IT
672,2002,,IT
672,2003,,IT
672,2004,,IT
672,2005,,IT
672,2006,0.02,IT
672,2007,0.02,IT
672,2008,0.02,IT
672,2009,0.02,IT
672,2010,0.02,IT
672,2011,0.02,IT
672,2012,0.02,IT
672,2013,,IT
672,2014,,IT
672,2015,,IT
672,2016,,IT
672,2017,0.04,IT
672,2018,,IT
672,2019,0.04,IT
672,2020,0.04,IT
672,2021,,IT
672,2022,0.04,IT
672,2023,0.05,IT
672,2024,0.05,IT
672,2025,0.05,IT
664,2025,,IT
676,1965,,IT
676,1966,,IT
675,1996,0.05,IT
675,1997,0.05,IT
675,1998,0.05,IT
675,1999,0.05,IT
675,2000,0.05,IT
675,2001,0.05,IT
675,2002,0.05,IT
675,2003,0.05,IT
675,2004,0.05,IT
675,2005,0.05,IT
675,2006,0.02,IT
675,2007,0.02,IT
675,2008,0.02,IT
675,2009,0.02,IT
675,2010,,IT
675,2011,0.02,IT
675,2012,0.02,IT
675,2013,,IT
675,2014,,IT
675,2015,,IT
675,2016,,IT
675,2017,0.03,IT
675,2018,,IT
675,2019,0.03,IT
675,2020,0.03,IT
675,2021,,IT
675,2022,0.04,IT
675,2023,0.05,IT
675,2024,0.05,IT
675,2025,0.05,IT
645,2009,,IT
645,2010,0.05,IT
645,2011,,IT
645,2012,0.05,IT
645,2013,,IT
645,2014,,IT
645,2015,,IT
645,2016,0.05,IT
645,2017,0.05,IT
645,2018,,IT
645,2019,,IT
645,2020,,IT
645,2021,,IT
645,2022,,IT
645,2023,0.05,IT
645,2024,0.05,IT
645,2025,0.05,IT
612,2023,0.05,IT
612,2024,,IT
612,2025,,IT
667,1987,,IT
667,1988,,IT
667,1989,,IT
667,1990,,IT
667,1991,,IT
667,1992,,IT
667,1993,,IT
667,1994,,IT
667,1995,,IT
667,1996,,IT
667,1997,,IT
667,1998,,IT
667,1999,,IT
667,2000,,IT
667,2009,,IT
667,2010,,IT
667,2011,,IT
667,2012,,IT
667,2013,,IT
2488,2010,,IT
2488,2011,,IT
2488,2012,,IT
2488,2013,,IT
2488,2014,,IT
2488,2015,,IT
2488,2016,,IT
2488,2017,,IT
2488,2018,,IT
2488,2019,,IT
2488,2020,,IT
2488,2021,,IT
2488,2022,,IT
2488,2023,,IT
1282,2001,,IT
1282,2002,,IT
1282,2003,,IT
1282,2004,,IT
1282,2005,,IT
1282,2006,,IT
1282,2007,,IT
1282,2008,,IT
1282,2009,,IT
1282,2010,,IT
1282,2011,,IT
1282,2012,,IT
1282,2013,,IT
1282,2014,,IT
1282,2015,0.03,IT
1282,2018,0.05,IT
1282,2019,0.05,IT
1282,2020,0.05,IT
1282,2023,0.05,IT
1282,2024,,IT
1282,2025,,IT
897,1967,,JP
897,1968,,JP
897,1969,,JP
897,1970,,JP
897,1971,,JP
897,1972,,JP
897,1973,,JP
897,1974,,JP
897,1975,,JP
897,1976,,JP
897,1977,,JP
897,1978,,JP
897,1979,,JP
897,1980,,JP
897,1981,,JP
897,1982,,JP
897,1983,,JP
897,1984,,JP
897,1985,,JP
897,1986,,JP
897,1987,,JP
897,1988,,JP
897,1989,,JP
897,1990,,JP
897,1991,,JP
897,1992,,JP
897,1993,,JP
897,1994,,JP
897,1995,,JP
897,1996,,JP
897,1997,,JP
897,1998,,JP
897,1999,,JP
897,2000,,JP
897,2001,,JP
897,2002,,JP
897,2003,,JP
897,2004,,JP
897,2005,,JP
897,2006,,JP
897,2007,,JP
897,2008,,JP
897,2009,,JP
897,2010,,JP
897,2011,,JP
897,2012,,JP
897,2013,,JP
897,2014,,JP
897,2015,,JP
897,2016,,JP
897,2017,,JP
897,2018,,JP
897,2019,,JP
897,2020,,JP
897,2021,,JP
897,2022,,JP
897,2023,,JP
897,2024,,JP
897,2025,,JP
695,1979,,KE
695,1980,,KE
695,1981,,KE
695,1982,,KE
695,1983,,KE
695,1984,,KE
695,1985,,KE
695,1986,,KE
695,1987,,KE
695,1988,,KE
695,1989,,KE
695,1990,,KE
695,1991,,KE
695,1992,,KE
695,1993,,KE
695,1994,,KE
695,1995,,KE
695,1996,,KE
695,2011,0.1,KE
695,2012,0.05,KE
695,2013,0.05,KE
695,2014,0.05,KE
732,1968,,KG
732,1969,,KG
732,1970,,KG
732,1971,0.05,KG
732,1972,0.05,KG
732,1973,0.05,KG
732,1974,0.05,KG
732,1975,0.05,KG
732,1976,0.05,KG
732,1977,0.05,KG
732,1978,0.05,KG
732,1979,0.05,KG
732,1980,0.05,KG
732,1981,0.05,KG
732,1982,0.05,KG
732,1983,0.05,KG
732,1984,0.05,KG
732,1985,0.05,KG
732,1986,0.05,KG
732,1987,0.05,KG
732,1988,0.05,KG
732,1989,0.05,KG
732,1990,0.05,KG
732,1991,0.05,KG
732,1992,0.05,KG
732,1993,0.05,KG
732,1994,0.05,KG
732,1995,,KG
732,1996,,KG
732,1997,,KG
732,1998,,KG
732,2012,0.3,KG
732,2013,0.3,KG
732,2014,0.3,KG
732,2015,0.3,KG
732,2016,0.3,KG
732,2017,0.3,KG
732,2018,0.25,KG
732,2019,0.3,KG
732,2020,0.25,KG
732,2021,,KG
732,2022,,KG
732,2023,,KG
732,2024,,KG
732,2025,,KG
781,1971,,KG
781,1984,,KG
781,1989,,KG
781,1990,,KG
781,1991,,KG
781,2011,,KG
781,2012,,KG
781,2013,,KG
781,2014,,KG
781,2015,,KG
781,2016,,KG
781,2017,,KG
781,2018,,KG
781,2019,,KG
781,2020,,KG
781,2021,,KG
781,2022,,KG
781,2023,,KG
781,2024,,KG
781,2025,,KG
829,2016,0.01,KG
829,2017,0.01,KG
829,2018,0.01,KG
829,2019,0.01,KG
829,2020,0.01,KG
829,2021,0.01,KG
829,2022,0.01,KG
829,2023,0.01,KG
829,2024,0.01,KG
829,2025,0.01,KG
804,1984,,KG
804,1985,,KG
3889,2011,,KG
3889,2012,,KG
3889,2013,,KG
3889,2014,,KG
3889,2015,,KG
3889,2016,,KG
3889,2017,,KG
3889,2018,,KG
3889,2019,,KG
3889,2020,,KG
3889,2021,,KG
3889,2022,,KG
3889,2023,,KG
3889,2024,,KG
3889,2025,,KG
10402,2015,,KG
10402,2016,,KG
10402,2017,,KG
10402,2018,,KG
10402,2019,,KG
10402,2020,,KG
10402,2021,,KG
10402,2022,0.05,KG
10402,2023,0.05,KG
10402,2024,0.05,KG
10402,2025,,KG
753,1969,,KG
753,1970,,KG
753,1971,,KG
753,1972,,KG
753,1973,,KG
753,1974,,KG
753,1975,,KG
753,1976,,KG
753,1977,,KG
753,1978,,KG
753,1979,,KG
753,1980,,KG
753,1981,,KG
753,1982,,KG
753,1983,,KG
753,1984,,KG
753,1985,,KG
753,1986,,KG
753,1987,,KG
753,1988,,KG
753,1989,,KG
753,1990,,KG
753,1991,,KG
753,1992,,KG
753,1993,,KG
753,1994,,KG
753,2011,0.05,KG
753,2012,0.05,KG
753,2013,0.05,KG
753,2014,0.05,KG
753,2015,0.05,KG
753,2016,0.05,KG
753,2017,0.05,KG
753,2018,0.05,KG
753,2019,0.05,KG
753,2020,0.05,KG
753,2021,0.05,KG
753,2022,0.05,KG
753,2023,0.05,KG
753,2024,0.03,KG
753,2025,,KG
3779,1988,,KG
3779,2007,,KG
9416,1984,,KG
9416,1985,,KG
813,1957,,KG
813,1958,,KG
813,1959,,KG
813,1960,,KG
813,1961,,KG
813,1962,,KG
813,1963,,KG
813,1964,,KG
813,1965,,KG
813,1966,,KG
813,1967,,KG
813,1968,,KG
813,1969,,KG
813,1970,,KG
813,1971,,KG
813,1972,,KG
813,1973,,KG
813,1974,,KG
813,1975,,KG
813,1976,,KG
813,1977,,KG
813,1978,,KG
813,1979,,KG
813,1980,,KG
813,1981,,KG
813,1982,,KG
813,1983,,KG
813,1984,,KG
813,1985,,KG
813,1986,,KG
813,1987,,KG
813,1988,,KG
813,1989,,KG
813,1990,,KG
813,1991,,KG
813,1992,,KG
813,1993,,KG
813,1994,,KG
813,1995,,KG
813,1996,,KG
813,1997,,KG
813,1998,,KG
813,2014,0.01,KG
813,2015,0.01,KG
813,2016,0.01,KG
813,2017,0.01,KG
813,2018,0.01,KG
813,2019,0.01,KG
813,2020,0.01,KG
813,2021,0.01,KG
813,2022,0.01,KG
813,2023,0.01,KG
813,2024,0.01,KG
813,2025,0.01,KG
782,1987,,KG
782,1988,,KG
782,1989,,KG
782,1990,,KG
782,1991,,KG
805,1985,,KG
805,1986,,KG
805,1987,,KG
805,1988,,KG
805,1989,,KG
805,2015,0.01,KG
805,2016,0.01,KG
805,2017,0.01,KG
805,2018,0.01,KG
805,2019,0.01,KG
805,2020,0.01,KG
805,2021,0.01,KG
805,2022,0.01,KG
805,2023,0.01,KG
805,2024,0.01,KG
805,2025,0.01,KG
10414,1984,,KG
10414,1985,,KG
13057,2019,,KG
13057,2020,,KG
13057,2021,,KG
13057,2022,,KG
13057,2023,,KG
13057,2024,,KG
13057,2025,,KG
1080,1963,,KZ
1080,1964,,KZ
1080,1965,,KZ
1080,1966,,KZ
1080,1967,,KZ
816,1957,,KZ
816,1958,,KZ
816,1959,,KZ
816,1960,,KZ
816,1961,,KZ
816,1962,,KZ
816,1963,,KZ
816,1964,,KZ
816,1965,,KZ
816,1966,,KZ
816,1967,,KZ
816,1968,,KZ
816,1969,,KZ
816,1970,,KZ
816,1971,,KZ
816,1972,,KZ
816,1973,,KZ
816,1974,,KZ
816,1975,,KZ
816,1976,,KZ
816,1977,,KZ
816,1978,,KZ
816,1979,,KZ
816,1980,,KZ
816,1981,,KZ
816,1982,,KZ
816,1983,,KZ
816,1984,,KZ
816,1985,,KZ
816,1986,,KZ
816,1987,,KZ
816,1988,,KZ
816,1989,,KZ
816,1990,,KZ
1105,1965,,KZ
1105,1966,,KZ
830,1963,,KZ
830,1964,,KZ
830,1965,,KZ
830,1966,,KZ
830,1967,,KZ
811,1957,,KZ
811,1958,,KZ
811,1959,,KZ
811,1960,,KZ
811,1961,,KZ
811,1962,,KZ
811,1963,,KZ
811,1964,,KZ
811,1965,,KZ
811,1966,,KZ
811,1967,,KZ
811,1968,,KZ
811,1969,,KZ
811,1970,,KZ
811,1971,,KZ
811,1972,,KZ
811,1973,,KZ
811,1974,,KZ
811,1975,,KZ
811,1976,,KZ
811,1977,,KZ
811,1978,,KZ
811,1979,,KZ
811,1980,,KZ
811,1981,,KZ
811,1982,,KZ
811,1983,,KZ
811,1984,,KZ
811,1985,,KZ
811,1986,,KZ
811,1987,,KZ
811,1988,,KZ
811,1989,,KZ
811,1990,,KZ
808,1976,,KZ
808,1977,,KZ
808,1978,,KZ
808,1979,,KZ
808,1980,,KZ
808,1981,,KZ
808,1982,,KZ
808,1983,,KZ
808,1984,,KZ
808,1985,,KZ
808,1986,,KZ
808,1987,,KZ
808,1988,,KZ
808,1989,,KZ
808,1990,,KZ
812,1957,,KZ
812,1958,,KZ
812,1959,,KZ
812,1960,,KZ
812,1961,,KZ
812,1962,,KZ
812,1963,,KZ
812,1964,,KZ
812,1965,,KZ
812,1966,,KZ
812,1967,,KZ
812,1968,,KZ
812,1969,,KZ
812,1970,,KZ
812,1971,,KZ
812,1972,,KZ
812,1973,,KZ
812,1974,,KZ
812,1975,,KZ
812,1976,,KZ
812,1977,,KZ
812,1978,,KZ
812,1979,,KZ
812,1980,,KZ
812,1981,,KZ
812,1982,,KZ
812,1983,,KZ
812,1984,,KZ
812,1985,,KZ
812,1986,,KZ
812,1987,,KZ
812,1988,,KZ
812,1989,,KZ
812,1990,,KZ
796,1979,,KZ
796,1980,,KZ
796,1981,,KZ
796,1982,,KZ
796,1983,,KZ
796,1984,,KZ
796,1985,,KZ
796,1986,,KZ
796,1987,,KZ
796,1988,,KZ
796,1989,,KZ
796,1990,,KZ
796,1991,,KZ
3926,1963,,KZ
3926,1964,,KZ
809,1976,,KZ
809,1977,,KZ
809,1978,,KZ
809,1979,,KZ
809,1980,,KZ
809,1981,,KZ
809,1982,,KZ
809,1983,,KZ
809,1984,,KZ
809,1985,,KZ
809,1986,,KZ
809,1987,,KZ
809,1988,,KZ
809,1989,,KZ
809,1990,,KZ
807,1976,,KZ
807,1977,,KZ
807,1978,,KZ
807,1979,,KZ
807,1980,,KZ
807,1981,,KZ
807,1982,,KZ
807,1983,,KZ
807,1984,,KZ
807,1985,,KZ
807,1986,,KZ
807,1987,,KZ
807,1988,,KZ
807,1989,,KZ
807,1990,,KZ
815,1963,,KZ
815,1964,,KZ
797,1967,,KZ
797,1968,,KZ
797,1969,,KZ
797,1970,,KZ
797,1971,,KZ
797,1972,,KZ
797,1973,,KZ
797,1974,,KZ
797,1975,,KZ
797,1976,,KZ
797,1977,,KZ
797,1978,,KZ
797,1979,,KZ
797,1980,,KZ
797,1981,,KZ
797,1982,,KZ
797,1983,,KZ
797,1984,,KZ
797,1985,,KZ
797,1986,,KZ
797,1987,,KZ
797,1988,,KZ
797,1989,,KZ
797,1990,,KZ
797,1991,,KZ
3927,1963,,KZ
3927,1964,,KZ
817,1957,,KZ
817,1958,,KZ
817,1959,,KZ
817,1960,,KZ
817,1961,,KZ
817,1962,,KZ
817,1963,,KZ
817,1964,,KZ
817,1965,,KZ
817,1966,,KZ
817,1967,,KZ
817,1968,,KZ
817,1969,,KZ
817,1970,,KZ
817,1971,,KZ
817,1972,,KZ
817,1973,,KZ
817,1974,,KZ
817,1975,,KZ
817,1976,,KZ
817,1977,,KZ
817,1978,,KZ
817,1979,,KZ
817,1980,,KZ
817,1981,,KZ
817,1982,,KZ
817,1983,,KZ
817,1984,,KZ
817,1985,,KZ
817,1986,,KZ
817,1987,,KZ
817,1988,,KZ
817,1989,,KZ
817,1990,,KZ
817,1991,,KZ
817,1992,,KZ
817,1993,,KZ
817,1994,,KZ
817,1995,,KZ
817,1996,,KZ
817,1997,,KZ
817,1998,,KZ
817,1999,,KZ
817,2000,,KZ
817,2001,,KZ
817,2002,,KZ
817,2003,,KZ
817,2004,,KZ
817,2005,,KZ
817,2006,0.01,KZ
817,2007,0.01,KZ
817,2008,0.01,KZ
817,2009,0.01,KZ
817,2010,0.01,KZ
817,2011,0.01,KZ
817,2012,0.01,KZ
817,2013,0.01,KZ
817,2014,0.01,KZ
817,2015,0.01,KZ
817,2016,0.01,KZ
817,2017,0.01,KZ
817,2018,0.01,KZ
817,2019,0.01,KZ
817,2020,0.01,KZ
817,2021,0.01,KZ
817,2022,0.01,KZ
817,2023,0.01,KZ
817,2024,0.1,KZ
817,2025,0.1,KZ
806,1976,,KZ
806,1977,,KZ
806,1978,,KZ
806,1979,,KZ
806,1980,,KZ
806,1981,,KZ
806,1982,,KZ
806,1983,,KZ
806,1984,,KZ
806,1985,,KZ
806,1986,,KZ
806,1987,,KZ
806,1988,,KZ
806,1989,,KZ
806,1990,,KZ
810,1976,,KZ
810,1977,,KZ
810,1978,,KZ
810,1979,,KZ
810,1980,,KZ
810,1981,,KZ
810,1982,,KZ
810,1983,,KZ
810,1984,,KZ
810,1985,,KZ
810,1986,,KZ
810,1987,,KZ
810,1988,,KZ
810,1989,,KZ
810,1990,,KZ
216956,2004,,MN
216956,2005,,MN
216956,2006,,MN
216956,2007,,MN
216956,2008,,MN
216956,2009,,MN
216956,2010,,MN
216956,2011,,MN
216956,2012,,MN
216956,2013,,MN
216956,2014,,MN
216956,2015,,MN
216956,2016,,MN
216956,2017,,MN
216956,2018,,MN
216958,2015,,MN
216958,2016,,MN
216958,2017,,MN
216958,2018,,MN
216957,2010,,MN
216957,2011,,MN
216957,2012,,MN
216957,2013,,MN
216957,2014,,MN
216957,2015,,MN
216957,2016,,MN
216957,2017,,MN
216957,2018,,MN
131159,2013,,MN
131159,2014,,MN
131159,2015,,MN
131159,2017,,MN
131159,2018,,MN
914,1995,,MX
914,1996,,MX
914,1997,,MX
914,1998,,MX
317,1963,,NO
317,1964,,NO
317,1965,,NO
317,1966,,NO
317,1967,,NO
317,1968,,NO
317,1969,,NO
317,1970,,NO
317,1971,,NO
317,1972,,NO
317,1973,,NO
317,1974,,NO
317,1975,,NO
317,1976,,NO
317,1977,,NO
317,1978,,NO
317,1979,,NO
317,1980,,NO
317,1981,,NO
317,1982,,NO
317,1983,,NO
317,1984,,NO
317,1985,,NO
317,1986,,NO
317,1987,,NO
317,1988,,NO
317,1989,,NO
317,1990,,NO
317,1991,,NO
317,1992,,NO
317,1993,,NO
317,1994,,NO
317,1995,,NO
317,1996,,NO
317,1997,,NO
317,1998,,NO
317,1999,,NO
317,2000,,NO
317,2001,,NO
317,2002,,NO
317,2003,,NO
317,2004,,NO
317,2005,,NO
317,2006,,NO
317,2007,,NO
317,2008,,NO
317,2009,,NO
317,2010,,NO
317,2011,,NO
317,2012,,NO
317,2013,,NO
317,2014,,NO
317,2015,,NO
317,2016,,NO
317,2017,,NO
317,2018,,NO
317,2019,,NO
317,2020,,NO
317,2021,,NO
317,2022,,NO
317,2023,,NO
317,2024,0.3,NO
317,2025,0.3,NO
321,1988,,NO
321,1989,,NO
321,1990,,NO
321,1991,,NO
321,1992,,NO
321,1993,,NO
321,1994,,NO
321,1995,,NO
321,1996,,NO
321,1997,,NO
321,1998,,NO
321,1999,,NO
321,2000,,NO
321,2001,,NO
321,2002,,NO
321,2003,,NO
321,2004,,NO
321,2005,,NO
321,2006,,NO
321,2007,,NO
321,2008,,NO
321,2009,,NO
321,2010,,NO
321,2011,,NO
321,2012,,NO
321,2013,,NO
321,2014,,NO
321,2015,,NO
321,2016,,NO
321,2017,,NO
321,2018,,NO
321,2019,,NO
321,2020,,NO
321,2021,,NO
321,2022,,NO
321,2023,,NO
321,2024,0.3,NO
321,2025,0.3,NO
1317,1968,,NO
1317,1969,,NO
1317,1970,,NO
1317,1971,,NO
1317,1972,,NO
324,1986,,NO
324,1987,,NO
324,1988,,NO
324,1989,,NO
324,1990,,NO
324,1991,,NO
324,1992,,NO
324,1993,,NO
324,1994,,NO
324,1995,,NO
324,1996,,NO
324,1997,,NO
3964,1962,,NO
3964,1963,,NO
10423,1963,,NO
10423,1964,,NO
10423,1965,,NO
10423,1966,,NO
10423,1967,,NO
10423,1968,,NO
1328,1963,,NO
1328,1964,,NO
1328,1965,,NO
1328,1966,,NO
1328,1967,,NO
1328,1968,,NO
1321,1970,,NO
1321,1971,,NO
1321,1972,,NO
1321,1973,,NO
1321,1974,,NO
1321,1975,,NO
1321,1976,,NO
1321,1977,,NO
3339,2007,,NO
3339,2008,,NO
3339,2009,,NO
3339,2010,,NO
3339,2011,,NO
3339,2012,,NO
3339,2013,,NO
3339,2014,,NO
3339,2015,,NO
3339,2016,,NO
3339,2017,,NO
318,1977,,NO
318,1978,,NO
318,1979,,NO
318,1980,,NO
318,1981,,NO
2671,1963,,NO
2671,1964,,NO
2671,1965,,NO
2671,1966,,NO
2671,1967,,NO
2671,1968,,NO
2671,2003,,NO
2671,2004,,NO
2671,2005,,NO
2671,2006,,NO
2671,2007,,NO
2671,2008,,NO
2671,2009,,NO
2671,2010,,NO
2671,2011,,NO
2671,2012,,NO
2671,2013,,NO
1330,1965,,NO
1330,1966,,NO
1330,1967,,NO
1330,1968,,NO
3488,1970,,NO
3488,1971,,NO
3488,1972,,NO
3488,1973,,NO
298,1970,,NO
298,1971,,NO
298,1972,,NO
298,1973,,NO
298,1974,,NO
298,1975,,NO
298,1976,,NO
298,1977,,NO
298,1978,,NO
298,1979,,NO
298,1980,,NO
298,1981,,NO
298,1982,,NO
298,1983,,NO
298,1984,,NO
298,1985,,NO
298,1986,,NO
298,1987,,NO
298,1988,,NO
298,1989,,NO
298,1990,,NO
298,1991,,NO
298,1992,,NO
298,1993,,NO
298,1994,,NO
298,1995,,NO
298,1996,,NO
298,1997,,NO
298,1998,,NO
298,1999,,NO
298,2000,,NO
298,2001,,NO
298,2002,,NO
298,2003,,NO
298,2004,,NO
298,2005,,NO
298,2006,,NO
298,2007,,NO
298,2008,,NO
298,2009,,NO
298,2010,,NO
298,2011,,NO
298,2012,,NO
298,2013,,NO
298,2014,,NO
298,2015,,NO
298,2016,,NO
298,2017,,NO
298,2018,,NO
298,2019,,NO
298,2020,0.3,NO
298,2021,,NO
298,2022,,NO
298,2023,,NO
298,2024,0.3,NO
298,2025,0.3,NO
3804,1954,,NO
3804,1955,,NO
3804,1956,,NO
1320,1964,,NO
1320,1965,,NO
1320,1966,,NO
1320,1967,,NO
1320,1968,,NO
1320,1974,,NO
1320,1975,,NO
1320,2003,,NO
1320,2004,,NO
1320,2005,,NO
1320,2006,,NO
1320,2007,,NO
1320,2008,,NO
1320,2009,,NO
1320,2010,,NO
1320,2011,,NO
1320,2012,,NO
1320,2013,,NO
299,1962,,NO
299,1963,,NO
299,1964,,NO
299,1965,,NO
299,1966,,NO
299,1967,,NO
299,1968,,NO
299,1969,,NO
299,1970,,NO
299,1971,,NO
299,1972,,NO
299,1973,,NO
299,1974,,NO
299,1975,,NO
299,1976,,NO
299,1977,,NO
299,1978,,NO
299,1979,,NO
299,1980,,NO
299,1981,,NO
299,1982,,NO
299,1983,,NO
299,1984,,NO
299,1985,,NO
299,1986,,NO
299,1987,,NO
299,1988,,NO
299,1989,,NO
299,1990,,NO
299,1991,,NO
299,1992,,NO
299,1993,,NO
299,1994,,NO
299,1995,,NO
299,1996,,NO
299,1997,,NO
299,1998,,NO
299,1999,,NO
299,2000,,NO
299,2001,,NO
299,2002,,NO
299,2003,,NO
299,2004,,NO
299,2005,,NO
299,2006,,NO
299,2007,,NO
299,2008,,NO
299,2009,,NO
299,2010,,NO
299,2011,,NO
299,2012,,NO
299,2013,,NO
299,2014,,NO
299,2015,,NO
299,2016,,NO
299,2017,,NO
299,2018,,NO
299,2019,,NO
299,2020,0.15,NO
299,2021,,NO
299,2022,,NO
299,2023,,NO
299,2024,0.3,NO
299,2025,0.3,NO
322,1986,,NO
322,1987,,NO
322,1988,,NO
322,1989,,NO
322,1990,,NO
322,1991,,NO
322,1992,,NO
322,1993,,NO
322,1994,,NO
322,1995,,NO
322,1996,,NO
322,1997,,NO
322,1998,,NO
322,1999,,NO
322,2000,,NO
322,2001,,NO
322,2002,,NO
322,2003,,NO
322,2004,,NO
322,2005,,NO
322,2006,,NO
322,2007,,NO
322,2008,,NO
322,2009,,NO
322,2010,,NO
322,2011,,NO
322,2012,,NO
322,2013,,NO
322,2014,,NO
322,2015,,NO
322,2016,,NO
322,2017,,NO
322,2018,,NO
322,2019,,NO
322,2020,,NO
322,2021,,NO
322,2022,,NO
322,2023,,NO
322,2024,0.3,NO
322,2025,0.3,NO
26308,1997,,NO
26308,1998,,NO
26308,1999,,NO
26308,2000,,NO
26308,2001,,NO
300,1962,,NO
300,1963,,NO
300,1964,,NO
300,1965,,NO
300,1966,,NO
300,1967,,NO
300,1968,,NO
300,1969,,NO
300,1970,,NO
300,1971,,NO
300,1972,,NO
300,1973,,NO
300,1974,,NO
300,1975,,NO
300,1976,,NO
300,1977,,NO
300,1978,,NO
300,1979,,NO
300,1980,,NO
300,1981,,NO
300,1982,,NO
300,1983,,NO
300,1984,,NO
300,1985,,NO
300,1986,,NO
300,1987,,NO
300,1988,,NO
300,1989,,NO
300,1990,,NO
300,1991,,NO
300,1992,,NO
300,1993,,NO
300,1994,,NO
300,1995,,NO
300,1996,,NO
300,1997,,NO
300,1998,,NO
300,1999,,NO
300,2000,,NO
300,2001,,NO
300,2002,,NO
300,2003,,NO
300,2004,,NO
300,2005,,NO
300,2006,,NO
300,2007,,NO
300,2008,,NO
300,2009,,NO
300,2010,,NO
300,2011,,NO
300,2012,,NO
300,2013,,NO
300,2014,,NO
300,2015,,NO
300,2016,,NO
300,2017,,NO
300,2018,,NO
300,2019,,NO
300,2020,0.15,NO
300,2021,,NO
300,2022,,NO
300,2023,,NO
300,2024,0.3,NO
300,2025,0.3,NO
286,1971,,NO
286,1972,,NO
286,1973,,NO
286,1974,,NO
286,1975,,NO
286,1976,,NO
286,1977,,NO
3661,2010,,NO
3661,2011,,NO
3661,2012,,NO
3661,2013,,NO
3661,2014,,NO
3661,2015,,NO
3806,1954,,NO
3806,1955,,NO
3806,1956,,NO
323,1989,,NO
323,1990,,NO
323,1991,,NO
323,1992,,NO
323,1993,,NO
323,1996,,NO
323,1997,,NO
323,1998,,NO
323,1999,,NO
323,2000,,NO
323,2001,,NO
323,2002,,NO
323,2003,,NO
323,2004,,NO
323,2005,,NO
323,2006,,NO
323,2007,,NO
323,2008,,NO
323,2009,,NO
323,2010,,NO
323,2011,,NO
323,2012,,NO
323,2013,,NO
323,2014,,NO
323,2015,,NO
323,2016,,NO
323,2017,,NO
323,2018,,NO
323,2019,,NO
323,2020,,NO
323,2021,,NO
323,2022,,NO
323,2023,,NO
323,2024,0.3,NO
323,2025,0.3,NO
2295,2000,,NO
2295,2001,,NO
1319,1970,,NO
1319,1971,,NO
10473,2017,,NO
290,1962,,NO
290,1963,,NO
290,1964,,NO
290,1965,,NO
290,1966,,NO
290,1967,,NO
290,1968,,NO
290,1969,,NO
290,1970,,NO
290,1971,,NO
290,1972,,NO
290,1973,,NO
290,1974,,NO
290,1975,,NO
290,1976,,NO
290,1977,,NO
290,1978,,NO
290,1979,,NO
290,1980,,NO
290,1981,,NO
290,1982,,NO
290,1983,,NO
290,1984,,NO
290,1985,,NO
290,1986,,NO
290,1987,,NO
290,1988,,NO
290,1989,,NO
290,1990,,NO
290,1991,,NO
290,1992,,NO
290,1993,,NO
290,1994,,NO
290,1995,,NO
290,1996,,NO
290,1997,,NO
290,1998,,NO
290,1999,,NO
290,2000,,NO
290,2001,,NO
290,2002,,NO
290,2003,,NO
290,2004,,NO
290,2005,,NO
290,2006,,NO
290,2007,,NO
290,2008,,NO
290,2009,,NO
290,2010,,NO
290,2011,,NO
290,2012,,NO
290,2013,,NO
290,2014,,NO
290,2015,,NO
290,2016,,NO
290,2017,,NO
290,2018,,NO
290,2019,,NO
290,2020,,NO
290,2021,,NO
290,2022,,NO
290,2023,,NO
290,2024,0.3,NO
290,2025,0.3,NO
3805,1966,,NO
3805,1967,,NO
3805,1968,,NO
3805,1969,,NO
3805,1970,,NO
2296,1963,,NO
2296,1964,,NO
2296,1965,,NO
2296,1966,,NO
2296,1967,,NO
2296,1968,,NO
2296,1969,,NO
2296,1970,,NO
2296,1971,,NO
2296,1972,,NO
2296,1973,,NO
2296,1974,,NO
2296,1975,,NO
2296,1976,,NO
2296,1977,,NO
2296,1978,,NO
2296,1979,,NO
2296,1980,,NO
2296,1981,,NO
2296,1982,,NO
2296,1983,,NO
2296,1984,,NO
2296,1985,,NO
2296,1986,,NO
2296,1987,,NO
2296,1988,,NO
2296,1989,,NO
2296,1990,,NO
2296,1991,,NO
2296,1992,,NO
2296,1993,,NO
2296,1994,,NO
2296,1995,,NO
2296,1996,,NO
2296,1997,,NO
2296,1998,,NO
2296,1999,,NO
2296,2000,,NO
2296,2001,,NO
2296,2002,,NO
2296,2003,,NO
2296,2004,,NO
2296,2005,,NO
2296,2006,,NO
2296,2007,,NO
2296,2008,,NO
2296,2009,,NO
2296,2010,,NO
2296,2011,,NO
2296,2012,,NO
2296,2013,,NO
2296,2014,,NO
2296,2015,,NO
2296,2016,,NO
2296,2017,,NO
2296,2018,,NO
2296,2019,,NO
2296,2020,0.3,NO
2296,2021,,NO
2296,2022,,NO
2296,2023,,NO
2296,2024,0.3,NO
2296,2025,0.3,NO
10422,1964,,NO
10422,1965,,NO
10422,1966,,NO
10422,1967,,NO
10422,1968,,NO
2670,2002,,NO
2670,2003,,NO
2670,2004,,NO
2670,2011,,NO
2670,2012,,NO
2670,2013,,NO
2670,2014,,NO
2670,2015,,NO
2670,2016,,NO
2670,2017,,NO
341,1998,,NO
341,1999,,NO
319,1988,,NO
319,1989,,NO
319,1990,,NO
319,1991,,NO
302,1949,,NO
302,1950,,NO
302,1951,,NO
302,1952,,NO
302,1953,,NO
302,1954,,NO
302,1955,,NO
302,1956,,NO
302,1957,,NO
302,1958,,NO
302,1959,,NO
302,1960,,NO
302,1961,,NO
302,1962,,NO
302,1963,,NO
302,1964,,NO
302,1965,,NO
302,1966,,NO
302,1967,,NO
302,1968,,NO
302,1969,,NO
302,1970,,NO
302,1971,,NO
302,1972,,NO
302,1973,,NO
302,1974,,NO
302,1975,,NO
302,1976,,NO
302,1977,,NO
302,1978,,NO
302,1979,,NO
302,1980,,NO
302,1981,,NO
302,1982,,NO
302,1983,,NO
302,1984,,NO
302,1985,,NO
302,1986,,NO
302,1987,,NO
302,1988,,NO
302,1989,,NO
302,1990,,NO
302,1991,,NO
302,1992,,NO
302,1993,,NO
302,1994,,NO
302,1995,,NO
302,1996,,NO
302,1997,,NO
302,1998,,NO
302,1999,,NO
302,2000,,NO
302,2001,,NO
302,2002,,NO
302,2003,,NO
302,2004,,NO
302,2005,,NO
302,2006,,NO
302,2007,,NO
302,2008,,NO
302,2009,,NO
302,2010,,NO
302,2011,,NO
302,2012,,NO
302,2013,,NO
302,2014,,NO
302,2015,,NO
302,2016,,NO
302,2017,,NO
302,2018,,NO
302,2019,,NO
302,2020,0.3,NO
302,2021,,NO
302,2022,,NO
302,2023,,NO
302,2024,0.3,NO
302,2025,0.3,NO
287,1964,,NO
287,1965,,NO
287,1966,,NO
287,1967,,NO
287,1973,,NO
287,1974,,NO
287,1975,,NO
287,1979,,NO
287,1980,,NO
287,1981,,NO
287,1982,,NO
297,1985,,NO
297,1986,,NO
297,1987,,NO
297,1988,,NO
297,2000,,NO
297,2001,,NO
297,2002,,NO
297,2003,,NO
297,2004,,NO
297,2005,,NO
1329,1964,,NO
1329,1965,,NO
1329,1966,,NO
1329,1967,,NO
1329,1968,,NO
1329,1991,,NO
1329,1992,,NO
1329,1993,,NO
1329,1994,,NO
1329,1995,,NO
3807,1978,,NO
3807,1979,,NO
320,1988,,NO
320,1989,,NO
320,1990,,NO
320,1991,,NO
320,1992,,NO
320,1993,,NO
320,1994,,NO
320,1995,,NO
320,1996,,NO
320,1997,,NO
320,1998,,NO
320,1999,,NO
320,2000,,NO
3343,2007,,NO
3343,2008,,NO
3343,2009,,NO
3343,2010,,NO
3343,2011,,NO
3343,2012,,NO
3343,2013,,NO
3343,2014,,NO
3343,2015,,NO
3343,2016,,NO
3343,2017,,NO
312,1985,,NO
312,1986,,NO
316,1970,,NO
316,1971,,NO
316,1972,,NO
316,1973,,NO
316,1974,,NO
316,1975,,NO
316,1990,,NO
316,1991,,NO
316,1992,,NO
316,1993,,NO
316,1994,,NO
1316,1966,,NO
1316,1967,,NO
1316,1968,,NO
1316,1969,,NO
1316,1970,,NO
1316,1971,,NO
1316,1972,,NO
2305,1962,,NO
2305,1963,,NO
1331,1967,,NO
1331,1968,,NO
1331,1969,,NO
1331,1970,,NO
1331,1971,,NO
1331,1972,,NO
1318,1968,,NO
1318,1969,,NO
1318,1970,,NO
1318,1971,,NO
1318,1972,,NO
26304,1996,,NO
26304,1997,,NO
26304,1998,,NO
26304,1999,,NO
26304,2000,,NO
906,1979,,NP
906,1996,,NP
906,1997,,NP
906,1998,,NP
906,1999,,NP
3996,2008,0.28,NP
3996,2009,0.28,NP
3996,2010,0.28,NP
3996,2011,0.28,NP
3996,2012,0.28,NP
3996,2013,0.28,NP
3996,2014,0.28,NP
3996,2015,0.28,NP
3996,2016,0.28,NP
3996,2017,0.16,NP
3996,2018,0.16,NP
3996,2019,0.19,NP
3996,2020,0.22,NP
3996,2021,0.24,NP
3996,2022,0.26,NP
3996,2023,0.28,NP
3996,2024,0.28,NP
3997,2010,0.28,NP
3997,2011,0.28,NP
3997,2012,0.28,NP
3997,2013,0.28,NP
3997,2014,0.28,NP
3997,2015,0.28,NP
3997,2016,0.28,NP
3997,2017,0.28,NP
3997,2018,0.28,NP
3997,2019,0.28,NP
3997,2020,0.28,NP
3997,2021,0.28,NP
3997,2022,0.28,NP
3997,2023,0.28,NP
3997,2024,0.28,NP
1516,1999,,NP
1516,2012,0.34,NP
1516,2013,0.32,NP
1516,2014,0.34,NP
1516,2015,0.35,NP
1516,2016,0.27,NP
1516,2017,0.31,NP
1516,2018,,NP
1516,2019,,NP
1516,2020,,NP
1516,2021,,NP
1516,2022,,NP
1516,2023,,NP
1516,2024,,NP
1516,2025,,NP
216959,2016,,NP
216959,2017,,NP
216959,2018,,NP
216959,2019,,NP
216959,2021,,NP
216959,2022,,NP
216959,2023,,NP
216959,2024,,NP
10401,2011,,NP
10401,2012,,NP
10401,2013,,NP
10401,2014,,NP
10401,2015,,NP
10401,2016,0.27,NP
10401,2017,0.27,NP
10401,2018,0.27,NP
10401,2019,0.27,NP
10401,2020,0.27,NP
10401,2021,0.27,NP
10401,2022,0.27,NP
10401,2023,0.27,NP
10401,2024,0.27,NP
912,2012,0.4,NP
912,2013,0.29,NP
912,2014,0.27,NP
912,2015,0.26,NP
912,2016,0.23,NP
912,2017,0.2,NP
912,2018,,NP
912,2019,,NP
912,2020,,NP
912,2021,,NP
912,2022,,NP
912,2023,,NP
912,2024,,NP
912,2025,,NP
1597,2005,0.247,NZ
1597,2006,0.283,NZ
1597,2007,0.403,NZ
1597,2008,0.228,NZ
1597,2009,0.211,NZ
1597,2010,0.241,NZ
1597,2011,0.187,NZ
1597,2012,0.281,NZ
1597,2013,0.418,NZ
1597,2014,0.373,NZ
1597,2015,0.314,NZ
1597,2016,0.305,NZ
1597,2017,0.215,NZ
1597,2018,0.323,NZ
1597,2019,0.25,NZ
1597,2020,0.19,NZ
1597,2021,0.353,NZ
1597,2022,0.351,NZ
1597,2023,0.423,NZ
1597,2024,0.4,NZ
1597,2025,0.421,NZ
900,1970,,NZ
900,1971,,NZ
900,1972,,NZ
900,1973,,NZ
900,1974,,NZ
900,1975,,NZ
1552,1958,,NZ
1538,2010,,NZ
1538,2011,0.2,NZ
1538,2012,0.2,NZ
1538,2013,0.2,NZ
1538,2014,0.2,NZ
1538,2015,0.2,NZ
1538,2016,0.2,NZ
1538,2017,0.2,NZ
1538,2018,0.2,NZ
1538,2019,0.2,NZ
1538,2020,0.2,NZ
1538,2021,0.2,NZ
1538,2022,0.2,NZ
1538,2023,0.2,NZ
1538,2024,0.2,NZ
1538,2025,0.2,NZ
1074,1959,,NZ
35232,2005,,PE
35232,2006,,PE
35232,2007,,PE
35232,2008,,PE
35232,2009,,PE
35232,2010,,PE
35232,2011,,PE
35232,2012,,PE
35232,2013,,PE
35232,2014,,PE
35232,2015,,PE
35232,2016,,PE
35232,2017,,PE
35232,2018,,PE
35232,2019,,PE
35232,2020,,PE
35232,2021,,PE
35232,2022,,PE
35232,2023,,PE
35232,2024,,PE
35232,2025,,PE
35274,2016,,PE
35274,2018,,PE
35274,2019,,PE
35274,2020,,PE
35274,2021,,PE
35274,2022,,PE
35274,2023,,PE
35274,2024,,PE
35274,2025,,PE
219,1976,,PE
219,1977,,PE
219,1978,,PE
219,1979,,PE
219,1980,,PE
225,1978,,PE
225,1979,,PE
225,1980,,PE
225,1981,,PE
225,1982,,PE
225,1983,,PE
226,1978,,PE
226,1979,,PE
226,1980,,PE
226,1981,,PE
226,1982,,PE
226,1983,,PE
226,1984,,PE
226,1985,,PE
226,1986,,PE
226,1987,,PE
226,1988,,PE
226,2005,,PE
226,2006,,PE
226,2007,,PE
226,2008,,PE
226,2009,,PE
226,2010,,PE
226,2011,,PE
226,2012,,PE
226,2013,,PE
226,2014,,PE
226,2015,,PE
226,2016,,PE
226,2017,,PE
226,2018,,PE
226,2019,,PE
226,2020,,PE
226,2021,,PE
226,2022,,PE
226,2023,,PE
226,2024,,PE
226,2025,,PE
703,1960,,RU
703,1961,,RU
703,1962,,RU
703,1963,,RU
703,1964,,RU
703,1965,,RU
703,1966,,RU
703,1967,,RU
703,1968,,RU
703,1969,,RU
703,1970,,RU
703,1971,,RU
703,1972,,RU
703,1973,,RU
703,1974,,RU
726,1968,,RU
726,1969,,RU
726,1970,,RU
726,1971,,RU
726,1972,,RU
726,1973,,RU
726,1974,,RU
726,1975,,RU
726,1976,,RU
726,1977,,RU
726,1978,,RU
726,1979,,RU
726,1980,,RU
726,1981,,RU
726,1982,,RU
726,1983,,RU
726,1984,,RU
726,1985,,RU
726,1986,,RU
726,1987,,RU
726,1988,,RU
726,1989,,RU
726,1990,,RU
726,1991,,RU
726,1992,,RU
726,1993,,RU
726,1994,,RU
726,1995,,RU
726,1996,,RU
726,1997,,RU
726,1998,,RU
726,1999,,RU
726,2000,,RU
726,2001,0.01,RU
726,2002,0.01,RU
726,2003,0.01,RU
726,2004,0.01,RU
726,2005,0.01,RU
726,2006,,RU
726,2007,,RU
726,2008,0.01,RU
726,2009,0.01,RU
726,2010,0.01,RU
726,2011,0.01,RU
726,2012,0.01,RU
726,2013,0.01,RU
726,2014,0.01,RU
726,2015,0.01,RU
726,2016,0.01,RU
726,2017,0.01,RU
726,2018,0.01,RU
726,2019,0.01,RU
726,2020,0.01,RU
726,2021,0.01,RU
726,2022,0.01,RU
726,2023,0.01,RU
726,2024,0.01,RU
726,2025,0.01,RU
761,1984,,RU
761,1985,,RU
761,1986,,RU
761,1987,,RU
761,1988,,RU
761,1989,,RU
761,1990,,RU
761,1991,,RU
761,1992,,RU
761,1993,,RU
761,1994,,RU
761,1995,,RU
761,1996,,RU
761,1997,,RU
761,1998,,RU
761,1999,,RU
761,2000,,RU
761,2001,0.01,RU
761,2002,0.01,RU
761,2003,0.01,RU
761,2004,0.01,RU
761,2005,0.01,RU
761,2006,,RU
761,2007,,RU
761,2008,,RU
761,2009,,RU
761,2010,,RU
761,2011,,RU
761,2012,,RU
761,2013,,RU
761,2014,,RU
761,2015,,RU
761,2016,,RU
761,2017,,RU
761,2018,,RU
761,2019,,RU
761,2020,,RU
761,2021,,RU
761,2022,,RU
761,2023,,RU
761,2024,0.05,RU
761,2025,0.05,RU
832,1979,,RU
730,1958,,RU
730,1959,,RU
730,1960,,RU
730,1961,,RU
730,1962,,RU
730,1963,,RU
730,1964,,RU
730,1965,,RU
730,1966,,RU
730,1967,,RU
730,1968,,RU
730,1969,,RU
730,1970,,RU
730,1971,,RU
730,1972,,RU
730,1973,,RU
730,1974,,RU
730,1975,,RU
730,1976,,RU
730,1977,,RU
730,1978,,RU
730,1979,,RU
730,1980,,RU
730,1981,,RU
10495,1964,,RU
10495,1965,,RU
10495,1966,,RU
10495,1967,,RU
10495,1968,,RU
10495,1969,,RU
10495,1970,,RU
10495,1971,,RU
10495,1972,,RU
10495,1973,,RU
10495,1974,,RU
10495,1975,,RU
10495,1976,,RU
10495,1977,,RU
3917,1966,,RU
3917,1967,,RU
3917,1968,,RU
3917,1969,,RU
3917,1970,,RU
700,1974,,RU
700,1975,,RU
700,1976,,RU
700,1977,,RU
700,1978,,RU
700,1979,,RU
3957,1968,,RU
3957,1969,,RU
3957,1970,,RU
3957,1971,,RU
3957,1972,,RU
3957,1973,,RU
3957,1974,,RU
791,1960,,RU
791,1971,,RU
791,1975,,RU
791,1976,,RU
791,1977,,RU
791,1978,,RU
791,1979,,RU
791,1980,,RU
791,1981,,RU
791,1982,,RU
791,1984,,RU
791,1996,,RU
791,1997,,RU
791,1998,,RU
791,1999,,RU
791,2000,,RU
790,1973,,RU
790,1974,,RU
790,1975,,RU
790,1976,,RU
790,1977,,RU
790,1978,,RU
790,1979,,RU
790,1980,,RU
790,1981,,RU
790,1982,,RU
790,1983,,RU
790,1984,,RU
790,1985,,RU
790,1986,,RU
790,1987,,RU
790,1988,,RU
790,1989,,RU
790,1990,,RU
790,1991,,RU
790,1992,,RU
790,1993,,RU
790,1994,,RU
790,1995,,RU
790,1996,,RU
790,1997,,RU
789,1985,,RU
794,1977,,RU
794,1978,,RU
794,1979,,RU
794,1980,,RU
794,1981,,RU
794,1982,,RU
794,1983,,RU
794,1984,,RU
794,1985,,RU
794,1986,,RU
794,1987,,RU
794,1988,,RU
794,1989,,RU
794,1990,,RU
794,1991,,RU
794,1992,,RU
794,1993,,RU
794,1994,,RU
794,1995,,RU
794,1996,,RU
794,1997,,RU
794,1998,,RU
794,1999,,RU
794,2000,,RU
794,2001,0.01,RU
794,2002,0.01,RU
794,2003,0.01,RU
794,2004,0.01,RU
794,2005,0.01,RU
794,2006,,RU
794,2007,,RU
794,2008,,RU
794,2009,,RU
794,2010,,RU
794,2011,,RU
794,2012,,RU
794,2019,,RU
794,2020,,RU
794,2021,,RU
794,2022,,RU
794,2023,,RU
794,2024,0.05,RU
794,2025,0.05,RU
795,1962,,RU
795,1963,,RU
795,1964,,RU
795,1965,,RU
795,1966,,RU
795,1967,,RU
795,1968,,RU
795,1969,,RU
795,1970,,RU
795,1971,,RU
795,1972,,RU
795,1973,,RU
795,1974,,RU
795,1975,,RU
795,1976,,RU
795,1977,,RU
795,1978,,RU
795,1979,,RU
795,1980,,RU
795,1981,,RU
795,1982,,RU
795,1983,,RU
795,1984,,RU
795,1985,,RU
795,1986,,RU
795,1987,,RU
795,1988,,RU
795,1989,,RU
795,1990,,RU
795,1991,,RU
795,1992,,RU
795,1993,,RU
795,1994,,RU
795,1995,,RU
795,1996,,RU
795,1997,,RU
795,1998,,RU
795,1999,,RU
795,2000,,RU
795,2001,0.01,RU
795,2002,0.01,RU
795,2003,0.01,RU
795,2004,0.01,RU
795,2005,0.01,RU
795,2006,,RU
795,2007,,RU
795,2008,,RU
795,2009,,RU
795,2010,,RU
795,2011,,RU
795,2012,,RU
727,1967,,RU
727,1968,,RU
727,1969,,RU
727,1970,,RU
727,1971,,RU
727,1972,,RU
727,1973,,RU
727,1974,,RU
727,1975,,RU
727,1976,,RU
727,1977,,RU
727,1978,,RU
727,1979,,RU
727,1980,,RU
727,1981,,RU
727,1982,,RU
755,2025,0.05,RU
788,1980,,RU
788,1981,,RU
788,1982,,RU
788,1983,,RU
788,1984,,RU
787,1980,,RU
787,1981,,RU
787,1982,,RU
787,1983,,RU
787,1984,,RU
3534,1957,,RU
3534,1958,,RU
3534,1959,,RU
3534,1960,,RU
3534,1961,,RU
3534,1962,,RU
3534,1963,,RU
3534,1964,,RU
3534,1965,,RU
3534,1966,,RU
3534,1967,,RU
3534,1968,,RU
3534,1969,,RU
729,1958,,RU
729,1959,,RU
729,1960,,RU
729,1961,,RU
729,1962,,RU
729,1963,,RU
729,1964,,RU
729,1965,,RU
729,1966,,RU
729,1967,,RU
729,1968,,RU
729,1969,,RU
729,1970,,RU
729,1971,,RU
729,1972,,RU
729,1973,,RU
729,1974,,RU
729,1975,,RU
729,1976,,RU
729,1977,,RU
729,1978,,RU
729,1979,,RU
729,1980,,RU
729,1981,,RU
3968,1988,,RU
831,1980,,RU
831,1981,,RU
831,1982,,RU
831,1983,,RU
831,1984,,RU
831,1985,,RU
831,1986,,RU
831,1987,,RU
831,1988,,RU
831,1989,,RU
831,1990,,RU
3938,1958,,RU
4323,1958,,RU
4323,1959,,RU
4323,1968,,RU
4323,1969,,RU
3785,1988,,RU
3785,1989,,RU
3785,1998,,RU
3785,1999,,RU
3961,1977,,RU
704,1960,,RU
704,1961,,RU
704,1962,,RU
704,1963,,RU
704,1964,,RU
704,1965,,RU
704,1966,,RU
704,1967,,RU
704,1968,,RU
704,1969,,RU
704,1970,,RU
707,1975,,RU
707,1976,,RU
707,1977,,RU
707,1978,,RU
707,1979,,RU
707,1980,,RU
707,1981,,RU
707,1986,,RU
707,1987,,RU
707,1988,,RU
3959,1968,,RU
3959,1969,,RU
3959,1970,,RU
3959,1971,,RU
3959,1972,,RU
3959,1973,,RU
3959,1974,,RU
3958,1968,,RU
3958,1969,,RU
3958,1970,,RU
3958,1971,,RU
3958,1972,,RU
3958,1973,,RU
3958,1974,,RU
780,1977,,RU
780,1978,,RU
780,1979,,RU
780,1980,,RU
780,1981,,RU
780,1982,,RU
780,1983,,RU
780,1984,,RU
780,1985,,RU
780,1986,,RU
780,1987,,RU
780,1988,,RU
780,1989,,RU
780,1990,,RU
780,1991,,RU
780,1992,,RU
780,1993,,RU
780,1994,,RU
780,1995,,RU
780,1996,,RU
780,1997,,RU
780,1998,,RU
780,1999,,RU
780,2000,,RU
780,2001,0.01,RU
780,2002,0.01,RU
780,2003,0.01,RU
780,2004,0.01,RU
780,2005,0.01,RU
780,2006,,RU
780,2007,,RU
780,2008,,RU
780,2009,,RU
780,2010,,RU
780,2011,,RU
780,2012,,RU
725,1977,,RU
3963,1986,,SE
3963,1987,,SE
330,1942,,SE
330,1943,,SE
330,1944,,SE
330,1946,,SE
330,1948,,SE
330,1982,,SE
330,1983,,SE
330,1984,,SE
330,1985,,SE
330,1990,,SE
330,1991,,SE
330,1992,,SE
330,1993,,SE
329,1986,,SE
329,1987,,SE
329,1988,,SE
1461,1990,,SE
1461,1991,,SE
1461,1992,,SE
1461,1993,,SE
1461,1994,,SE
1461,1995,,SE
1461,1996,,SE
1461,1997,,SE
1461,1998,,SE
1461,1999,,SE
1461,2000,,SE
1461,2001,,SE
1461,2002,,SE
1461,2003,,SE
1461,2004,,SE
1461,2005,,SE
1461,2006,,SE
1461,2007,,SE
1461,2008,,SE
1461,2009,,SE
1461,2010,,SE
1461,2011,,SE
1461,2012,,SE
1461,2014,,SE
1461,2015,,SE
1461,2016,,SE
1461,2017,,SE
1461,2018,,SE
1461,2019,,SE
1461,2020,,SE
1461,2021,,SE
1461,2022,,SE
1461,2023,,SE
1461,2024,0.04,SE
1461,2025,0.05,SE
338,1954,,SE
327,1997,,SE
327,1998,,SE
327,1999,,SE
327,2000,,SE
327,2001,,SE
327,2002,,SE
334,1946,,SE
334,1950,,SE
334,1982,,SE
334,1983,,SE
334,1984,,SE
334,1985,,SE
334,1986,,SE
334,1987,,SE
334,1988,,SE
334,1989,,SE
334,1990,,SE
334,1991,,SE
334,1992,,SE
334,1993,,SE
334,1994,,SE
334,1995,,SE
334,1996,,SE
334,1997,,SE
334,1998,,SE
334,1999,,SE
334,2000,,SE
334,2001,0.1,SE
334,2002,,SE
334,2003,0.1,SE
334,2005,0.1,SE
334,2006,,SE
334,2008,,SE
334,2009,,SE
334,2010,,SE
334,2011,,SE
334,2012,,SE
334,2015,,SE
334,2016,,SE
334,2017,,SE
334,2018,,SE
334,2019,,SE
334,2020,,SE
334,2021,,SE
334,2022,,SE
334,2023,,SE
334,2024,0.04,SE
334,2025,0.05,SE
342,1986,,SE
342,1987,,SE
342,1988,,SE
342,1989,,SE
342,1990,,SE
342,1991,,SE
342,1992,,SE
342,1993,,SE
342,1994,,SE
342,1995,,SE
342,1996,,SE
342,1997,,SE
342,1998,,SE
342,1999,,SE
342,2000,,SE
342,2001,0.1,SE
342,2002,0.1,SE
342,2003,0.1,SE
342,2005,0.1,SE
342,2006,,SE
342,2007,,SE
342,2008,,SE
342,2009,,SE
342,2010,,SE
342,2011,,SE
342,2012,,SE
342,2015,,SE
342,2016,,SE
342,2017,,SE
342,2018,,SE
342,2019,,SE
342,2020,,SE
342,2021,,SE
342,2022,,SE
342,2023,,SE
342,2024,0.04,SE
342,2025,0.05,SE
332,1946,,SE
332,1947,,SE
332,1948,,SE
332,1949,,SE
332,1950,,SE
332,1951,,SE
332,1952,,SE
332,1953,,SE
332,1954,,SE
332,1955,,SE
332,1956,,SE
332,1957,,SE
332,1958,,SE
332,1959,,SE
332,1960,,SE
332,1961,,SE
332,1962,,SE
332,1963,,SE
332,1964,,SE
332,1965,,SE
332,1966,,SE
332,1967,,SE
332,1968,,SE
332,1969,,SE
332,1970,,SE
332,1971,,SE
332,1972,,SE
332,1973,,SE
332,1974,,SE
332,1975,,SE
332,1976,,SE
332,1977,,SE
332,1978,,SE
332,1979,,SE
332,1980,,SE
332,1981,,SE
332,1982,,SE
332,1983,,SE
332,1984,,SE
332,1985,,SE
332,1986,,SE
332,1987,,SE
332,1988,,SE
332,1989,,SE
332,1990,,SE
332,1991,,SE
332,1992,,SE
332,1993,,SE
332,1994,,SE
332,1995,,SE
332,1996,,SE
332,1997,,SE
332,1998,,SE
332,1999,,SE
332,2000,,SE
332,2001,,SE
332,2002,,SE
332,2003,,SE
332,2004,,SE
332,2005,,SE
332,2006,,SE
332,2007,,SE
332,2008,,SE
332,2009,,SE
332,2010,,SE
332,2011,,SE
332,2012,,SE
332,2013,,SE
332,2014,,SE
332,2015,,SE
332,2016,,SE
332,2017,,SE
332,2018,,SE
332,2019,,SE
332,2020,,SE
332,2021,,SE
332,2022,,SE
332,2023,,SE
332,2024,0.04,SE
332,2025,0.05,SE
326,1986,,SE
326,1987,,SE
326,1988,,SE
326,1989,,SE
326,1990,,SE
326,1991,,SE
326,1992,,SE
326,2000,0.1,SE
326,2001,0.1,SE
326,2003,0.1,SE
326,2004,0.1,SE
326,2005,0.1,SE
326,2006,,SE
326,2007,,SE
326,2008,,SE
326,2009,,SE
326,2010,,SE
326,2011,,SE
326,2012,,SE
326,2015,,SE
3948,1934,,SJ
3470,1976,,SJ
3470,2002,,SJ
3470,2003,,SJ
3470,2004,,SJ
3470,2005,,SJ
3470,2006,,SJ
3470,2007,,SJ
3470,2008,0.14,SJ
3470,2009,0.15,SJ
3470,2010,0.14,SJ
3470,2011,,SJ
3470,2012,,SJ
3470,2014,0.16,SJ
3470,2015,0.23,SJ
3470,2016,0.25,SJ
3470,2017,0.25,SJ
3470,2018,0.22,SJ
3470,2019,0.23,SJ
3470,2020,0.24,SJ
3470,2021,0.26,SJ
3470,2022,0.25,SJ
3470,2023,0.23,SJ
3470,2024,0.25,SJ
3470,2025,0.18,SJ
292,1967,,SJ
292,1968,,SJ
292,1969,,SJ
292,1970,,SJ
292,1971,,SJ
292,1972,,SJ
292,1973,,SJ
292,1974,,SJ
292,1975,,SJ
292,1976,,SJ
292,1977,,SJ
292,1978,,SJ
292,1979,,SJ
292,1980,,SJ
292,1981,,SJ
292,1982,,SJ
292,1983,,SJ
292,1984,,SJ
292,1985,,SJ
292,1986,,SJ
292,1987,,SJ
292,1988,,SJ
292,1989,,SJ
292,1990,,SJ
292,1991,,SJ
292,1992,,SJ
292,1993,,SJ
292,1994,,SJ
292,1995,,SJ
292,1996,,SJ
292,1997,,SJ
292,1998,,SJ
292,1999,,SJ
292,2000,,SJ
292,2001,,SJ
292,2002,,SJ
292,2003,,SJ
292,2004,,SJ
292,2005,,SJ
292,2006,,SJ
292,2007,,SJ
292,2008,,SJ
292,2009,,SJ
292,2010,,SJ
292,2011,,SJ
292,2012,,SJ
292,2013,,SJ
292,2014,,SJ
292,2015,,SJ
292,2016,,SJ
292,2017,,SJ
292,2018,,SJ
292,2019,,SJ
292,2020,,SJ
292,2021,,SJ
292,2022,,SJ
292,2023,,SJ
292,2024,,SJ
292,2025,,SJ
3812,2008,0.02,SJ
3812,2009,0.02,SJ
3812,2010,0.02,SJ
3812,2011,0.02,SJ
3812,2012,0.02,SJ
3812,2013,0.02,SJ
3812,2014,0.02,SJ
3812,2015,0.02,SJ
3812,2016,0.02,SJ
3812,2017,0.02,SJ
3812,2018,0.02,SJ
3812,2019,0.02,SJ
3812,2020,0.02,SJ
3812,2021,0.02,SJ
3812,2022,0.02,SJ
3812,2023,0.02,SJ
3812,2024,0.02,SJ
3812,2025,0.02,SJ
3755,1975,,SJ
3755,1976,,SJ
3755,1977,,SJ
3755,1978,,SJ
3755,1979,,SJ
3755,1980,,SJ
3755,1981,,SJ
3755,1982,,SJ
3755,1983,,SJ
3755,1984,,SJ
3755,1985,,SJ
3914,1975,,SJ
3914,1976,,SJ
3914,1977,,SJ
3914,1978,,SJ
3914,1979,,SJ
3914,1980,,SJ
3914,1981,,SJ
3914,1982,,SJ
3914,1983,,SJ
3914,1984,,SJ
3914,1985,,SJ
3914,1986,,SJ
24099,1978,,SJ
24099,1979,,SJ
24099,1980,,SJ
24099,1981,,SJ
24099,1982,,SJ
24099,1983,,SJ
3337,2006,,SJ
3337,2007,,SJ
3337,2008,,SJ
3337,2009,,SJ
3486,1951,,SJ
3486,1952,,SJ
3486,1953,,SJ
3486,1954,,SJ
3486,1955,,SJ
3486,1956,,SJ
3486,1957,,SJ
3486,1958,,SJ
3486,1959,,SJ
3486,1960,,SJ
3486,1961,,SJ
3486,1962,,SJ
3486,1963,,SJ
3486,1964,,SJ
3486,1965,,SJ
3486,1966,,SJ
3486,1967,,SJ
3486,1968,,SJ
3494,1987,,SJ
3494,1988,,SJ
3494,1989,,SJ
3494,1990,,SJ
3494,1991,,SJ
24784,1986,,SJ
24784,1987,,SJ
24784,2013,,SJ
24784,2014,,SJ
24784,2015,,SJ
24784,2016,,SJ
24784,2017,,SJ
24784,2018,,SJ
24784,2019,,SJ
24784,2020,,SJ
24784,2021,,SJ
24784,2022,,SJ
24784,2023,,SJ
24784,2024,,SJ
24784,2025,,SJ
3946,1966,,SJ
3946,1967,,SJ
3946,2004,,SJ
3946,2005,,SJ
3946,2006,,SJ
3946,2014,0.18,SJ
3946,2015,0.24,SJ
3946,2016,0.21,SJ
3946,2017,0.23,SJ
3946,2018,0.22,SJ
3946,2019,0.2,SJ
3946,2020,0.26,SJ
3946,2021,0.21,SJ
3946,2022,0.25,SJ
3946,2023,0.3,SJ
3946,2024,0.29,SJ
3946,2025,0.25,SJ
306,1989,,SJ
306,1990,,SJ
306,1991,,SJ
306,1992,,SJ
306,1993,,SJ
306,1994,,SJ
306,1995,,SJ
306,1996,,SJ
306,1997,,SJ
306,1998,,SJ
306,1999,,SJ
306,2000,,SJ
306,2001,,SJ
306,2002,,SJ
306,2003,,SJ
306,2004,,SJ
306,2005,,SJ
306,2006,0.01,SJ
306,2007,0.01,SJ
306,2008,,SJ
306,2009,,SJ
306,2010,0.01,SJ
306,2011,0.01,SJ
306,2012,0.01,SJ
306,2013,,SJ
306,2014,,SJ
306,2015,,SJ
306,2016,,SJ
306,2017,,SJ
306,2018,,SJ
306,2019,,SJ
306,2021,,SJ
306,2022,,SJ
2669,2002,,SJ
2669,2003,,SJ
2669,2004,,SJ
2669,2005,,SJ
2669,2006,,SJ
2669,2007,,SJ
2669,2008,,SJ
2669,2009,,SJ
2669,2010,,SJ
2669,2011,,SJ
2669,2012,,SJ
2669,2013,,SJ
2669,2014,,SJ
2669,2015,,SJ
2669,2016,,SJ
2669,2017,,SJ
2669,2018,,SJ
2669,2019,,SJ
2669,2020,,SJ
2669,2021,,SJ
2669,2022,,SJ
2669,2023,,SJ
2669,2024,,SJ
2669,2025,,SJ
1456,1987,,SJ
1456,1988,,SJ
1456,1989,,SJ
1456,1990,,SJ
1456,1991,,SJ
1456,1992,,SJ
1456,1993,,SJ
1456,1994,,SJ
1456,1995,,SJ
1456,1996,,SJ
1456,1997,,SJ
1456,1998,,SJ
1456,1999,,SJ
1456,2000,,SJ
1456,2001,,SJ
1456,2002,,SJ
1456,2003,,SJ
1456,2004,,SJ
1456,2005,,SJ
1456,2006,,SJ
1456,2007,,SJ
1456,2008,,SJ
1456,2009,,SJ
1456,2010,,SJ
1456,2011,,SJ
1456,2012,,SJ
1456,2013,,SJ
1456,2014,,SJ
1456,2015,,SJ
1456,2016,,SJ
1456,2017,,SJ
1456,2018,,SJ
1456,2019,,SJ
1456,2020,,SJ
1456,2021,,SJ
1456,2022,,SJ
1456,2023,,SJ
1456,2024,,SJ
1456,2025,,SJ
3504,2003,,SJ
3504,2004,,SJ
3504,2005,,SJ
3504,2006,,SJ
3504,2013,,SJ
3504,2014,,SJ
3504,2015,,SJ
3504,2016,,SJ
3504,2017,,SJ
3504,2018,,SJ
3504,2019,,SJ
3504,2020,,SJ
3504,2021,,SJ
3504,2022,,SJ
3504,2023,,SJ
3504,2024,,SJ
3504,2025,,SJ
24582,1977,,SJ
24582,1978,,SJ
24582,1979,,SJ
24582,1980,,SJ
24582,1981,,SJ
24582,1982,,SJ
291,1968,,SJ
291,1969,,SJ
291,1970,,SJ
291,1971,,SJ
291,1972,,SJ
291,1973,,SJ
291,1974,,SJ
291,1975,,SJ
291,1976,,SJ
291,1977,,SJ
291,1978,,SJ
291,1979,,SJ
291,1980,,SJ
291,1981,,SJ
291,1982,,SJ
291,1983,,SJ
291,1984,,SJ
291,1985,,SJ
291,1986,,SJ
291,1987,,SJ
291,1988,,SJ
291,1989,,SJ
291,1990,,SJ
291,1991,,SJ
291,1992,,SJ
291,1993,,SJ
291,1994,,SJ
291,1995,,SJ
291,1996,,SJ
291,1997,,SJ
291,1998,,SJ
291,1999,,SJ
291,2000,,SJ
291,2001,,SJ
291,2002,,SJ
291,2003,,SJ
291,2004,,SJ
291,2005,,SJ
291,2006,,SJ
291,2007,,SJ
291,2008,,SJ
291,2009,,SJ
291,2010,,SJ
291,2011,,SJ
291,2012,,SJ
291,2013,,SJ
291,2014,,SJ
291,2015,,SJ
291,2016,,SJ
291,2017,,SJ
291,2018,,SJ
291,2019,,SJ
291,2020,,SJ
291,2021,,SJ
291,2022,,SJ
291,2023,,SJ
291,2024,,SJ
291,2025,,SJ
3479,2006,,SJ
3479,2007,,SJ
3479,2008,,SJ
3479,2009,,SJ
3479,2010,,SJ
3479,2011,,SJ
3479,2012,,SJ
3479,2013,,SJ
3479,2014,,SJ
3479,2015,,SJ
3479,2016,,SJ
3479,2017,,SJ
3479,2018,,SJ
3479,2019,,SJ
3479,2021,,SJ
8380,2011,,SJ
8380,2012,,SJ
8380,2013,,SJ
8380,2014,,SJ
8380,2015,,SJ
8380,2016,,SJ
8380,2017,,SJ
8380,2018,,SJ
3912,1967,,SJ
3912,1974,,SJ
3912,1975,,SJ
3912,1976,,SJ
3912,1977,,SJ
3912,1978,,SJ
3912,1979,,SJ
3912,1980,,SJ
3912,1981,,SJ
3912,1982,,SJ
3912,1983,,SJ
3912,1984,,SJ
3912,1985,,SJ
3912,1986,,SJ
3912,1987,,SJ
3912,1988,,SJ
3912,2005,,SJ
3912,2006,,SJ
2307,1995,,SJ
2307,1996,,SJ
2307,1997,,SJ
2307,1998,,SJ
2307,1999,,SJ
2307,2000,,SJ
2307,2001,,SJ
2307,2002,,SJ
2307,2003,,SJ
2307,2004,,SJ
2307,2005,,SJ
2307,2006,,SJ
2307,2007,,SJ
2307,2008,,SJ
2307,2009,,SJ
2307,2010,,SJ
2307,2011,,SJ
2307,2012,,SJ
2307,2013,,SJ
2307,2014,,SJ
2307,2015,,SJ
2307,2016,,SJ
2307,2017,,SJ
2307,2018,,SJ
2307,2019,,SJ
2307,2020,,SJ
2307,2021,,SJ
2307,2022,,SJ
2307,2023,,SJ
2307,2024,,SJ
2307,2025,,SJ
305,1980,,SJ
305,1994,,SJ
305,1999,,SJ
305,2000,,SJ
305,2001,,SJ
305,2002,,SJ
305,2009,,SJ
305,2010,,SJ
305,2011,,SJ
305,2012,0.015,SJ
305,2013,0.21,SJ
305,2014,0.21,SJ
305,2015,0.21,SJ
305,2016,0.21,SJ
305,2017,0.21,SJ
305,2018,0.21,SJ
305,2019,,SJ
305,2020,0.03,SJ
305,2021,,SJ
305,2022,0.21,SJ
305,2023,,SJ
712,1983,,TJ
712,1984,,TJ
712,1985,,TJ
13493,2019,,TJ
13493,2020,,TJ
13493,2021,,TJ
13493,2022,,TJ
13493,2023,,TJ
13493,2025,,TJ
167234,2020,,TJ
21063,2021,,TJ
21063,2022,,TJ
21063,2023,,TJ
21063,2024,,TJ
21063,2025,,TJ
166938,2020,,TJ
1341,1970,,US
1354,1970,,US
1354,1971,,US
1354,1972,,US
1354,1973,,US
1354,2003,,US
1356,1969,,US
1356,1970,,US
1356,1971,,US
1356,1972,,US
1356,1973,,US
80,1972,,US
80,1973,,US
80,1974,,US
80,1975,,US
80,1976,,US
80,1977,,US
80,1978,,US
80,1979,,US
80,1980,,US
80,1981,,US
80,1982,,US
80,1983,,US
80,1984,,US
80,1985,,US
80,1986,,US
80,1987,,US
80,1988,,US
80,1989,,US
80,1990,,US
80,1991,,US
80,1992,,US
80,1993,,US
80,1994,,US
80,1995,,US
80,1996,,US
80,1997,,US
80,1998,,US
80,1999,,US
80,2000,,US
80,2001,,US
80,2002,,US
80,2003,,US
80,2004,,US
80,2005,,US
80,2006,,US
80,2007,,US
80,2008,,US
80,2009,,US
80,2010,,US
80,2011,,US
80,2012,,US
80,2013,,US
80,2014,,US
80,2015,,US
80,2016,,US
210,1956,,US
210,1957,,US
210,1958,,US
210,1959,,US
210,1960,,US
210,1961,,US
210,1962,,US
210,1963,,US
210,1964,,US
210,1965,,US
210,1966,,US
210,1967,,US
210,1968,,US
210,1969,,US
210,1970,,US
210,1971,,US
210,1972,,US
210,1973,,US
210,1974,,US
210,1975,,US
210,1976,,US
210,1977,,US
210,1978,,US
210,1979,,US
210,1980,,US
210,1981,,US
210,1982,,US
210,1983,,US
210,1984,,US
210,1985,,US
210,1986,,US
210,1987,,US
210,1988,,US
210,1989,,US
210,1990,,US
210,1991,,US
210,1992,,US
210,1993,,US
210,1994,,US
210,1995,,US
210,1996,,US
210,1997,,US
210,1998,,US
210,1999,,US
210,2014,0.17,US
210,2015,0.4,US
210,2016,0.61,US
76,1984,,US
76,1985,,US
76,1986,,US
76,1987,,US
76,1988,,US
76,1989,,US
76,1990,,US
76,1991,,US
76,1992,,US
76,1993,,US
76,1994,,US
76,1995,,US
76,1996,,US
76,1997,,US
76,1998,,US
76,1999,,US
76,2000,,US
76,2001,,US
76,2002,,US
76,2003,,US
76,2004,,US
76,2005,,US
76,2006,0.05,US
76,2007,0.05,US
76,2008,0.05,US
76,2009,0.05,US
76,2010,0.05,US
76,2011,0.05,US
76,2012,0.05,US
76,2013,0.05,US
76,2014,,US
76,2015,0.1,US
76,2016,0.1,US
76,2017,0.15,US
76,2018,0.15,US
76,2019,0.2,US
76,2020,0.15,US
76,2021,,US
76,2022,0.15,US
76,2023,0.15,US
76,2024,0.15,US
76,2025,0.15,US
156,1978,,US
156,2010,,US
156,2011,,US
83,1984,,US
83,1985,,US
83,1986,,US
83,1987,,US
83,1988,,US
83,1989,,US
83,1990,,US
83,1991,,US
83,1992,,US
83,1993,,US
83,1994,,US
83,1995,,US
83,1996,,US
83,1997,,US
83,1998,,US
83,1999,,US
83,2000,,US
83,2001,,US
83,2002,,US
83,2003,,US
83,2004,,US
83,2005,,US
83,2006,0.05,US
83,2007,0.05,US
83,2008,0.05,US
83,2009,0.05,US
83,2010,0.05,US
83,2011,0.05,US
83,2012,0.05,US
83,2013,0.05,US
83,2014,0.05,US
83,2015,0.1,US
83,2016,0.1,US
83,2017,0.15,US
83,2018,0.15,US
83,2019,0.2,US
83,2020,0.3,US
83,2021,,US
83,2022,0.2,US
83,2023,0.25,US
83,2024,0.25,US
83,2025,0.25,US
3949,1950,,US
182,1982,,US
182,1983,,US
1367,1990,,US
1367,1991,,US
1367,1992,,US
1367,1993,,US
1367,1994,,US
1367,1995,,US
1367,1996,,US
1367,1997,,US
1367,1998,,US
1367,1999,,US
1367,2000,,US
1367,2001,,US
1367,2002,,US
1367,2003,,US
1367,2004,,US
1367,2005,,US
1367,2006,0.05,US
1367,2007,0.05,US
1367,2008,0.05,US
1367,2009,0.05,US
1367,2010,0.05,US
1367,2011,0.05,US
1367,2012,0.05,US
1367,2013,0.05,US
1367,2014,0.05,US
1367,2015,0.1,US
1367,2016,0.1,US
1367,2017,0.15,US
1367,2018,0.15,US
1367,2019,0.2,US
1367,2020,0.3,US
1367,2021,,US
1367,2022,0.2,US
1367,2023,0.2,US
1367,2024,0.15,US
1367,2025,0.15,US
188,2014,0.48,US
188,2015,0.45,US
188,2016,0.47,US
85,1986,,US
85,1987,,US
85,1988,,US
85,2008,,US
85,2009,,US
85,2010,,US
85,2011,,US
85,2012,,US
85,2013,,US
85,2014,,US
85,2015,,US
6829,2008,,US
6829,2009,,US
6829,2010,,US
6829,2011,,US
6829,2012,,US
6829,2013,,US
6829,2014,,US
6829,2015,,US
6828,2008,,US
6828,2009,,US
6828,2010,,US
6828,2011,,US
6828,2012,,US
6828,2013,,US
6828,2014,,US
6828,2015,,US
3939,1984,,US
3939,1985,,US
3939,1986,,US
3939,1987,,US
3919,1969,,US
3919,1970,,US
3919,1971,,US
3919,1972,,US
3919,1973,,US
3919,1974,,US
3919,1975,,US
3919,1976,,US
3919,1977,,US
3919,1978,,US
3919,1979,,US
3919,1980,,US
3919,1981,,US
3919,1982,,US
3919,1983,,US
203,2003,,US
203,2006,0.91,US
203,2007,1.01,US
203,2008,0.78,US
203,2009,0.75,US
203,2010,0.77,US
203,2011,0.65,US
203,2012,0.61,US
203,2013,1.08,US
203,2014,1.14,US
203,2015,0.7,US
203,2016,0.56,US
1342,1970,,US
84,1984,,US
84,1985,,US
84,1986,,US
84,1987,,US
84,1988,,US
84,1989,,US
84,1990,,US
84,1991,,US
84,1992,,US
84,1993,,US
84,1994,,US
84,1995,,US
84,1996,,US
84,1997,,US
84,1998,,US
84,1999,,US
84,2000,,US
84,2001,,US
84,2002,,US
84,2003,,US
84,2004,,US
84,2005,,US
84,2006,0.05,US
84,2007,0.05,US
84,2008,0.05,US
84,2009,0.05,US
84,2010,0.05,US
84,2011,0.05,US
84,2012,0.05,US
84,2013,0.05,US
138,1957,,US
138,1958,,US
138,1959,,US
138,1960,,US
138,1961,,US
3976,1985,,US
3976,1986,,US
3921,1967,,US
3921,1968,,US
90,1966,0.44,US
90,1967,0.44,US
90,1968,0.44,US
90,1969,0.44,US
90,1970,0.44,US
90,1971,0.44,US
90,1972,0.44,US
90,1973,0.44,US
90,1974,0.44,US
90,1975,0.44,US
90,1976,0.44,US
90,1977,0.44,US
90,1978,0.44,US
90,1979,0.44,US
90,1980,0.44,US
90,1981,0.44,US
90,1982,0.44,US
90,1983,0.44,US
90,1984,0.44,US
90,1985,0.44,US
90,1986,0.44,US
90,1987,0.44,US
90,1988,0.44,US
90,1989,0.44,US
90,1990,0.44,US
90,1991,0.44,US
90,1992,0.44,US
90,1993,0.44,US
90,1994,0.44,US
90,1995,0.44,US
90,1996,0.44,US
90,1997,0.44,US
90,1998,0.44,US
90,1999,0.44,US
90,2000,0.44,US
90,2001,0.44,US
90,2002,0.44,US
90,2003,0.44,US
90,2004,0.44,US
90,2005,0.44,US
90,2006,0.44,US
90,2007,0.44,US
90,2008,0.44,US
90,2009,0.44,US
90,2010,0.44,US
90,2011,0.44,US
90,2012,0.44,US
90,2013,0.44,US
90,2014,0.44,US
90,2015,0.44,US
90,2016,0.44,US
90,2017,0.44,US
90,2018,0.44,US
90,2019,0.44,US
90,2020,0.44,US
90,2021,0.44,US
90,2022,0.44,US
90,2023,0.44,US
90,2024,,US
90,2025,,US
1355,1970,,US
82,1984,,US
82,1985,,US
82,1986,,US
82,1987,,US
82,1988,,US
82,1989,,US
82,1990,,US
82,1991,,US
82,1992,,US
82,1993,,US
82,1994,,US
82,1995,,US
82,1996,,US
82,1997,,US
82,1998,,US
82,1999,,US
82,2000,,US
82,2001,,US
82,2002,,US
82,2003,,US
82,2004,,US
82,2005,,US
82,2006,0.05,US
82,2007,0.05,US
82,2008,0.05,US
82,2009,0.05,US
82,2010,0.05,US
82,2011,0.05,US
82,2012,0.05,US
82,2013,0.05,US
82,2014,0.05,US
82,2015,0.1,US
82,2016,0.1,US
82,2017,0.1,US
82,2018,0.1,US
82,2019,0.15,US
82,2020,0.3,US
82,2021,,US
82,2022,0.15,US
82,2023,0.15,US
82,2024,0.1,US
1358,1969,,US
1358,1970,,US
3392,1991,,US
3392,1992,,US
3392,1993,,US
3392,1994,,US
3392,1995,,US
3392,1996,,US
3392,1997,,US
3392,1998,,US
3392,1999,,US
3392,2000,,US
3392,2001,,US
3392,2002,,US
3392,2003,,US
3392,2004,,US
3392,2005,,US
3392,2006,,US
3392,2007,,US
3392,2008,,US
3392,2009,,US
3392,2010,,US
3392,2011,,US
3392,2012,,US
3392,2013,,US
3392,2014,,US
3392,2015,,US
3392,2016,,US
3392,2017,,US
3392,2018,,US
3392,2019,,US
3392,2020,,US
3392,2021,,US
3392,2022,,US
3392,2023,,US
3392,2024,,US
10408,2016,,US
10408,2017,,US
10408,2018,,US
10408,2019,,US
10408,2020,,US
10408,2021,,US
10408,2022,,US
10408,2023,,US
10408,2024,,US
3334,1953,0.38,US
3334,1954,0.38,US
3334,1955,0.38,US
3334,1956,0.38,US
3334,1957,0.38,US
3334,1958,0.38,US
3334,1959,0.38,US
3334,1960,0.38,US
3334,1961,0.38,US
3334,1962,0.38,US
3334,1963,0.38,US
3334,1964,0.38,US
3334,1965,0.38,US
3334,1966,0.38,US
3334,1967,0.38,US
3334,1968,0.38,US
3334,1969,0.38,US
3334,1970,0.38,US
3334,1971,0.38,US
3334,1972,0.38,US
3334,1973,0.38,US
3334,1974,0.38,US
3334,1975,0.38,US
3334,1976,0.38,US
3334,1977,0.38,US
3334,1978,0.38,US
3334,1979,0.38,US
3334,1980,0.38,US
3334,1981,0.38,US
3334,1982,0.38,US
3334,1983,0.38,US
3334,1984,0.38,US
3334,1985,0.38,US
3334,1986,0.38,US
3334,1987,0.38,US
3334,1988,0.38,US
3334,1989,0.38,US
3334,1990,0.38,US
3334,1991,0.38,US
3334,1992,0.38,US
3334,1993,0.38,US
3334,1994,0.38,US
3334,1995,0.38,US
3334,1996,0.38,US
3334,1997,0.38,US
3334,1998,0.38,US
3334,1999,0.38,US
3334,2000,0.38,US
3334,2001,0.38,US
3334,2002,0.38,US
3334,2003,0.38,US
3334,2004,0.38,US
3334,2005,0.38,US
3334,2006,0.38,US
3334,2007,0.38,US
3334,2008,0.38,US
3334,2009,0.38,US
3334,2010,0.38,US
3334,2011,0.38,US
3334,2012,0.38,US
3334,2013,0.38,US
3334,2014,0.38,US
3334,2015,0.38,US
3334,2016,0.38,US
3334,2017,0.38,US
3334,2018,0.38,US
3334,2019,0.38,US
3334,2020,0.38,US
3334,2021,0.38,US
3334,2022,0.38,US
3334,2023,0.38,US
3334,2024,,US
3334,2025,,US
3940,1984,,US
3940,1985,,US
3940,1986,,US
3940,1987,,US
77,1984,,US
77,1985,,US
77,1986,,US
77,1987,,US
77,1988,,US
77,1989,,US
77,1990,,US
77,1991,,US
77,1992,,US
77,1993,,US
77,1994,,US
77,1995,,US
77,1996,,US
77,1997,,US
77,1998,,US
77,1999,,US
77,2000,,US
77,2001,,US
77,2002,,US
77,2003,,US
77,2004,,US
77,2005,,US
77,2006,0.05,US
77,2007,0.05,US
77,2008,0.05,US
77,2009,0.05,US
77,2010,0.05,US
77,2011,0.05,US
77,2012,0.05,US
77,2013,0.05,US
77,2014,0.05,US
77,2015,0.1,US
77,2016,0.1,US
77,2017,0.15,US
77,2018,0.15,US
77,2019,0.2,US
77,2020,0.2,US
77,2021,,US
77,2022,0.2,US
77,2023,0.2,US
77,2024,0.15,US
77,2025,0.15,US
3340,1986,,US
3340,1987,,US
3340,1988,,US
3340,1989,,US
3340,1990,,US
3340,1991,,US
3340,1993,,US
3340,1994,,US
3340,1995,,US
3340,1996,,US
3340,1997,,US
3340,1998,,US
3340,1999,,US
3340,2000,,US
81,1984,,US
81,1985,,US
81,1986,,US
81,1987,,US
81,1988,,US
81,1989,,US
81,1990,,US
81,1991,,US
81,1992,,US
81,1993,,US
81,1994,,US
81,1995,,US
81,1996,,US
81,1997,,US
81,1998,,US
81,1999,,US
81,2000,,US
81,2001,,US
81,2002,,US
81,2003,,US
81,2004,,US
81,2005,,US
81,2006,0.05,US
81,2007,0.05,US
81,2008,0.05,US
81,2009,0.05,US
81,2010,0.05,US
81,2011,0.05,US
81,2012,0.05,US
81,2013,0.05,US
81,2014,0.05,US
81,2015,0.1,US
81,2016,0.1,US
81,2017,0.15,US
81,2018,0.15,US
81,2019,0.2,US
81,2020,0.3,US
81,2021,,US
81,2022,0.2,US
81,2023,0.25,US
81,2024,0.2,US
81,2025,0.2,US
181,1981,,US
181,1982,,US
181,1983,,US
1353,1967,,US
1353,1968,,US
1353,1969,,US
1388,1969,,US
1388,1970,,US
1388,1971,,US
1388,1972,,US
1388,1993,,US
1388,1994,,US
1388,1995,,US
1388,1996,,US
1388,1997,,US
1388,1998,,US
1388,1999,,US
1388,2000,,US
1388,2001,,US
122,1998,,US
122,2000,,US
1357,1970,,US
201,2003,,US
201,2006,0.88,US
201,2007,0.82,US
201,2008,0.84,US
201,2009,0.58,US
201,2010,0.64,US
201,2011,0.76,US
201,2012,0.85,US
201,2013,0.97,US
201,2014,1.0,US
201,2015,0.9,US
201,2016,,US
1666,1993,,US
1666,1994,,US
1666,1995,,US
1666,1996,,US
1666,1997,,US
1666,1998,,US
1666,1999,,US
1666,2000,,US
1666,2001,,US
1666,2002,,US
1666,2003,,US
1666,2004,,US
1666,2005,,US
1666,2006,0.23,US
1666,2007,0.21,US
1666,2008,0.29,US
1666,2009,0.33,US
1666,2010,0.46,US
1666,2011,0.42,US
1666,2012,0.36,US
1666,2013,0.4,US
1666,2014,0.45,US
1666,2015,0.32,US
1666,2016,0.39,US
1664,1993,,US
1664,1994,,US
1664,1995,,US
1664,1996,,US
1664,1997,,US
1664,1998,,US
1664,1999,,US
1664,2000,,US
1664,2001,,US
1664,2002,,US
1664,2003,,US
1664,2004,,US
1664,2005,,US
1664,2006,0.24,US
1664,2007,0.22,US
1664,2008,0.29,US
1664,2009,0.36,US
1664,2010,0.09,US
1664,2011,0.37,US
1664,2012,0.28,US
1664,2013,0.19,US
1664,2014,0.33,US
1664,2015,0.44,US
1664,2016,0.37,US
79,1984,,US
79,1985,,US
79,1986,,US
79,1987,,US
79,1988,,US
79,1989,,US
79,1990,,US
79,1991,,US
79,1992,,US
79,1993,,US
79,1994,,US
79,1995,,US
79,1996,,US
79,1997,,US
79,1998,,US
79,1999,,US
79,2000,,US
79,2001,,US
79,2002,,US
79,2003,,US
79,2004,,US
79,2005,,US
79,2006,0.05,US
79,2007,0.1,US
79,2008,0.05,US
79,2009,0.05,US
79,2010,0.05,US
79,2011,0.05,US
79,2012,0.05,US
79,2013,0.05,US
79,2014,0.05,US
79,2015,0.1,US
79,2016,0.1,US
79,2017,0.2,US
79,2018,0.2,US
79,2019,0.2,US
79,2020,0.2,US
79,2021,,US
79,2022,0.2,US
79,2023,0.2,US
79,2024,0.15,US
79,2025,0.15,US
1667,1994,,US
1667,1995,,US
1667,1996,,US
1667,1997,,US
1667,1998,,US
1667,1999,,US
1667,2000,,US
1667,2001,,US
1667,2002,,US
1667,2003,,US
1667,2004,,US
1667,2005,,US
1667,2006,0.3,US
1667,2007,0.48,US
1667,2008,0.27,US
1667,2009,0.44,US
1667,2010,0.78,US
1667,2011,0.46,US
1667,2012,0.57,US
1667,2013,0.42,US
1667,2014,0.43,US
1667,2015,0.54,US
1667,2016,0.46,US
107,1965,,US
107,1966,,US
107,1967,,US
107,1968,,US
3295,1990,,US
3295,1991,,US
3295,1992,,US
3295,1993,,US
3295,1994,,US
3295,1995,,US
3295,1996,,US
3295,1997,,US
3295,1998,,US
3295,1999,,US
3295,2000,,US
3295,2001,,US
3295,2002,,US
3295,2003,,US
3295,2004,,US
3295,2005,,US
3295,2006,0.05,US
3295,2007,0.05,US
3295,2008,0.05,US
3295,2009,0.05,US
3295,2010,0.05,US
3295,2011,0.05,US
3295,2012,0.05,US
3295,2013,0.05,US
3295,2014,0.05,US
3295,2015,0.1,US
3295,2016,0.1,US
3295,2017,0.2,US
3295,2018,0.15,US
3295,2019,0.15,US
3295,2020,0.15,US
3295,2021,,US
3295,2022,0.15,US
3295,2023,0.15,US
3295,2024,0.15,US
3295,2025,0.15,US
1665,1993,,US
1665,1994,,US
1665,1995,,US
1665,1996,,US
1665,1997,,US
1665,1998,,US
1665,1999,,US
1665,2000,,US
1665,2001,,US
1665,2002,,US
1665,2003,,US
1665,2004,,US
1665,2005,,US
1665,2006,0.4,US
1665,2007,0.55,US
1665,2008,0.37,US
1665,2009,0.56,US
1665,2010,0.73,US
1665,2011,0.32,US
1665,2012,0.38,US
1665,2013,0.51,US
1665,2014,0.55,US
1665,2015,0.8,US
1665,2016,0.36,US
205,1953,,US
205,1955,,US
205,1956,,US
205,1957,,US
205,1958,,US
205,1959,0.23,US
205,1960,0.23,US
205,1961,0.23,US
205,1962,0.23,US
205,1963,0.23,US
205,1964,0.23,US
205,1965,0.23,US
205,1966,0.23,US
205,1967,0.23,US
205,1968,0.23,US
205,1969,0.23,US
205,1970,0.23,US
205,1971,0.23,US
205,1972,0.23,US
205,1973,0.23,US
205,1974,0.23,US
205,1975,0.23,US
205,1976,0.23,US
205,1977,0.23,US
205,1978,0.23,US
205,1979,0.23,US
205,1980,0.23,US
205,1981,0.23,US
205,1982,0.23,US
205,1983,0.23,US
205,1984,0.23,US
205,1985,0.23,US
205,1986,0.23,US
205,1987,0.23,US
205,1988,0.23,US
205,1989,0.23,US
205,1990,0.23,US
205,1991,0.23,US
205,1992,0.23,US
205,1993,0.23,US
205,1994,0.23,US
205,1995,0.23,US
205,1996,0.23,US
205,1997,0.23,US
205,1998,0.23,US
205,1999,0.23,US
205,2000,0.23,US
205,2001,0.23,US
205,2002,0.23,US
205,2003,0.23,US
205,2004,0.23,US
205,2005,0.23,US
205,2006,0.23,US
205,2007,0.23,US
205,2008,0.23,US
205,2009,0.23,US
205,2010,0.23,US
205,2011,0.23,US
205,2012,0.23,US
205,2013,0.23,US
205,2014,0.23,US
205,2015,0.23,US
205,2016,0.23,US
205,2017,0.23,US
205,2018,0.23,US
205,2019,0.23,US
205,2020,0.23,US
205,2021,0.23,US
205,2022,0.23,US
205,2023,0.23,US
205,2024,,US
205,2025,,US
218,2005,0.26,US
218,2006,0.26,US
218,2007,0.26,US
218,2008,0.26,US
218,2009,0.26,US
218,2010,0.26,US
218,2011,0.26,US
218,2012,0.26,US
218,2013,0.26,US
218,2014,0.26,US
218,2015,0.26,US
218,2016,0.26,US
218,2017,0.26,US
218,2018,0.26,US
218,2019,0.26,US
218,2020,0.26,US
218,2021,0.26,US
218,2022,0.26,US
218,2023,0.26,US
218,2024,,US
218,2025,,US
3941,1984,,US
3941,1985,,US
3941,1986,,US
3941,1987,,US
3941,1988,,US
3941,1989,,US
3941,1990,,US
3941,1991,,US
3941,1992,,US
3941,1993,,US
1335,1970,,US
1336,1970,,US
1337,1970,,US
1338,1970,,US
1339,1970,,US
1340,1970,,US
183,1981,,US
183,1982,,US
183,1983,,US
124,1946,0.45,US
124,1947,0.45,US
124,1948,0.45,US
124,1949,0.45,US
124,1950,0.45,US
124,1951,0.45,US
124,1952,0.45,US
124,1953,0.45,US
124,1954,0.45,US
124,1955,0.45,US
124,1956,0.45,US
124,1957,0.45,US
124,1958,0.45,US
124,1959,0.45,US
124,1960,0.45,US
124,1961,0.45,US
124,1962,0.45,US
124,1963,0.45,US
124,1964,0.45,US
124,1965,0.45,US
124,1966,0.45,US
124,1967,0.45,US
124,1968,0.45,US
124,1969,0.45,US
124,1970,0.45,US
124,1971,0.45,US
124,1972,0.45,US
124,1973,0.45,US
124,1974,0.45,US
124,1975,0.45,US
124,1976,0.45,US
124,1977,0.45,US
124,1978,0.45,US
124,1979,0.45,US
124,1980,0.45,US
124,1981,0.45,US
124,1982,0.45,US
124,1983,0.45,US
124,1984,0.45,US
124,1985,0.45,US
124,1986,0.45,US
124,1987,0.45,US
124,1988,0.45,US
124,1989,0.45,US
124,1990,0.45,US
124,1991,0.45,US
124,1992,0.45,US
124,1993,0.45,US
124,1994,0.45,US
124,1995,0.45,US
124,1996,0.45,US
124,1997,0.45,US
124,1998,0.45,US
124,1999,0.45,US
124,2000,0.45,US
124,2001,0.45,US
124,2002,0.45,US
124,2003,0.45,US
124,2004,0.45,US
124,2005,0.45,US
124,2006,0.45,US
124,2007,0.45,US
124,2008,0.45,US
124,2009,0.45,US
124,2010,0.45,US
124,2011,0.45,US
124,2012,0.45,US
124,2013,0.45,US
124,2014,0.45,US
124,2015,0.45,US
124,2016,0.45,US
124,2017,0.45,US
124,2018,0.45,US
124,2019,0.45,US
124,2020,0.45,US
124,2021,0.45,US
124,2022,0.45,US
124,2023,0.45,US
124,2024,,US
124,2025,,US
150,1973,,US
150,1974,,US
3924,1974,,US
3924,1975,,US
89,1988,,US
89,1989,,US
89,1990,,US
184,1981,,US
184,1982,,US
184,1983,,US
78,1986,,US
78,1987,,US
94,1966,0.23,US
94,1967,0.23,US
94,1968,0.23,US
94,1969,0.23,US
94,1970,0.23,US
94,1971,0.23,US
94,1972,0.23,US
94,1973,0.23,US
94,1974,0.23,US
94,1975,0.23,US
94,1976,0.23,US
94,1977,0.23,US
94,1978,0.23,US
94,1979,0.23,US
94,1980,0.23,US
94,1981,0.23,US
94,1982,0.23,US
94,1983,0.23,US
94,1984,0.23,US
94,1985,0.23,US
94,1986,0.23,US
94,1987,0.23,US
94,1988,0.23,US
94,1989,0.23,US
94,1990,0.23,US
94,1991,0.23,US
94,1992,0.23,US
94,1993,0.23,US
94,1994,0.23,US
94,1995,0.23,US
94,1996,0.23,US
94,1997,0.23,US
94,1998,0.23,US
94,1999,0.23,US
94,2000,0.23,US
94,2001,0.23,US
94,2002,0.23,US
94,2003,0.23,US
94,2004,0.23,US
94,2005,0.23,US
94,2006,0.23,US
94,2007,0.23,US
94,2008,0.23,US
94,2009,0.23,US
94,2010,0.23,US
94,2011,0.23,US
94,2012,0.23,US
94,2013,0.23,US
94,2014,0.23,US
94,2015,0.23,US
94,2016,0.23,US
94,2017,0.23,US
94,2018,0.23,US
94,2019,0.23,US
94,2020,0.23,US
94,2021,0.23,US
94,2022,0.23,US
94,2023,0.23,US
94,2024,,US
94,2025,,US
1381,2009,,US
1381,2010,,US
1381,2011,,US
75,1984,,US
75,1985,,US
75,1986,,US
75,1987,,US
75,1988,,US
75,1989,,US
75,1990,,US
75,1991,,US
75,1992,,US
75,1993,,US
75,1994,,US
75,1995,,US
75,1996,,US
75,1997,,US
75,1998,,US
75,1999,,US
75,2000,,US
75,2001,,US
75,2002,,US
75,2003,,US
75,2004,,US
75,2005,,US
75,2006,0.05,US
75,2007,0.05,US
75,2008,0.05,US
75,2009,0.05,US
75,2010,0.05,US
75,2011,0.05,US
75,2012,0.05,US
75,2013,0.05,US
75,2014,0.05,US
75,2015,0.1,US
75,2016,0.1,US
75,2017,0.2,US
75,2018,0.2,US
75,2019,0.2,US
818,2017,0.03,UZ
818,2018,0.03,UZ
818,2019,0.03,UZ
818,2020,0.03,UZ
818,2021,0.03,UZ
818,2022,0.03,UZ
818,2023,,UZ
818,2024,,UZ
818,2025,,UZ
165854,2018,0.03,UZ
165854,2019,0.03,UZ
165854,2020,0.03,UZ
165854,2021,0.03,UZ
165854,2022,0.03,UZ
165854,2023,0.03,UZ
165854,2024,,UZ
165854,2025,,UZ
